age,monthly_income,employment_years,existing_emi,credit_history_years,num_existing_loans,savings_balance,past_defaults,loan_amount,loan_term_months,purpose,debt_to_income,defaulted
59,35300.0,0.4,16500.0,10.5,0,9500.0,0,203000.0,60,home_improvement,0.571,1
49,42600.0,4.8,16400.0,9.8,4,35500.0,0,192000.0,36,home_improvement,0.52,0
35,45100.0,10.7,15100.0,12.5,0,58800.0,1,269000.0,36,business,0.514,0
63,50900.0,2.2,2800.0,0.3,0,7500.0,0,145000.0,48,vehicle,0.119,0
28,12000.0,4.0,2700.0,1.3,2,2100.0,0,104000.0,12,home_improvement,1.005,1
41,47300.0,5.1,9700.0,1.2,2,17100.0,0,291000.0,36,medical,0.39,0
59,33500.0,2.7,13200.0,8.7,1,19200.0,0,129000.0,36,vehicle,0.51,0
39,29200.0,11.7,1800.0,6.6,4,272800.0,0,125000.0,24,personal,0.254,0
43,57400.0,2.3,18000.0,0.7,0,3500.0,0,38000.0,48,personal,0.328,0
31,77700.0,0.7,41200.0,0.6,0,72100.0,1,235000.0,48,business,0.598,1
31,54700.0,0.8,18800.0,2.6,0,96700.0,0,154000.0,24,vehicle,0.47,0
44,31800.0,11.1,5200.0,0.8,1,2500.0,0,222000.0,12,medical,0.792,1
56,24700.0,22.1,7200.0,2.6,1,6100.0,0,167000.0,36,personal,0.494,0
60,12000.0,1.7,2200.0,7.4,0,16700.0,0,281000.0,24,medical,1.237,0
44,43600.0,0.8,5000.0,2.8,2,7900.0,0,191000.0,12,medical,0.509,0
23,52100.0,3.3,14400.0,5.2,0,17700.0,0,274000.0,36,personal,0.434,1
42,38300.0,6.2,15500.0,1.2,1,20900.0,0,245000.0,36,vehicle,0.597,0
22,61100.0,4.7,8800.0,1.2,4,17400.0,1,197000.0,48,home_improvement,0.217,1
44,22200.0,15.1,8300.0,3.6,0,14500.0,0,123000.0,24,home_improvement,0.623,0
64,37200.0,8.5,14000.0,7.7,0,19700.0,0,334000.0,24,medical,0.78,1
50,35900.0,10.2,14000.0,3.0,1,4200.0,0,104000.0,24,vehicle,0.52,1
58,38200.0,3.9,4600.0,0.9,1,33800.0,0,123000.0,36,personal,0.217,1
22,67900.0,2.0,16900.0,1.0,2,28600.0,0,116000.0,36,medical,0.3,0
41,38300.0,6.0,10300.0,3.8,2,44100.0,0,365000.0,36,home_improvement,0.555,1
53,35100.0,2.9,11800.0,0.4,0,12300.0,0,87000.0,36,business,0.411,0
32,26300.0,1.7,12300.0,0.3,1,1700.0,0,154000.0,24,personal,0.731,1
42,73000.0,0.8,28400.0,0.4,0,38900.0,0,134000.0,36,business,0.444,0
64,21100.0,3.8,5500.0,2.0,2,57800.0,0,99000.0,36,personal,0.401,0
45,31300.0,4.5,11300.0,1.8,0,3700.0,0,89000.0,48,medical,0.425,0
47,86000.0,4.2,19900.0,0.0,2,2300.0,0,283000.0,12,personal,0.528,0
62,49500.0,0.6,4100.0,0.7,0,7000.0,0,247000.0,36,business,0.233,0
48,39800.0,4.2,4300.0,1.7,1,700.0,0,151000.0,36,business,0.222,0
36,40500.0,0.9,14200.0,2.2,2,13500.0,0,141000.0,24,personal,0.507,1
35,26200.0,5.4,3600.0,2.1,2,28900.0,0,119000.0,36,vehicle,0.274,0
64,38900.0,2.8,9600.0,1.5,2,7700.0,1,73000.0,48,personal,0.289,1
23,34300.0,9.4,7100.0,6.7,0,8000.0,0,215000.0,48,personal,0.348,0
57,43500.0,7.5,7300.0,2.2,2,28500.0,0,100000.0,36,medical,0.237,0
27,20400.0,6.4,2400.0,4.1,0,10100.0,0,45000.0,60,personal,0.157,0
41,48000.0,6.0,6900.0,7.1,1,12900.0,0,85000.0,48,education,0.184,0
29,63400.0,4.1,32400.0,7.7,2,76800.0,0,244000.0,24,vehicle,0.684,0
59,36600.0,0.3,5900.0,7.8,1,13500.0,0,207000.0,48,medical,0.288,0
38,53700.0,5.3,10200.0,2.7,2,27300.0,0,150000.0,24,personal,0.316,0
24,46200.0,3.1,19000.0,4.3,2,13600.0,0,281000.0,48,home_improvement,0.548,0
45,30500.0,3.2,4400.0,1.5,0,16700.0,0,95000.0,24,personal,0.284,0
34,24900.0,2.4,7200.0,7.9,1,2000.0,0,204000.0,60,vehicle,0.437,1
29,26500.0,13.2,9200.0,1.0,1,600.0,0,266000.0,36,education,0.648,0
46,45800.0,1.4,500.0,6.2,0,8000.0,0,79000.0,48,personal,0.05,0
22,39100.0,1.9,10400.0,2.5,2,47000.0,0,99000.0,36,vehicle,0.342,0
40,71200.0,16.5,18400.0,1.4,2,21500.0,0,568000.0,36,home_improvement,0.498,0
48,57300.0,8.3,25800.0,1.9,0,10600.0,0,104000.0,24,medical,0.532,0
27,57200.0,0.1,8400.0,3.5,1,23500.0,0,147000.0,24,vehicle,0.262,0
64,45200.0,11.8,3100.0,10.6,1,7800.0,0,146000.0,48,vehicle,0.141,0
28,26000.0,1.3,2300.0,0.4,3,25200.0,0,173000.0,24,education,0.388,1
55,46500.0,6.1,10000.0,10.1,1,5100.0,0,121000.0,48,education,0.274,0
34,41300.0,4.0,8400.0,6.8,1,6900.0,0,109000.0,48,vehicle,0.263,0
37,24000.0,3.8,1100.0,3.5,1,3400.0,0,773000.0,36,home_improvement,1.012,1
56,69200.0,6.3,11900.0,0.6,1,3500.0,1,114000.0,36,education,0.221,1
60,65900.0,1.2,33300.0,6.7,0,7500.0,0,195000.0,48,business,0.572,0
24,24000.0,0.9,2900.0,4.7,1,78200.0,0,119000.0,12,home_improvement,0.567,0
22,30100.0,5.3,13600.0,2.8,1,13100.0,0,171000.0,24,business,0.707,0
26,31300.0,1.7,9400.0,8.7,4,11100.0,0,348000.0,60,business,0.5,0
62,52800.0,18.2,17700.0,4.4,1,71700.0,0,129000.0,36,vehicle,0.409,0
24,50100.0,3.0,11100.0,1.4,1,3600.0,0,94000.0,36,personal,0.278,0
49,40900.0,0.6,17100.0,0.2,0,5200.0,0,170000.0,24,business,0.605,1
38,45400.0,5.8,15000.0,5.7,0,7700.0,0,801000.0,24,vehicle,1.124,1
46,22500.0,1.8,7400.0,1.2,1,17800.0,0,37000.0,48,vehicle,0.366,1
64,47600.0,0.8,4800.0,1.3,2,139600.0,0,444000.0,36,medical,0.381,1
54,38400.0,2.7,8300.0,2.4,0,173500.0,0,79000.0,48,personal,0.262,0
30,29600.0,16.7,2400.0,5.5,2,12200.0,0,99000.0,12,personal,0.382,0
56,20100.0,2.7,2800.0,10.3,0,4000.0,0,167000.0,36,medical,0.389,0
34,40600.0,2.1,14800.0,1.0,2,5900.0,0,174000.0,48,home_improvement,0.461,0
51,47100.0,2.9,17000.0,8.5,1,7200.0,0,385000.0,36,vehicle,0.606,1
35,18700.0,0.1,4900.0,3.7,0,65300.0,0,61000.0,24,vehicle,0.409,0
28,40500.0,0.7,8800.0,7.7,0,36400.0,0,310000.0,24,personal,0.562,0
34,42400.0,9.5,15000.0,7.5,3,21500.0,0,189000.0,24,business,0.554,0
43,31300.0,19.1,5300.0,2.0,1,2300.0,0,228000.0,48,home_improvement,0.333,1
60,47600.0,0.9,13600.0,4.5,1,31100.0,1,158000.0,24,home_improvement,0.435,1
41,37800.0,3.8,1100.0,11.7,2,1000.0,0,43000.0,36,business,0.063,0
36,45600.0,17.0,4700.0,4.5,1,4400.0,0,296000.0,12,personal,0.687,0
38,51000.0,0.9,9100.0,2.5,1,7600.0,1,70000.0,12,personal,0.302,0
44,51100.0,1.0,18700.0,1.9,0,39800.0,0,117000.0,24,home_improvement,0.469,0
46,63400.0,13.1,10700.0,0.6,1,40500.0,0,311000.0,36,medical,0.316,0
45,46700.0,6.1,9600.0,26.9,1,10900.0,0,71000.0,48,personal,0.24,0
61,32400.0,0.8,17900.0,4.3,1,5800.0,0,118000.0,12,medical,0.88,0
49,30000.0,2.5,16200.0,1.3,0,18400.0,0,405000.0,36,personal,0.945,1
35,24900.0,0.3,8200.0,0.3,2,7300.0,1,154000.0,48,education,0.468,0
21,43000.0,2.8,21000.0,5.6,2,12700.0,0,176000.0,48,vehicle,0.58,1
45,72700.0,7.5,33800.0,7.7,2,8900.0,0,126000.0,24,personal,0.543,1
27,34200.0,4.0,6300.0,2.2,0,22600.0,0,121000.0,12,vehicle,0.503,0
29,49100.0,5.2,20000.0,12.5,3,4400.0,0,269000.0,36,personal,0.572,1
44,28600.0,2.0,6200.0,1.6,0,7900.0,0,107000.0,24,personal,0.385,1
21,43800.0,0.9,7600.0,5.6,1,2600.0,0,171000.0,36,medical,0.291,0
64,70700.0,0.1,26700.0,1.2,0,6000.0,0,421000.0,24,business,0.646,1
28,54700.0,8.6,22900.0,1.6,1,24400.0,0,127000.0,24,vehicle,0.523,0
44,19800.0,5.1,3700.0,3.7,0,12000.0,0,80000.0,48,business,0.278,1
31,51900.0,1.3,10100.0,0.1,0,400.0,1,318000.0,24,education,0.47,1
37,53000.0,2.7,10700.0,0.9,0,11500.0,0,322000.0,60,personal,0.311,0
28,43400.0,8.1,5200.0,0.8,0,12100.0,0,75000.0,48,business,0.159,0
55,54200.0,3.9,11500.0,1.6,1,56800.0,0,302000.0,60,personal,0.312,0
55,27600.0,1.8,6100.0,6.0,3,18000.0,0,289000.0,36,home_improvement,0.535,0
53,41300.0,1.6,7800.0,9.5,1,135100.0,0,36000.0,48,home_improvement,0.208,0
25,66100.0,1.2,22700.0,0.1,2,47600.0,0,174000.0,24,vehicle,0.462,0
62,63500.0,8.7,15800.0,1.2,0,3600.0,0,198000.0,60,education,0.305,0
59,51400.0,4.4,4900.0,0.1,0,206800.0,0,202000.0,24,personal,0.272,0
61,27000.0,6.2,6300.0,7.9,0,8600.0,0,478000.0,12,education,1.827,1
48,25100.0,9.8,9400.0,0.9,2,7900.0,0,293000.0,48,vehicle,0.637,1
27,42300.0,21.7,15500.0,5.9,1,3100.0,0,232000.0,36,personal,0.531,0
29,43500.0,1.4,8800.0,0.1,0,4000.0,0,150000.0,36,medical,0.306,0
28,38400.0,1.0,9700.0,2.0,0,600.0,0,665000.0,24,vehicle,1.032,0
32,27900.0,3.1,7000.0,1.8,0,31200.0,1,214000.0,60,medical,0.389,0
54,48900.0,0.2,14600.0,1.6,3,46100.0,0,193000.0,60,personal,0.37,0
53,42200.0,7.8,17000.0,3.4,1,22000.0,0,70000.0,48,medical,0.44,0
43,45700.0,10.8,16000.0,2.0,0,12500.0,0,131000.0,36,personal,0.436,0
44,52400.0,5.8,9100.0,2.1,2,6300.0,0,139000.0,24,business,0.293,0
57,35500.0,1.6,10100.0,0.8,0,14500.0,0,336000.0,48,medical,0.497,1
55,32200.0,0.7,2000.0,2.1,2,12600.0,1,168000.0,60,education,0.156,1
64,66100.0,2.4,24700.0,5.4,2,44700.0,0,115000.0,24,home_improvement,0.452,0
60,28500.0,9.0,13700.0,1.6,1,15400.0,1,198000.0,36,vehicle,0.689,1
42,32500.0,2.1,13300.0,7.8,1,4900.0,0,388000.0,12,business,1.484,0
47,69900.0,0.2,5500.0,0.7,1,21400.0,0,416000.0,48,personal,0.213,0
55,31400.0,1.6,11900.0,7.5,1,7700.0,0,197000.0,48,home_improvement,0.52,1
21,38400.0,23.0,14300.0,3.8,0,38100.0,0,112000.0,24,personal,0.504,0
55,33300.0,5.6,6900.0,2.2,1,14300.0,0,106000.0,24,vehicle,0.35,1
57,18000.0,11.6,3000.0,0.1,0,102100.0,1,149000.0,36,home_improvement,0.415,1
34,38000.0,7.5,7300.0,0.5,3,17200.0,0,140000.0,36,medical,0.303,0
23,25500.0,3.9,6000.0,2.1,0,107900.0,0,134000.0,48,personal,0.354,0
21,45000.0,0.8,6300.0,8.4,0,13700.0,0,256000.0,12,personal,0.652,0
25,66000.0,2.1,19900.0,12.6,0,34400.0,0,253000.0,12,home_improvement,0.647,0
46,14800.0,4.4,4700.0,10.6,1,12200.0,0,165000.0,36,home_improvement,0.652,0
34,33400.0,10.2,8100.0,1.3,0,5800.0,0,97000.0,24,education,0.373,0
59,49200.0,1.6,3200.0,1.2,0,4000.0,0,317000.0,36,home_improvement,0.258,0
47,15000.0,0.6,4500.0,5.4,0,21100.0,0,325000.0,12,vehicle,2.25,1
29,73200.0,4.1,33000.0,11.3,3,26800.0,0,101000.0,36,vehicle,0.492,0
35,47600.0,1.0,9600.0,0.6,1,4900.0,0,483000.0,12,personal,1.115,1
35,65300.0,4.7,45200.0,1.9,1,5300.0,0,257000.0,60,business,0.763,0
46,31100.0,1.5,5700.0,7.2,0,72100.0,0,147000.0,24,personal,0.396,0
62,32900.0,1.3,4000.0,2.7,1,69200.0,0,140000.0,48,education,0.217,0
33,37300.0,2.5,16100.0,7.4,1,30200.0,0,181000.0,24,vehicle,0.65,0
52,105100.0,4.5,7000.0,0.5,0,27900.0,0,282000.0,24,vehicle,0.187,0
59,72600.0,3.9,10000.0,6.0,2,47600.0,0,572000.0,12,education,0.847,0
52,42600.0,1.4,1500.0,2.0,3,76200.0,0,163000.0,48,business,0.121,0
24,45000.0,11.1,14100.0,4.7,0,28300.0,0,172000.0,24,personal,0.485,0
50,53400.0,0.6,14400.0,1.4,2,53200.0,0,375000.0,48,education,0.428,0
57,117700.0,0.2,32800.0,4.7,1,5400.0,0,270000.0,12,personal,0.485,0
43,47700.0,4.6,4200.0,4.8,3,5600.0,0,268000.0,60,medical,0.189,0
59,41000.0,0.7,10500.0,2.2,1,39700.0,0,369000.0,36,business,0.526,1
35,34500.0,3.5,4900.0,13.9,0,4200.0,0,248000.0,48,vehicle,0.304,1
63,44600.0,15.2,23200.0,0.0,1,57100.0,0,273000.0,12,vehicle,1.071,1
49,30800.0,6.0,4900.0,4.5,2,4900.0,0,96000.0,36,personal,0.253,0
56,50200.0,4.8,25200.0,9.6,0,27600.0,0,135000.0,60,medical,0.55,0
33,21100.0,4.3,13700.0,7.8,0,16100.0,0,188000.0,36,business,0.917,0
52,35700.0,1.0,16200.0,3.3,1,5400.0,0,70000.0,48,education,0.498,1
27,55900.0,2.8,21700.0,9.0,1,13600.0,0,111000.0,36,personal,0.448,0
42,47400.0,2.1,7000.0,0.5,1,13200.0,0,240000.0,60,personal,0.239,0
48,32600.0,15.3,7800.0,3.1,1,20200.0,0,72000.0,12,business,0.438,0
22,36200.0,1.4,15400.0,15.9,0,3600.0,1,398000.0,60,personal,0.623,0
62,64000.0,3.2,8600.0,19.1,1,21500.0,0,117000.0,36,personal,0.189,0
26,23300.0,13.9,1200.0,4.5,2,28900.0,0,178000.0,48,vehicle,0.223,1
48,23300.0,7.8,8800.0,0.7,0,64200.0,0,151000.0,12,vehicle,0.961,0
48,26400.0,16.7,7400.0,0.5,0,2600.0,0,178000.0,60,personal,0.402,0
64,39900.0,4.7,6600.0,10.2,2,27700.0,0,127000.0,36,business,0.261,0
64,21800.0,2.0,900.0,8.5,3,7400.0,0,349000.0,36,home_improvement,0.522,0
40,61600.0,8.8,11700.0,1.5,0,63700.0,0,210000.0,36,personal,0.292,0
50,26500.0,1.7,4900.0,10.7,2,8300.0,0,71000.0,48,business,0.245,0
31,44400.0,0.9,11500.0,0.6,1,12300.0,0,283000.0,48,vehicle,0.402,0
48,30900.0,6.1,13300.0,1.4,1,47700.0,0,152000.0,12,home_improvement,0.873,0
45,39000.0,5.1,17200.0,4.1,2,6700.0,0,312000.0,12,home_improvement,1.161,1
59,19500.0,10.6,3100.0,0.7,1,2700.0,0,218000.0,36,vehicle,0.494,0
53,63000.0,16.3,40000.0,18.1,1,300.0,0,160000.0,60,vehicle,0.681,0
21,26000.0,9.7,4300.0,1.0,1,12700.0,0,114000.0,36,personal,0.297,0
47,24800.0,0.3,4500.0,1.1,0,900.0,0,94000.0,12,business,0.523,0
33,117100.0,5.5,7200.0,2.6,0,2100.0,0,123000.0,36,personal,0.093,0
61,51500.0,7.7,8600.0,6.0,1,9100.0,0,111000.0,24,personal,0.264,0
23,61900.0,20.1,14900.0,0.5,1,26400.0,0,56000.0,60,personal,0.257,0
59,49300.0,2.3,15000.0,4.4,0,8700.0,0,132000.0,60,vehicle,0.352,0
26,32700.0,0.9,16300.0,0.4,1,2700.0,0,164000.0,12,business,0.95,0
28,22300.0,9.6,5300.0,0.4,0,7800.0,0,241000.0,24,education,0.724,1
47,35100.0,1.9,12700.0,0.2,1,900.0,0,231000.0,36,home_improvement,0.559,0
29,25800.0,4.6,8100.0,3.1,3,16600.0,0,102000.0,36,vehicle,0.433,0
57,26600.0,2.5,5300.0,2.3,0,137800.0,0,384000.0,24,personal,0.849,0
53,19700.0,2.6,10500.0,1.5,0,63900.0,0,235000.0,36,personal,0.891,1
62,42300.0,6.6,14600.0,3.0,2,3400.0,0,154000.0,24,personal,0.509,0
64,81500.0,2.2,22000.0,2.8,2,3200.0,0,287000.0,36,education,0.376,0
44,51600.0,5.9,15700.0,2.6,0,2700.0,0,155000.0,36,home_improvement,0.394,0
35,38300.0,0.1,3900.0,0.8,0,2800.0,0,454000.0,60,vehicle,0.315,0
52,39400.0,2.0,3600.0,9.1,3,3800.0,0,363000.0,12,education,0.921,1
52,12000.0,1.9,4300.0,3.9,2,4600.0,0,111000.0,60,business,0.525,1
44,33200.0,6.9,3900.0,0.5,2,25700.0,0,280000.0,12,home_improvement,0.876,0
61,21100.0,1.9,6500.0,1.2,2,42000.0,0,96000.0,12,personal,0.718,0
32,42600.0,5.0,10100.0,5.8,3,3800.0,0,169000.0,24,personal,0.416,0
59,35700.0,5.8,7600.0,6.0,1,2000.0,0,260000.0,36,personal,0.431,0
22,27100.0,5.4,6800.0,5.2,1,35800.0,0,176000.0,36,personal,0.446,1
23,42200.0,4.6,2900.0,6.3,0,44400.0,0,172000.0,36,education,0.191,0
57,42000.0,2.7,20800.0,3.6,0,68600.0,0,346000.0,48,home_improvement,0.681,0
37,79500.0,2.3,30700.0,1.4,0,5700.0,0,385000.0,48,business,0.495,0
22,54700.0,4.2,9800.0,1.8,0,3400.0,1,256000.0,60,personal,0.263,0
22,44300.0,0.3,5900.0,2.9,2,36800.0,0,78000.0,60,business,0.165,0
48,26200.0,10.4,4700.0,1.1,0,89500.0,0,85000.0,24,personal,0.325,0
43,24800.0,8.7,15700.0,7.7,5,14600.0,0,125000.0,48,business,0.746,0
57,52500.0,2.1,5800.0,5.5,1,71300.0,0,214000.0,48,personal,0.202,0
52,36700.0,4.2,23500.0,15.6,2,8200.0,0,220000.0,36,personal,0.82,1
53,44900.0,13.5,8200.0,2.1,1,8600.0,0,69000.0,48,education,0.217,0
21,62300.0,1.6,11900.0,8.2,1,71400.0,0,90000.0,48,home_improvement,0.224,0
39,20300.0,6.8,4800.0,6.0,1,15100.0,0,138000.0,36,business,0.44,1
22,75300.0,0.4,6300.0,7.1,2,31700.0,0,161000.0,36,personal,0.148,0
64,62100.0,3.7,31700.0,4.7,1,4100.0,0,201000.0,24,education,0.656,1
46,15900.0,10.8,3100.0,1.7,0,8100.0,0,247000.0,36,vehicle,0.661,1
52,115700.0,4.0,29300.0,1.1,1,2000.0,0,291000.0,48,business,0.31,0
26,46400.0,4.8,8400.0,1.3,1,13400.0,0,114000.0,24,personal,0.292,0
52,32400.0,11.9,14800.0,3.3,1,5600.0,0,140000.0,24,business,0.651,1
24,50700.0,6.3,8500.0,8.5,0,19400.0,0,118000.0,12,personal,0.377,0
31,25900.0,6.0,4600.0,2.4,2,9300.0,0,183000.0,48,business,0.337,0
37,51300.0,4.4,3100.0,3.7,2,123500.0,0,110000.0,24,business,0.157,0
58,28100.0,5.0,9400.0,5.3,1,19300.0,0,132000.0,48,personal,0.44,0
44,99600.0,8.1,37900.0,7.7,2,14900.0,1,447000.0,12,home_improvement,0.784,1
25,41200.0,19.4,10900.0,4.2,1,5600.0,0,247000.0,36,business,0.444,0
54,53800.0,7.9,20700.0,4.0,0,14100.0,0,228000.0,24,home_improvement,0.575,1
26,28200.0,6.1,3200.0,17.6,0,32100.0,0,156000.0,36,personal,0.279,0
42,58000.0,0.7,10900.0,7.9,0,2200.0,0,309000.0,60,personal,0.284,0
31,39900.0,8.5,10100.0,5.3,0,48100.0,0,189000.0,12,vehicle,0.679,0
36,21300.0,6.7,2600.0,7.1,0,38500.0,0,225000.0,36,personal,0.439,0
53,36000.0,7.4,12600.0,30.0,2,18300.0,0,391000.0,48,personal,0.594,0
29,95700.0,1.3,21800.0,2.8,0,51700.0,1,133000.0,36,personal,0.269,1
26,59100.0,11.7,13600.0,4.9,1,5700.0,0,80000.0,60,education,0.254,1
36,33800.0,0.5,10400.0,6.7,0,2000.0,0,262000.0,48,medical,0.482,0
49,17300.0,1.5,1900.0,2.3,1,23200.0,0,123000.0,12,business,0.75,1
23,27600.0,5.4,4400.0,12.4,0,1900.0,0,213000.0,24,medical,0.507,0
40,21300.0,5.6,5200.0,1.9,1,3000.0,0,193000.0,24,home_improvement,0.652,1
56,17500.0,1.9,1300.0,1.1,1,4000.0,0,345000.0,36,personal,0.666,1
39,57200.0,6.0,7800.0,4.5,3,12100.0,0,117000.0,36,education,0.198,0
46,41300.0,2.5,8300.0,0.3,2,8700.0,0,219000.0,24,medical,0.44,0
23,90000.0,0.0,47500.0,0.5,0,3800.0,0,205000.0,36,medical,0.596,1
39,25600.0,0.9,12700.0,14.1,1,153800.0,0,308000.0,24,business,1.037,0
40,40100.0,10.7,6000.0,1.3,4,48200.0,1,78000.0,12,vehicle,0.325,0
52,21400.0,1.3,12200.0,0.1,2,15800.0,1,283000.0,36,medical,0.967,1
27,30700.0,0.6,8700.0,2.6,1,36800.0,0,476000.0,36,vehicle,0.749,1
61,36300.0,5.7,8500.0,8.1,1,11300.0,0,155000.0,36,personal,0.362,0
53,33900.0,2.9,3200.0,1.6,1,109700.0,0,218000.0,36,personal,0.287,0
60,41100.0,8.0,8500.0,2.2,3,272000.0,0,106000.0,36,vehicle,0.284,0
59,62100.0,9.9,7800.0,0.7,1,29200.0,0,149000.0,36,personal,0.198,0
38,59300.0,9.4,12200.0,1.7,3,1300.0,0,430000.0,60,vehicle,0.336,0
60,28400.0,1.9,9100.0,13.5,0,17500.0,0,437000.0,48,personal,0.667,0
21,39600.0,3.5,8200.0,8.4,2,14400.0,0,248000.0,48,home_improvement,0.348,0
31,57400.0,5.3,23200.0,5.4,0,18000.0,1,139000.0,36,education,0.477,0
48,64000.0,1.9,5000.0,6.2,2,51300.0,0,150000.0,36,personal,0.148,0
45,29800.0,0.2,7700.0,4.4,1,6700.0,0,77000.0,12,vehicle,0.491,0
43,55200.0,3.4,10700.0,0.5,2,11100.0,0,74000.0,48,vehicle,0.224,0
51,46600.0,0.1,24900.0,0.5,1,15300.0,0,206000.0,60,education,0.614,1
50,24800.0,15.0,1600.0,3.1,1,7700.0,0,146000.0,60,medical,0.17,0
62,57500.0,8.0,19700.0,3.6,1,29800.0,0,358000.0,24,home_improvement,0.623,0
55,43000.0,1.1,4300.0,14.3,2,3800.0,0,37000.0,60,business,0.115,0
27,18300.0,1.7,2300.0,2.4,1,22400.0,0,236000.0,36,personal,0.513,1
36,35200.0,20.3,8800.0,10.0,1,43700.0,0,337000.0,48,business,0.465,0
46,40900.0,2.3,10600.0,18.6,4,35300.0,0,208000.0,48,vehicle,0.374,0
22,30600.0,7.7,6100.0,7.4,0,12700.0,0,77000.0,60,business,0.245,0
21,69800.0,3.0,41700.0,2.0,1,55400.0,0,86000.0,36,medical,0.634,1
32,70900.0,10.0,6000.0,5.6,0,2300.0,0,106000.0,24,vehicle,0.152,0
25,33800.0,6.1,5600.0,3.2,1,18500.0,0,108000.0,48,vehicle,0.238,1
57,32200.0,0.1,7900.0,0.9,0,442800.0,0,124000.0,24,personal,0.419,0
52,37800.0,1.7,10900.0,0.6,2,75100.0,0,102000.0,24,vehicle,0.41,1
29,36700.0,4.1,7300.0,0.3,0,27700.0,0,145000.0,24,vehicle,0.377,0
61,30700.0,13.0,1500.0,1.6,2,38800.0,0,163000.0,12,personal,0.527,1
55,12000.0,0.5,5200.0,4.7,0,17000.0,0,229000.0,48,personal,0.863,1
39,88400.0,4.6,15500.0,9.8,4,13700.0,0,127000.0,24,personal,0.24,0
36,40100.0,1.8,2600.0,1.5,1,29900.0,0,61000.0,24,education,0.133,0
23,37000.0,11.0,11900.0,3.0,1,24500.0,0,210000.0,48,home_improvement,0.449,1
40,46500.0,7.2,14700.0,2.5,1,62000.0,0,76000.0,12,medical,0.463,1
44,38700.0,2.3,8400.0,0.5,1,13000.0,0,147000.0,24,vehicle,0.388,0
53,33100.0,0.9,1600.0,5.7,2,15600.0,0,103000.0,60,home_improvement,0.104,0
44,25500.0,0.1,1900.0,2.9,0,66500.0,1,181000.0,24,education,0.394,1
31,17500.0,4.9,2300.0,10.0,1,6300.0,0,118000.0,12,medical,0.738,1
28,21800.0,2.6,4900.0,7.2,2,15000.0,0,676000.0,60,business,0.783,1
56,24300.0,1.9,8800.0,1.3,0,47200.0,0,240000.0,36,home_improvement,0.658,0
58,53800.0,21.2,13600.0,1.5,1,4800.0,0,124000.0,48,vehicle,0.305,0
60,55600.0,3.1,9400.0,3.1,0,14200.0,0,70000.0,24,home_improvement,0.226,0
40,27000.0,6.9,3000.0,0.5,2,1300.0,0,262000.0,12,medical,0.984,1
55,12100.0,1.0,4200.0,1.2,0,7500.0,0,99000.0,36,personal,0.593,0
45,40300.0,0.1,4300.0,6.9,0,5200.0,0,47000.0,36,home_improvement,0.142,1
55,33200.0,2.7,3600.0,0.7,1,6900.0,0,116000.0,24,medical,0.266,0
45,32800.0,5.5,4000.0,3.2,2,89000.0,0,132000.0,12,vehicle,0.484,0
49,61700.0,3.5,38600.0,2.0,4,1300.0,0,157000.0,60,business,0.671,1
38,42700.0,11.1,7700.0,0.9,1,38000.0,1,501000.0,24,medical,0.708,1
38,25900.0,2.8,7700.0,14.0,1,8000.0,0,191000.0,48,education,0.463,0
22,23300.0,1.9,2400.0,7.0,1,21200.0,0,181000.0,36,personal,0.336,0
55,35700.0,12.4,7800.0,1.2,1,5100.0,0,198000.0,24,personal,0.468,1
36,26700.0,2.6,6900.0,6.2,1,40800.0,0,142000.0,60,vehicle,0.354,0
61,38800.0,1.6,2600.0,0.0,2,7600.0,0,160000.0,36,personal,0.191,0
56,63700.0,0.5,6300.0,1.3,1,2700.0,1,169000.0,24,education,0.218,1
53,21600.0,7.9,2200.0,0.5,1,11800.0,0,124000.0,48,education,0.231,0
24,41800.0,8.7,11900.0,2.2,2,10000.0,0,247000.0,36,medical,0.462,1
53,60600.0,0.2,27000.0,4.1,3,5500.0,0,170000.0,48,personal,0.509,0
34,38600.0,2.2,7500.0,0.8,0,13300.0,0,214000.0,48,personal,0.319,0
41,55500.0,6.9,6400.0,1.1,3,4400.0,0,93000.0,24,personal,0.191,0
40,35300.0,14.6,8500.0,2.0,1,8000.0,1,174000.0,12,home_improvement,0.684,1
28,43300.0,2.4,13000.0,4.0,1,32600.0,0,340000.0,36,personal,0.536,0
27,48900.0,10.3,12300.0,1.5,1,31700.0,0,177000.0,12,home_improvement,0.577,1
23,31000.0,2.5,6900.0,3.7,2,13900.0,0,501000.0,24,vehicle,0.95,0
37,98300.0,1.0,20400.0,1.7,2,10900.0,0,297000.0,24,medical,0.343,1
53,52000.0,0.0,13900.0,1.2,0,74700.0,0,194000.0,48,personal,0.351,0
32,72100.0,2.0,44600.0,7.7,0,60800.0,0,179000.0,48,business,0.674,0
42,65000.0,2.4,18600.0,1.9,0,13500.0,0,116000.0,12,vehicle,0.447,0
42,46500.0,14.5,26100.0,10.0,1,800.0,0,483000.0,24,business,1.029,0
50,74900.0,1.2,3700.0,1.5,2,34200.0,0,363000.0,48,medical,0.158,0
58,43700.0,2.4,19900.0,3.1,1,10500.0,0,235000.0,24,personal,0.697,0
58,28900.0,0.1,2800.0,0.2,1,7800.0,0,91000.0,24,business,0.239,0
28,40400.0,7.2,10800.0,4.6,3,8500.0,0,176000.0,24,medical,0.463,1
47,25500.0,12.3,16100.0,6.3,1,72100.0,0,341000.0,12,business,1.835,1
47,15600.0,1.4,5100.0,14.2,0,23700.0,0,527000.0,24,personal,1.847,1
54,27300.0,2.8,5600.0,7.2,1,18500.0,0,907000.0,24,medical,1.7,1
41,41500.0,0.7,1400.0,1.5,4,8400.0,0,164000.0,48,personal,0.123,0
50,64700.0,3.1,16900.0,3.3,1,62600.0,0,313000.0,24,medical,0.479,0
53,27300.0,0.7,5000.0,3.6,0,11300.0,0,115000.0,48,home_improvement,0.278,0
48,63200.0,3.7,7500.0,0.2,3,112000.0,0,128000.0,36,business,0.179,0
53,23300.0,6.6,3000.0,0.3,2,15500.0,0,65000.0,12,personal,0.38,0
25,26500.0,4.0,7700.0,1.6,0,59500.0,0,220000.0,24,vehicle,0.664,0
39,77000.0,1.4,39300.0,5.5,1,4700.0,0,459000.0,12,personal,1.047,1
24,41000.0,2.2,5000.0,1.3,0,9800.0,0,161000.0,60,business,0.193,0
55,37100.0,5.1,8200.0,8.3,0,156600.0,0,84000.0,48,education,0.272,0
37,44600.0,4.5,11400.0,4.1,1,90000.0,0,147000.0,24,home_improvement,0.404,0
64,23300.0,0.7,10100.0,2.5,2,75900.0,0,172000.0,24,vehicle,0.766,0
48,34600.0,9.3,20400.0,3.1,0,16700.0,0,166000.0,48,business,0.698,1
50,40200.0,3.2,3400.0,1.6,2,52100.0,0,331000.0,36,home_improvement,0.332,0
49,69900.0,0.9,10300.0,14.6,1,147300.0,1,759000.0,36,personal,0.473,1
26,18900.0,0.7,6400.0,0.8,1,77500.0,0,321000.0,12,business,1.867,1
55,88700.0,16.8,15700.0,7.9,2,12600.0,0,111000.0,60,business,0.2,0
61,37900.0,1.7,16100.0,4.5,0,86200.0,1,72000.0,24,vehicle,0.51,1
57,24300.0,12.0,3700.0,5.0,1,8300.0,0,89000.0,36,vehicle,0.262,0
44,22400.0,2.6,3600.0,7.2,2,2500.0,0,433000.0,60,business,0.509,0
49,45400.0,2.4,7100.0,0.6,0,6800.0,0,122000.0,36,business,0.237,1
51,21900.0,6.0,5100.0,4.8,1,11000.0,1,120000.0,48,business,0.356,0
55,31200.0,0.0,4100.0,6.0,0,23800.0,0,431000.0,60,education,0.38,0
53,35900.0,2.1,4200.0,16.7,1,22400.0,0,57000.0,36,personal,0.165,0
41,67100.0,1.8,6100.0,5.5,0,4600.0,1,135000.0,36,vehicle,0.151,0
52,63500.0,10.1,18300.0,12.1,1,3300.0,0,189000.0,36,personal,0.377,0
43,30100.0,3.8,8100.0,7.6,2,16900.0,0,575000.0,12,education,1.988,1
53,36500.0,2.3,5900.0,8.3,0,1200.0,0,392000.0,12,personal,1.128,0
23,19600.0,1.5,7200.0,10.0,4,44600.0,0,260000.0,36,home_improvement,0.765,0
38,16000.0,4.5,5100.0,3.0,1,12100.0,0,320000.0,36,business,0.919,0
45,23100.0,0.8,2600.0,5.0,2,2700.0,0,133000.0,36,vehicle,0.285,0
62,66500.0,1.4,15100.0,0.5,0,12900.0,0,176000.0,12,vehicle,0.465,0
51,57000.0,1.7,11400.0,1.8,2,26600.0,0,94000.0,60,personal,0.23,0
23,47700.0,4.7,14600.0,8.5,1,21200.0,0,140000.0,60,education,0.359,0
60,20800.0,2.3,1200.0,15.2,1,70000.0,0,141000.0,24,medical,0.363,1
44,29100.0,3.5,7400.0,0.5,1,26500.0,0,251000.0,36,business,0.513,1
52,27300.0,5.3,6800.0,3.5,2,18700.0,0,130000.0,24,vehicle,0.463,0
42,37200.0,15.6,1900.0,5.3,0,10600.0,0,257000.0,24,business,0.362,0
43,36200.0,7.2,2300.0,2.9,2,5600.0,0,311000.0,24,medical,0.45,0
22,25600.0,2.6,1400.0,1.1,4,10000.0,0,311000.0,60,home_improvement,0.273,1
47,47000.0,6.9,3600.0,0.2,1,62600.0,0,148000.0,36,personal,0.171,0
62,44500.0,14.9,11700.0,12.1,2,6500.0,0,84000.0,48,business,0.305,0
22,28900.0,3.5,10700.0,1.1,0,300600.0,0,198000.0,48,business,0.524,0
46,46000.0,2.6,6200.0,1.4,1,5300.0,0,528000.0,48,personal,0.393,0
37,66600.0,0.4,33200.0,4.1,0,59600.0,0,162000.0,24,business,0.608,1
60,76300.0,11.1,7100.0,2.2,1,97400.0,1,225000.0,36,vehicle,0.182,0
53,50100.0,1.4,14300.0,2.2,0,2200.0,0,169000.0,24,personal,0.437,1
29,49400.0,0.3,11900.0,0.3,0,57900.0,0,170000.0,48,business,0.318,0
63,36000.0,3.9,12300.0,19.3,2,9200.0,0,418000.0,48,education,0.603,0
59,63800.0,9.4,5200.0,1.3,0,2000.0,0,187000.0,48,vehicle,0.147,0
49,24800.0,2.6,3500.0,0.5,0,2100.0,1,114000.0,24,vehicle,0.348,1
62,60600.0,7.6,15600.0,4.6,0,42100.0,0,206000.0,48,business,0.334,0
46,35300.0,9.1,5500.0,5.6,1,68300.0,0,281000.0,60,home_improvement,0.299,0
55,78500.0,3.0,6900.0,0.1,1,13300.0,0,286000.0,48,home_improvement,0.17,0
45,52300.0,4.5,5900.0,1.3,2,111500.0,0,81000.0,36,home_improvement,0.159,0
44,38900.0,3.8,2300.0,0.9,1,1700.0,0,142000.0,24,business,0.223,0
33,36100.0,14.0,7300.0,6.2,0,16900.0,0,432000.0,12,vehicle,1.279,0
27,50800.0,6.5,11100.0,0.8,1,29900.0,1,134000.0,36,business,0.298,0
56,49700.0,13.0,4700.0,1.1,0,29500.0,0,135000.0,24,education,0.217,0
40,33500.0,1.2,3100.0,17.3,2,1600.0,0,277000.0,36,medical,0.341,0
21,41800.0,1.9,4100.0,4.8,2,28500.0,0,85000.0,12,vehicle,0.281,0
28,60100.0,0.4,24600.0,2.0,1,12600.0,0,115000.0,24,education,0.495,0
36,21700.0,3.5,1200.0,5.6,3,26700.0,0,75000.0,60,personal,0.118,1
34,55600.0,10.4,8400.0,2.5,0,3200.0,0,109000.0,12,personal,0.328,0
32,50700.0,2.0,8300.0,1.0,1,75900.0,0,220000.0,12,personal,0.554,0
43,68500.0,0.7,33100.0,2.7,1,25100.0,0,48000.0,36,business,0.504,0
35,29100.0,0.4,800.0,5.9,2,20100.0,0,425000.0,48,personal,0.356,0
48,40200.0,3.0,6000.0,0.8,0,42200.0,0,213000.0,12,home_improvement,0.626,0
54,44000.0,0.9,5600.0,2.7,0,40900.0,0,121000.0,60,business,0.177,0
22,56000.0,2.1,10000.0,0.5,2,38500.0,0,68000.0,12,home_improvement,0.288,0
52,48700.0,8.6,19200.0,7.4,1,20800.0,0,141000.0,48,business,0.459,0
43,23000.0,2.4,8100.0,6.8,0,16900.0,0,292000.0,48,personal,0.638,0
42,45800.0,4.7,18400.0,4.5,0,8500.0,0,256000.0,36,vehicle,0.569,0
45,98900.0,3.5,6600.0,10.1,1,6100.0,0,344000.0,36,home_improvement,0.171,0
42,52900.0,6.3,12800.0,2.0,0,11900.0,0,242000.0,48,education,0.345,0
42,83900.0,0.8,23200.0,0.6,1,39800.0,0,254000.0,12,personal,0.549,0
62,64200.0,12.7,11900.0,14.9,1,42700.0,0,262000.0,24,medical,0.369,0
26,74100.0,5.2,5200.0,2.9,1,800.0,0,177000.0,12,personal,0.285,1
35,46100.0,1.6,8900.0,2.6,2,36900.0,0,216000.0,24,medical,0.404,1
63,50800.0,0.7,12100.0,0.3,1,1900.0,0,75000.0,48,home_improvement,0.271,0
57,45000.0,0.8,6900.0,3.4,0,9800.0,0,122000.0,48,personal,0.214,0
53,40200.0,7.6,21300.0,4.1,1,41500.0,0,174000.0,24,personal,0.725,0
28,56000.0,4.4,7600.0,2.6,3,7400.0,0,242000.0,36,business,0.265,0
64,31700.0,2.4,2900.0,9.6,0,8100.0,1,239000.0,36,business,0.318,0
64,93800.0,2.0,30700.0,5.4,2,7800.0,0,108000.0,36,home_improvement,0.362,1
25,26400.0,9.7,3300.0,0.2,1,17200.0,0,208000.0,36,home_improvement,0.361,0
59,57800.0,10.4,37500.0,3.1,0,3800.0,0,98000.0,48,business,0.687,0
24,74600.0,4.4,32000.0,20.3,3,26100.0,0,214000.0,24,vehicle,0.558,0
26,37100.0,3.7,6300.0,0.9,4,50600.0,1,196000.0,24,education,0.408,1
52,24300.0,8.5,5500.0,3.8,2,125200.0,0,299000.0,12,vehicle,1.334,1
50,67500.0,6.9,19300.0,1.3,0,8400.0,0,313000.0,36,business,0.425,0
55,44000.0,2.6,5500.0,1.9,2,74000.0,0,703000.0,48,business,0.484,0
60,57900.0,0.4,20200.0,0.1,3,12700.0,0,45000.0,36,education,0.372,0
36,38200.0,7.3,1700.0,4.7,1,9100.0,0,103000.0,24,personal,0.166,0
33,87500.0,0.9,8700.0,5.8,1,16400.0,0,162000.0,24,personal,0.183,0
62,15500.0,0.1,2500.0,5.9,1,14600.0,0,653000.0,36,personal,1.425,1
50,47500.0,9.3,7700.0,14.1,1,19400.0,0,103000.0,12,education,0.357,1
39,73400.0,4.3,13300.0,7.3,0,2000.0,1,124000.0,36,medical,0.232,0
37,42100.0,11.1,5900.0,0.9,1,15600.0,0,141000.0,24,vehicle,0.291,0
39,46000.0,3.3,4600.0,1.0,1,6500.0,1,132000.0,12,personal,0.358,0
48,33000.0,13.1,10700.0,5.8,0,122800.0,0,191000.0,60,personal,0.428,0
46,40500.0,2.2,6200.0,6.0,4,5300.0,0,187000.0,12,vehicle,0.569,0
57,18900.0,6.4,5500.0,0.5,1,6300.0,0,187000.0,48,education,0.514,1
46,29000.0,1.8,1700.0,0.0,1,6800.0,1,185000.0,60,personal,0.173,1
43,28200.0,0.0,7100.0,2.1,4,10000.0,0,367000.0,36,home_improvement,0.642,0
29,54200.0,2.4,1400.0,4.7,2,29000.0,0,182000.0,60,business,0.086,0
32,31000.0,6.7,6000.0,8.1,1,5400.0,0,71000.0,48,personal,0.245,0
21,31400.0,0.8,5100.0,0.7,0,28800.0,0,156000.0,24,personal,0.386,0
21,33900.0,3.5,6800.0,6.8,1,4100.0,0,160000.0,36,medical,0.342,1
54,28700.0,1.2,5700.0,4.6,1,39100.0,0,337000.0,48,education,0.463,0
52,45300.0,0.4,2900.0,0.7,1,54100.0,0,269000.0,36,vehicle,0.242,0
45,47600.0,4.8,15500.0,8.3,6,2500.0,0,290000.0,36,vehicle,0.508,0
60,58200.0,15.2,5700.0,10.8,2,8000.0,0,271000.0,24,personal,0.307,0
21,53800.0,1.9,9700.0,1.2,0,35600.0,0,187000.0,60,vehicle,0.243,0
36,51500.0,4.3,4100.0,0.6,4,5300.0,0,98000.0,48,home_improvement,0.122,0
59,34600.0,15.4,11600.0,13.7,3,24600.0,0,167000.0,48,business,0.444,1
25,33600.0,5.3,5900.0,0.1,1,5500.0,0,92000.0,24,personal,0.299,1
42,27100.0,5.6,3800.0,11.9,2,30100.0,0,45000.0,36,business,0.19,0
49,26900.0,1.0,4200.0,1.0,2,19800.0,0,178000.0,60,personal,0.275,0
23,43800.0,3.4,19000.0,2.3,0,42300.0,0,291000.0,48,home_improvement,0.583,0
32,29000.0,2.3,5400.0,1.5,2,19100.0,0,98000.0,36,personal,0.288,0
46,77700.0,3.2,33100.0,0.7,3,38700.0,0,71000.0,24,vehicle,0.467,0
36,39500.0,8.1,9100.0,1.7,1,19300.0,0,280000.0,24,vehicle,0.549,0
57,78900.0,3.1,7400.0,3.1,1,18100.0,0,325000.0,48,medical,0.186,0
42,51900.0,0.3,15200.0,0.4,1,149100.0,0,126000.0,12,vehicle,0.511,0
49,28300.0,11.8,15100.0,6.6,2,8700.0,0,74000.0,60,education,0.581,0
34,39000.0,3.9,3200.0,6.4,0,13300.0,0,344000.0,24,business,0.479,1
48,18900.0,12.9,2200.0,6.4,1,7600.0,0,106000.0,24,home_improvement,0.369,0
25,43700.0,4.2,2900.0,4.6,2,9100.0,0,359000.0,12,vehicle,0.806,1
50,29500.0,0.4,3900.0,2.4,1,10100.0,0,108000.0,36,vehicle,0.242,0
25,24300.0,4.0,7100.0,7.2,0,17600.0,0,244000.0,36,vehicle,0.593,1
32,79600.0,4.3,11700.0,7.6,1,11000.0,0,170000.0,36,personal,0.211,1
36,63800.0,1.2,22400.0,1.3,0,29500.0,0,168000.0,36,personal,0.43,1
46,63000.0,3.2,33500.0,2.6,2,11000.0,0,183000.0,24,home_improvement,0.662,1
46,57100.0,3.1,7800.0,0.9,1,31400.0,0,185000.0,36,business,0.234,0
41,23000.0,4.9,8000.0,1.2,2,37300.0,0,207000.0,12,medical,1.158,1
59,33500.0,1.5,8000.0,1.1,2,12400.0,0,129000.0,24,personal,0.412,1
56,34400.0,4.4,5800.0,7.0,0,1800.0,1,533000.0,60,medical,0.447,0
53,18600.0,1.4,3600.0,1.2,3,24200.0,1,47000.0,48,personal,0.25,0
50,31200.0,3.0,5700.0,3.2,0,21900.0,1,319000.0,36,personal,0.489,1
57,31400.0,0.7,5700.0,4.0,1,6400.0,0,185000.0,48,home_improvement,0.314,0
43,42500.0,0.2,2600.0,5.5,2,4100.0,0,68000.0,36,personal,0.109,0
30,125400.0,1.9,38000.0,0.1,0,9900.0,0,256000.0,12,personal,0.487,1
25,39800.0,1.6,7200.0,2.6,1,10000.0,0,227000.0,36,education,0.352,1
56,42500.0,2.6,21200.0,1.4,1,14000.0,0,368000.0,60,personal,0.655,0
54,35900.0,16.3,1900.0,7.2,0,12900.0,0,77000.0,12,home_improvement,0.246,0
51,55900.0,3.7,6000.0,0.1,0,12700.0,0,352000.0,48,personal,0.249,0
30,24800.0,4.0,3500.0,0.9,0,900.0,0,142000.0,36,home_improvement,0.313,1
39,94200.0,14.2,36000.0,1.5,0,45000.0,1,129000.0,24,business,0.444,1
52,38000.0,12.7,8100.0,0.3,1,3800.0,0,176000.0,48,medical,0.317,0
21,33600.0,10.8,2100.0,2.0,2,7400.0,0,412000.0,36,home_improvement,0.43,0
25,62100.0,0.5,22100.0,5.4,2,3100.0,0,269000.0,24,personal,0.551,1
24,26900.0,5.0,6100.0,1.0,0,207200.0,0,165000.0,36,business,0.411,1
36,55500.0,8.3,16100.0,5.6,2,19300.0,0,757000.0,48,vehicle,0.597,0
44,75500.0,9.0,4800.0,3.0,1,10000.0,0,347000.0,48,personal,0.167,0
36,36000.0,4.3,7600.0,1.7,1,3100.0,1,243000.0,60,personal,0.333,1
22,101100.0,0.1,11800.0,1.8,1,23400.0,0,176000.0,12,medical,0.273,1
48,53600.0,18.2,12000.0,0.5,2,10700.0,0,84000.0,24,personal,0.294,0
52,53900.0,3.2,8100.0,1.1,2,14400.0,0,553000.0,24,personal,0.612,1
47,74200.0,2.5,19000.0,5.3,1,45700.0,0,863000.0,24,home_improvement,0.779,0
40,83600.0,2.5,32600.0,7.9,2,2100.0,0,317000.0,36,education,0.504,0
44,45200.0,2.8,11000.0,1.2,2,33500.0,1,138000.0,36,home_improvement,0.335,1
32,57400.0,1.4,10500.0,3.6,1,3400.0,0,148000.0,12,personal,0.415,0
55,75200.0,2.0,13100.0,0.1,0,32600.0,0,112000.0,60,business,0.201,0
53,23800.0,21.1,1400.0,0.3,1,22900.0,0,266000.0,12,vehicle,1.065,0
53,18400.0,2.3,8000.0,13.3,1,800.0,0,182000.0,48,business,0.657,0
63,39100.0,3.7,5200.0,9.1,0,14400.0,0,93000.0,24,business,0.24,1
57,18200.0,9.4,3900.0,0.3,1,4300.0,0,198000.0,12,vehicle,1.193,1
32,34800.0,3.7,20400.0,6.9,1,49700.0,0,83000.0,12,vehicle,0.801,1
23,46200.0,2.0,25800.0,0.4,3,17800.0,0,350000.0,36,home_improvement,0.786,1
21,35500.0,3.7,15400.0,7.1,1,3300.0,0,411000.0,36,home_improvement,0.781,0
53,37700.0,0.6,7100.0,9.8,0,7300.0,0,507000.0,36,personal,0.592,0
60,25600.0,0.7,8600.0,0.7,1,63400.0,0,209000.0,36,education,0.581,0
30,57200.0,5.9,7700.0,0.6,3,9000.0,0,126000.0,24,home_improvement,0.234,0
63,24900.0,12.5,1900.0,10.4,3,4900.0,0,42000.0,12,home_improvement,0.228,0
64,15600.0,6.5,8100.0,1.4,4,81800.0,0,262000.0,36,medical,1.023,0
49,36600.0,0.4,4100.0,2.6,2,18300.0,0,185000.0,12,business,0.567,1
33,60600.0,2.6,5200.0,1.5,2,12000.0,0,1076000.0,48,personal,0.485,0
32,41600.0,0.0,6800.0,5.5,1,4600.0,0,302000.0,48,personal,0.327,0
51,23800.0,3.6,10400.0,0.9,2,3600.0,0,155000.0,12,personal,1.023,1
22,42000.0,1.1,8500.0,2.7,3,54400.0,0,228000.0,60,medical,0.3,1
55,48900.0,10.1,2900.0,7.6,1,6300.0,0,296000.0,36,education,0.241,1
43,41800.0,0.6,23900.0,11.4,2,8200.0,0,580000.0,36,vehicle,0.988,1
37,35600.0,0.0,14800.0,1.7,1,24500.0,1,197000.0,48,personal,0.54,0
46,49900.0,3.0,18900.0,0.5,1,46000.0,0,161000.0,24,vehicle,0.524,0
28,18400.0,0.8,8800.0,6.6,1,9800.0,0,61000.0,12,vehicle,0.777,1
49,26800.0,6.7,4600.0,0.5,2,4800.0,0,190000.0,48,business,0.331,0
46,22300.0,12.6,9600.0,6.0,1,1800.0,0,175000.0,48,education,0.607,0
30,73600.0,0.2,23100.0,4.7,0,155400.0,0,105000.0,36,business,0.357,0
46,55300.0,2.5,17800.0,3.4,0,33900.0,0,98000.0,36,medical,0.375,1
54,43600.0,28.7,4800.0,11.2,0,29900.0,0,52000.0,60,medical,0.132,0
61,20900.0,6.6,5100.0,1.6,2,1700.0,0,78000.0,48,home_improvement,0.328,1
27,56100.0,15.3,15600.0,0.4,0,7700.0,0,86000.0,12,business,0.416,0
24,74900.0,0.9,7000.0,16.0,2,18000.0,0,88000.0,24,medical,0.146,0
31,51900.0,1.3,12300.0,2.3,0,7800.0,0,166000.0,36,education,0.333,0
49,39500.0,0.8,10400.0,2.3,1,4400.0,0,310000.0,12,personal,0.97,0
56,53300.0,1.8,15900.0,0.4,1,3000.0,0,162000.0,36,business,0.389,0
45,45400.0,6.4,7800.0,5.4,2,13500.0,0,65000.0,12,personal,0.301,0
41,60900.0,0.9,30200.0,5.1,0,8900.0,0,130000.0,60,home_improvement,0.534,0
56,60300.0,3.7,27200.0,0.6,0,8000.0,0,123000.0,24,education,0.543,0
30,36300.0,1.6,6000.0,1.1,1,7200.0,0,417000.0,24,personal,0.682,0
57,29800.0,8.8,7900.0,0.1,1,20600.0,0,149000.0,48,medical,0.378,0
29,33500.0,0.0,1600.0,8.8,0,2400.0,0,223000.0,24,personal,0.347,0
44,51100.0,1.3,25100.0,1.1,1,38500.0,0,353000.0,48,personal,0.647,0
55,34400.0,4.6,12500.0,10.5,0,3400.0,0,188000.0,48,personal,0.486,0
55,28600.0,0.5,2900.0,3.4,0,26600.0,0,255000.0,24,personal,0.503,0
56,40100.0,3.1,5400.0,2.2,0,700.0,0,164000.0,24,vehicle,0.319,0
38,66100.0,2.9,31600.0,0.0,0,15700.0,0,125000.0,12,personal,0.648,0
59,42700.0,9.6,19300.0,0.4,1,8700.0,0,170000.0,24,home_improvement,0.631,1
52,35400.0,4.9,10300.0,0.7,0,43000.0,0,186000.0,24,personal,0.527,0
44,46400.0,5.1,18800.0,0.4,1,7300.0,0,107000.0,12,business,0.613,1
43,41700.0,15.2,5600.0,1.2,2,24600.0,0,200000.0,60,personal,0.221,0
52,16800.0,20.2,5400.0,0.7,1,14200.0,0,297000.0,60,education,0.64,1
57,54900.0,5.3,17800.0,4.4,1,5100.0,0,128000.0,36,education,0.394,0
32,48200.0,3.7,11300.0,1.4,1,6000.0,0,52000.0,36,personal,0.267,0
33,40400.0,4.7,13400.0,5.1,1,10900.0,0,360000.0,36,personal,0.599,1
43,64700.0,2.4,11900.0,0.6,1,51700.0,0,159000.0,36,business,0.258,0
45,69300.0,21.9,13900.0,0.9,0,23200.0,0,186000.0,24,personal,0.321,0
55,57500.0,6.1,10500.0,6.2,0,6000.0,0,489000.0,36,vehicle,0.438,0
61,27400.0,1.7,7000.0,4.0,2,14000.0,1,132000.0,12,vehicle,0.689,1
50,27800.0,0.3,7900.0,0.4,0,2600.0,0,137000.0,36,home_improvement,0.432,0
37,66400.0,0.2,10700.0,12.8,1,5900.0,0,125000.0,36,vehicle,0.218,0
40,17200.0,1.1,8200.0,5.8,2,13300.0,0,458000.0,36,home_improvement,1.276,0
45,37500.0,1.3,3500.0,3.2,1,3200.0,0,124000.0,36,medical,0.193,0
42,48900.0,2.7,12700.0,1.7,1,8500.0,0,64000.0,24,personal,0.319,0
33,18300.0,1.2,700.0,0.4,2,75700.0,0,161000.0,36,home_improvement,0.302,0
39,44600.0,5.0,3100.0,1.8,2,5000.0,1,298000.0,36,vehicle,0.27,0
56,61700.0,1.2,2800.0,1.6,1,54200.0,0,98000.0,12,home_improvement,0.188,1
32,20600.0,1.0,10700.0,0.3,1,4500.0,0,138000.0,60,business,0.64,0
61,84600.0,3.2,10700.0,6.1,3,1400.0,0,364000.0,24,business,0.32,1
39,25500.0,11.0,10900.0,2.1,2,25800.0,0,197000.0,24,medical,0.775,1
32,52000.0,3.2,3600.0,8.8,3,1500.0,0,74000.0,48,business,0.101,0
29,38700.0,2.7,15500.0,0.7,3,15100.0,0,446000.0,48,home_improvement,0.66,0
27,41400.0,4.3,2700.0,1.5,0,5300.0,0,79000.0,36,vehicle,0.122,0
48,22500.0,1.5,1500.0,1.3,0,70900.0,0,174000.0,36,vehicle,0.299,0
34,70800.0,2.2,20800.0,8.0,0,40100.0,0,356000.0,24,medical,0.52,0
51,46500.0,1.2,2900.0,2.8,0,26100.0,0,140000.0,48,home_improvement,0.13,0
39,83200.0,4.2,39400.0,0.6,2,15400.0,0,260000.0,36,personal,0.567,0
36,22800.0,6.0,3300.0,1.8,1,22900.0,0,810000.0,12,business,3.342,1
25,37000.0,5.6,22900.0,11.5,0,56800.0,0,105000.0,48,medical,0.683,0
55,44100.0,1.5,24300.0,3.2,2,3000.0,0,187000.0,48,vehicle,0.646,0
32,41200.0,7.6,14100.0,0.1,1,3300.0,0,477000.0,24,personal,0.863,1
45,54200.0,1.5,17500.0,0.2,1,15300.0,0,232000.0,24,home_improvement,0.515,1
41,36800.0,0.8,3200.0,1.1,0,14500.0,0,285000.0,48,personal,0.261,0
56,104300.0,2.2,27000.0,3.9,3,95700.0,0,352000.0,48,vehicle,0.335,0
43,40900.0,4.6,22600.0,1.1,0,32700.0,0,71000.0,36,personal,0.605,0
36,12000.0,0.8,3600.0,7.6,0,4400.0,0,324000.0,48,education,0.907,1
59,41700.0,5.2,8500.0,4.0,1,10400.0,0,91000.0,12,personal,0.4,0
62,70800.0,9.9,18900.0,1.4,1,15700.0,0,87000.0,24,home_improvement,0.322,0
59,26500.0,1.7,6500.0,2.0,0,1500.0,0,219000.0,48,home_improvement,0.431,1
34,25700.0,3.0,5500.0,1.9,0,8800.0,0,105000.0,36,personal,0.337,0
51,27500.0,1.3,5700.0,1.5,1,5700.0,0,207000.0,36,business,0.433,1
25,24700.0,2.2,3400.0,4.0,1,5300.0,0,189000.0,36,medical,0.367,0
55,32300.0,0.1,8600.0,0.9,1,2800.0,0,106000.0,12,medical,0.562,0
43,60400.0,15.4,16000.0,1.4,3,9900.0,0,92000.0,48,home_improvement,0.299,0
49,79800.0,2.7,30100.0,0.4,2,140400.0,0,123000.0,12,education,0.516,0
63,13500.0,7.8,2900.0,1.9,2,2400.0,0,214000.0,24,vehicle,0.928,1
31,33900.0,0.8,7500.0,0.3,0,5200.0,0,701000.0,48,vehicle,0.686,0
38,46000.0,8.4,12900.0,0.1,0,50500.0,0,71000.0,24,medical,0.35,0
32,44000.0,9.8,16800.0,4.2,2,56300.0,0,84000.0,48,home_improvement,0.425,1
29,94400.0,6.3,39500.0,0.7,1,1700.0,0,283000.0,48,personal,0.486,1
30,16200.0,11.7,3700.0,0.1,0,8100.0,1,95000.0,48,personal,0.36,0
64,12500.0,0.9,8000.0,0.3,1,21200.0,0,159000.0,36,medical,1.022,1
37,101500.0,3.2,3900.0,0.9,1,20000.0,0,229000.0,36,medical,0.106,0
58,56300.0,4.8,4600.0,5.1,1,8900.0,0,293000.0,36,vehicle,0.238,0
27,31000.0,4.5,9400.0,0.0,1,49000.0,0,132000.0,48,home_improvement,0.399,1
33,43400.0,9.9,14400.0,5.2,1,29500.0,0,83000.0,12,personal,0.504,0
60,44800.0,1.2,13500.0,3.6,0,7600.0,0,262000.0,36,medical,0.477,1
62,30700.0,1.0,8400.0,2.9,0,2400.0,0,299000.0,48,personal,0.493,1
29,42800.0,1.5,6100.0,9.6,3,52400.0,0,173000.0,24,medical,0.324,0
47,47100.0,11.1,7100.0,7.1,1,347900.0,0,80000.0,36,home_improvement,0.202,0
22,99400.0,14.2,6800.0,2.2,2,7000.0,0,396000.0,24,personal,0.248,0
25,61900.0,4.2,31400.0,0.0,1,88800.0,0,280000.0,36,business,0.643,0
49,87800.0,3.5,24500.0,5.0,0,17700.0,0,148000.0,12,home_improvement,0.431,0
57,21900.0,4.6,8800.0,0.2,1,18100.0,0,172000.0,36,business,0.637,1
58,34300.0,4.8,6000.0,1.3,0,143600.0,0,500000.0,36,vehicle,0.612,1
39,44800.0,0.9,15600.0,2.7,3,96600.0,0,330000.0,60,vehicle,0.481,0
28,16900.0,5.8,5100.0,0.4,0,3800.0,0,321000.0,24,home_improvement,1.156,0
21,68300.0,3.0,39700.0,4.5,0,18200.0,0,531000.0,24,personal,0.931,1
42,53600.0,3.6,6100.0,1.6,3,39300.0,0,304000.0,24,personal,0.369,0
37,34000.0,0.2,2100.0,1.8,1,6800.0,0,73000.0,24,vehicle,0.158,1
27,37000.0,7.2,8900.0,4.2,0,38500.0,0,75000.0,60,personal,0.277,0
45,70600.0,9.0,12300.0,2.0,1,2900.0,0,137000.0,36,home_improvement,0.232,0
24,28100.0,4.8,11300.0,1.0,0,10000.0,0,153000.0,12,business,0.892,0
56,71900.0,6.9,23100.0,0.8,0,90300.0,0,133000.0,12,business,0.488,0
26,35800.0,3.7,15300.0,5.2,2,23800.0,0,197000.0,12,home_improvement,0.923,1
51,56400.0,4.8,6300.0,5.6,3,35800.0,0,148000.0,24,home_improvement,0.23,0
39,41700.0,2.5,7600.0,0.9,1,16200.0,0,97000.0,12,vehicle,0.392,1
64,109600.0,7.8,3400.0,1.5,1,10200.0,0,58000.0,12,personal,0.079,0
59,26900.0,3.2,5100.0,12.5,0,49200.0,0,149000.0,36,personal,0.356,1
47,31000.0,5.7,9700.0,16.6,1,130000.0,0,514000.0,12,personal,1.805,1
30,20400.0,4.9,1200.0,3.5,0,40900.0,0,350000.0,12,business,1.603,1
46,24500.0,6.1,7100.0,5.7,2,9500.0,0,320000.0,36,medical,0.682,1
39,55300.0,7.7,16300.0,5.5,2,112900.0,0,233000.0,36,personal,0.421,0
59,82500.0,3.6,9600.0,2.0,2,34300.0,0,127000.0,60,education,0.144,0
23,58200.0,8.4,6000.0,0.2,0,4000.0,0,251000.0,36,business,0.232,1
33,40000.0,3.4,11600.0,5.4,0,15600.0,0,159000.0,36,medical,0.409,0
48,26800.0,15.7,6600.0,0.6,3,15900.0,0,186000.0,36,personal,0.454,1
40,60100.0,7.0,17700.0,1.4,0,22300.0,0,249000.0,48,personal,0.388,0
48,26200.0,0.9,4200.0,1.5,2,3000.0,0,223000.0,36,personal,0.416,1
28,21900.0,8.8,9500.0,1.7,2,8100.0,0,134000.0,60,home_improvement,0.544,1
61,34900.0,4.0,3800.0,2.5,1,16000.0,0,110000.0,36,vehicle,0.203,0
59,16100.0,20.8,5900.0,2.8,0,5700.0,0,411000.0,12,personal,2.664,1
21,21600.0,6.3,6300.0,2.6,1,9300.0,0,135000.0,48,business,0.432,0
23,93800.0,0.4,6900.0,0.7,3,91100.0,0,622000.0,36,personal,0.272,0
33,19800.0,2.5,3300.0,4.2,1,6600.0,0,220000.0,36,vehicle,0.5,0
48,23500.0,3.6,4400.0,6.2,0,27700.0,0,284000.0,36,home_improvement,0.55,1
45,41500.0,9.1,7300.0,2.5,2,31100.0,0,134000.0,36,medical,0.273,0
53,42400.0,6.5,6100.0,7.3,1,5700.0,0,126000.0,36,business,0.233,0
58,36100.0,2.3,13000.0,2.3,2,7700.0,0,42000.0,24,personal,0.412,0
26,16300.0,5.3,1200.0,3.4,2,20900.0,0,386000.0,24,home_improvement,1.139,0
64,58800.0,4.3,4600.0,0.3,3,26600.0,0,137000.0,24,home_improvement,0.183,0
52,32900.0,0.7,14600.0,0.6,1,5000.0,0,185000.0,12,personal,0.95,1
41,69500.0,1.3,26400.0,5.8,1,40000.0,0,150000.0,36,business,0.445,0
36,30000.0,2.1,9400.0,1.1,0,39700.0,0,243000.0,36,personal,0.556,0
41,62500.0,1.1,17500.0,0.4,0,16300.0,0,130000.0,12,personal,0.467,0
31,71900.0,0.8,8500.0,3.4,3,7200.0,0,149000.0,36,business,0.18,0
57,32500.0,0.3,5100.0,0.4,0,32600.0,0,322000.0,48,personal,0.38,0
56,59600.0,10.3,21000.0,4.6,0,11300.0,0,240000.0,36,vehicle,0.473,0
55,22100.0,1.7,5900.0,4.7,1,24500.0,0,262000.0,12,vehicle,1.334,1
39,45200.0,1.7,6000.0,2.4,0,93700.0,0,110000.0,36,business,0.206,1
40,69600.0,1.2,11800.0,4.6,0,24600.0,0,435000.0,60,medical,0.282,0
38,50700.0,3.2,10200.0,6.4,1,6400.0,0,192000.0,60,personal,0.269,0
61,118500.0,3.6,31600.0,0.9,0,2400.0,0,62000.0,48,vehicle,0.278,1
34,52000.0,1.2,5000.0,4.2,4,18000.0,0,265000.0,36,personal,0.249,1
35,34100.0,4.7,1100.0,4.7,0,19400.0,0,94000.0,24,vehicle,0.156,0
51,144100.0,6.4,29400.0,0.9,0,3500.0,0,200000.0,24,business,0.266,0
21,83700.0,2.3,26400.0,5.2,2,2200.0,0,80000.0,12,personal,0.401,0
23,19500.0,4.4,4000.0,5.1,1,12600.0,0,195000.0,60,personal,0.385,0
36,28200.0,3.5,5400.0,0.7,1,5700.0,0,173000.0,36,personal,0.376,1
43,25200.0,1.1,4100.0,1.5,1,81300.0,0,131000.0,48,vehicle,0.28,0
31,53700.0,6.5,8700.0,11.3,0,6300.0,0,721000.0,12,home_improvement,1.37,1
32,51900.0,8.1,11500.0,0.3,2,5000.0,0,97000.0,24,personal,0.306,1
30,51700.0,5.2,5900.0,1.0,3,13200.0,0,141000.0,12,personal,0.36,0
52,19300.0,2.0,5400.0,3.5,0,7200.0,0,92000.0,36,business,0.423,0
36,30100.0,13.1,12900.0,13.9,0,4600.0,0,268000.0,36,home_improvement,0.696,0
28,37500.0,3.0,8700.0,1.2,1,29600.0,0,335000.0,48,personal,0.433,0
58,17700.0,1.5,7400.0,6.8,2,30800.0,0,254000.0,12,home_improvement,1.71,1
32,27100.0,2.6,6300.0,1.8,1,31700.0,1,227000.0,36,home_improvement,0.484,1
44,73900.0,5.9,3200.0,1.7,1,31200.0,0,258000.0,48,education,0.122,0
48,19900.0,9.4,4000.0,22.1,1,117800.0,0,144000.0,36,personal,0.418,0
28,77300.0,2.2,10400.0,6.8,0,2700.0,0,89000.0,60,personal,0.155,0
48,65600.0,1.3,34300.0,1.1,0,8300.0,0,95000.0,48,education,0.555,0
56,35200.0,4.9,200.0,0.8,0,7200.0,0,121000.0,24,vehicle,0.16,0
46,30000.0,12.7,8400.0,0.4,0,16100.0,0,323000.0,24,personal,0.764,1
28,58400.0,1.0,27600.0,2.6,0,1200.0,0,144000.0,48,home_improvement,0.528,1
48,28200.0,8.1,4800.0,1.6,1,17300.0,0,200000.0,36,vehicle,0.383,0
48,28800.0,3.2,2600.0,1.9,3,10700.0,0,345000.0,36,business,0.45,0
57,39700.0,8.0,11500.0,2.3,2,30300.0,1,528000.0,24,personal,0.888,1
61,15400.0,3.5,5600.0,18.9,1,196500.0,0,256000.0,24,business,1.112,0
56,20900.0,2.4,7300.0,0.0,2,14000.0,0,147000.0,36,personal,0.56,1
47,34800.0,6.0,14700.0,2.2,1,9200.0,0,67000.0,60,business,0.457,0
37,49700.0,11.5,14300.0,0.3,0,12600.0,0,240000.0,60,vehicle,0.375,0
29,28000.0,1.9,15700.0,4.5,3,14500.0,0,215000.0,48,home_improvement,0.733,1
53,36700.0,3.1,2400.0,0.2,1,13700.0,0,189000.0,60,education,0.158,0
40,19400.0,1.3,3200.0,5.8,3,13200.0,0,118000.0,24,personal,0.439,1
33,61100.0,1.0,9300.0,8.1,1,24400.0,0,210000.0,36,medical,0.255,0
48,44300.0,7.5,25200.0,14.1,1,40700.0,0,221000.0,12,business,1.018,0
49,46100.0,1.1,23400.0,0.5,1,12000.0,0,124000.0,36,personal,0.588,0
33,50000.0,7.9,13600.0,15.4,1,14200.0,0,63000.0,12,vehicle,0.385,0
55,41600.0,2.8,5400.0,2.1,0,34500.0,0,169000.0,36,home_improvement,0.252,0
26,32300.0,26.5,3400.0,4.0,3,36800.0,0,304000.0,36,education,0.388,0
38,66700.0,1.1,20800.0,0.0,1,42800.0,0,145000.0,48,medical,0.361,0
25,43100.0,0.5,23900.0,1.8,0,133100.0,0,163000.0,24,vehicle,0.725,0
45,37300.0,0.4,3000.0,1.7,2,253300.0,0,196000.0,24,medical,0.317,0
22,40000.0,9.0,3600.0,2.8,0,312700.0,0,334000.0,12,education,0.841,1
30,39600.0,2.9,700.0,0.6,1,12600.0,0,86000.0,36,vehicle,0.083,0
50,37100.0,0.0,8900.0,4.7,1,26300.0,1,128000.0,12,vehicle,0.55,1
25,49100.0,10.4,15200.0,3.6,0,11700.0,0,67000.0,60,home_improvement,0.334,0
53,26300.0,10.5,4700.0,1.0,2,9200.0,0,124000.0,60,home_improvement,0.264,1
21,27200.0,8.2,5300.0,16.5,1,40900.0,1,53000.0,36,business,0.253,0
38,51600.0,1.4,1800.0,0.0,2,9100.0,0,122000.0,36,education,0.106,0
52,37600.0,2.3,8200.0,1.6,1,35700.0,0,361000.0,36,personal,0.506,0
31,62100.0,6.8,9700.0,1.2,0,8900.0,0,143000.0,24,personal,0.26,0
41,48200.0,3.4,4000.0,3.3,1,3000.0,0,190000.0,36,personal,0.201,0
46,31300.0,0.8,21000.0,8.8,0,10300.0,0,94000.0,36,business,0.761,0
45,52000.0,1.4,7600.0,4.3,1,33500.0,0,236000.0,60,medical,0.228,0
42,68800.0,18.0,14500.0,0.2,0,7600.0,1,166000.0,36,home_improvement,0.283,0
47,49100.0,0.8,13100.0,8.0,1,20800.0,0,130000.0,48,personal,0.326,0
33,54100.0,6.5,6700.0,1.2,1,3600.0,0,356000.0,48,home_improvement,0.272,0
53,37100.0,3.3,11300.0,0.5,2,4400.0,0,127000.0,60,home_improvement,0.366,0
54,62700.0,6.9,18200.0,2.3,0,51300.0,0,361000.0,12,personal,0.808,0
61,30900.0,5.4,1800.0,9.2,0,6400.0,0,101000.0,12,personal,0.352,0
55,46700.0,2.9,24800.0,0.1,4,43800.0,0,295000.0,36,vehicle,0.721,0
21,127600.0,2.2,41100.0,3.9,2,8900.0,0,365000.0,36,education,0.408,0
41,51100.0,7.0,30600.0,1.6,0,10800.0,0,62000.0,36,vehicle,0.635,0
26,33200.0,2.0,5100.0,3.9,3,40600.0,0,42000.0,36,personal,0.192,1
48,33200.0,7.8,7200.0,1.2,2,248800.0,0,278000.0,48,home_improvement,0.405,0
37,38900.0,5.7,8500.0,13.7,0,8200.0,0,163000.0,48,education,0.313,1
25,58900.0,4.3,10400.0,0.5,0,158800.0,0,252000.0,36,personal,0.305,0
51,42900.0,2.3,23000.0,0.7,2,10800.0,0,113000.0,12,education,0.773,0
25,30000.0,1.1,9500.0,0.2,1,11400.0,0,430000.0,12,business,1.607,1
58,30000.0,6.2,10800.0,6.3,2,638100.0,0,276000.0,24,medical,0.774,1
23,43000.0,0.5,7600.0,0.4,0,12400.0,0,244000.0,48,vehicle,0.304,0
43,40900.0,17.6,8800.0,1.3,1,13200.0,0,121000.0,36,business,0.304,0
57,49300.0,19.3,24800.0,0.9,0,33400.0,0,168000.0,24,personal,0.656,0
57,60600.0,0.7,25500.0,1.7,1,16700.0,0,288000.0,24,vehicle,0.635,1
30,136900.0,0.5,9000.0,5.8,1,27400.0,0,164000.0,12,medical,0.174,0
30,20800.0,2.7,1800.0,12.0,2,9500.0,0,179000.0,24,vehicle,0.474,0
39,54700.0,16.6,19500.0,8.4,2,11900.0,1,101000.0,24,business,0.44,1
37,42000.0,2.6,4100.0,7.4,1,16800.0,0,161000.0,12,personal,0.443,0
41,17500.0,2.3,8300.0,2.2,1,6900.0,0,118000.0,36,home_improvement,0.677,1
34,70400.0,6.1,7200.0,6.5,1,110200.0,0,92000.0,24,business,0.161,0
29,48500.0,1.0,2900.0,6.0,2,12800.0,0,403000.0,60,personal,0.209,0
21,57500.0,2.3,21100.0,1.1,0,30800.0,0,240000.0,36,vehicle,0.492,0
33,18700.0,1.7,800.0,1.2,3,49200.0,0,108000.0,36,education,0.216,0
24,36300.0,4.6,9000.0,2.8,3,24900.0,0,308000.0,48,vehicle,0.439,1
21,24700.0,0.9,8600.0,13.2,2,3300.0,0,62000.0,48,home_improvement,0.405,0
60,106200.0,4.0,27900.0,0.5,4,46600.0,0,62000.0,36,personal,0.28,1
52,67200.0,9.7,24300.0,17.8,0,20300.0,1,133000.0,36,medical,0.421,0
54,29500.0,3.6,11300.0,0.7,0,17900.0,0,355000.0,24,education,0.925,0
48,20100.0,5.8,7800.0,2.7,1,4500.0,0,280000.0,36,business,0.806,1
51,43800.0,0.4,13500.0,1.4,2,27800.0,0,77000.0,12,business,0.466,1
28,65600.0,3.0,19000.0,2.2,1,3600.0,1,173000.0,24,business,0.408,0
59,18400.0,0.5,3500.0,12.7,1,2600.0,0,419000.0,24,home_improvement,1.215,1
46,26400.0,4.6,6100.0,4.0,0,14700.0,0,160000.0,12,home_improvement,0.776,0
54,24400.0,1.6,6000.0,1.4,1,20900.0,0,250000.0,48,business,0.476,1
23,59300.0,1.7,25100.0,4.0,2,5700.0,0,283000.0,36,personal,0.566,0
32,34000.0,0.4,2500.0,2.4,2,7700.0,0,303000.0,48,personal,0.274,0
21,34600.0,1.9,7600.0,11.5,3,52100.0,1,189000.0,24,vehicle,0.465,0
64,43400.0,3.5,21700.0,1.7,2,56400.0,0,244000.0,60,home_improvement,0.601,0
25,27000.0,4.4,10900.0,3.5,1,23700.0,0,519000.0,60,personal,0.75,0
50,21000.0,0.3,7900.0,7.6,1,42100.0,0,357000.0,36,home_improvement,0.886,0
50,74300.0,5.3,21700.0,12.8,3,40800.0,0,130000.0,24,personal,0.371,0
37,77500.0,3.4,28200.0,6.4,1,3600.0,0,101000.0,48,personal,0.393,1
43,43500.0,3.8,14800.0,11.0,0,16500.0,0,92000.0,60,personal,0.378,0
35,45000.0,8.9,14100.0,2.5,1,11400.0,0,200000.0,24,medical,0.513,1
57,70800.0,2.1,17100.0,5.8,1,19200.0,0,59000.0,36,business,0.267,0
41,43100.0,1.0,13600.0,0.4,1,1300.0,0,108000.0,36,vehicle,0.391,0
34,33200.0,4.0,5800.0,3.6,3,16400.0,0,191000.0,36,vehicle,0.347,0
22,40900.0,14.5,3700.0,0.1,1,31800.0,0,341000.0,12,business,0.841,1
31,75100.0,3.6,31500.0,1.2,1,6200.0,0,397000.0,24,personal,0.657,1
59,41100.0,8.9,11200.0,4.4,3,18300.0,0,118000.0,12,personal,0.531,0
58,29700.0,7.1,12500.0,0.8,1,65600.0,0,267000.0,48,vehicle,0.623,0
54,42900.0,3.7,11300.0,0.9,0,2300.0,0,94000.0,36,personal,0.329,0
58,53900.0,5.2,17500.0,0.3,1,8900.0,0,295000.0,48,home_improvement,0.448,0
54,51100.0,2.6,18100.0,5.5,2,13100.0,0,235000.0,24,home_improvement,0.561,0
38,51500.0,3.8,4400.0,2.4,1,1900.0,0,383000.0,48,business,0.253,0
50,27700.0,3.5,5000.0,8.8,0,22200.0,0,479000.0,12,personal,1.737,1
35,56800.0,6.2,9200.0,1.8,2,4800.0,1,82000.0,24,vehicle,0.227,0
47,40700.0,2.6,3900.0,2.3,1,1700.0,0,125000.0,60,personal,0.151,0
54,29100.0,0.5,7500.0,2.7,1,14600.0,0,225000.0,12,medical,0.954,1
58,56600.0,7.8,7300.0,7.9,2,337800.0,0,111000.0,12,education,0.305,0
53,32700.0,5.8,3600.0,1.4,2,3800.0,0,289000.0,12,business,0.905,1
44,19800.0,15.0,1100.0,0.2,0,32100.0,0,160000.0,24,home_improvement,0.419,0
35,25600.0,2.8,4400.0,3.9,2,8600.0,0,401000.0,12,business,1.582,1
50,37000.0,0.4,10300.0,7.0,1,65500.0,0,142000.0,60,education,0.347,0
62,52100.0,0.6,13600.0,3.3,0,13100.0,0,179000.0,24,personal,0.416,1
37,27200.0,7.4,3500.0,1.5,0,1900.0,0,235000.0,60,personal,0.284,0
25,36000.0,0.4,6700.0,4.0,0,98700.0,0,29000.0,48,personal,0.204,0
49,23200.0,11.9,4900.0,18.8,1,16700.0,0,230000.0,48,personal,0.434,0
24,62400.0,1.7,12000.0,3.4,1,6400.0,0,91000.0,12,education,0.324,0
30,86900.0,11.5,46200.0,1.5,0,43900.0,1,175000.0,48,business,0.577,1
37,82800.0,7.4,8700.0,1.1,2,18700.0,0,102000.0,24,personal,0.161,1
30,62000.0,10.2,15800.0,25.3,0,16300.0,0,73000.0,48,personal,0.281,0
37,59200.0,1.2,10200.0,7.6,1,1200.0,0,131000.0,36,business,0.239,1
40,15800.0,4.5,2600.0,1.3,2,2500.0,0,225000.0,24,personal,0.805,1
44,43500.0,0.5,23400.0,1.2,1,19700.0,0,248000.0,36,business,0.709,0
25,32100.0,1.1,4800.0,6.5,2,7100.0,0,97000.0,36,personal,0.24,0
54,59600.0,1.9,10800.0,19.5,3,58700.0,0,65000.0,36,business,0.214,0
26,12800.0,6.8,1800.0,2.5,3,2200.0,0,101000.0,24,home_improvement,0.496,1
22,43800.0,0.1,31200.0,1.0,1,7200.0,0,109000.0,60,education,0.757,0
33,36400.0,11.7,4500.0,1.0,1,14000.0,0,124000.0,36,business,0.226,1
63,66400.0,0.4,16100.0,6.4,2,14600.0,0,132000.0,24,personal,0.332,0
63,80500.0,2.4,21300.0,3.7,0,38000.0,0,349000.0,36,home_improvement,0.395,0
31,26400.0,0.4,1900.0,4.0,1,52500.0,0,86000.0,36,personal,0.17,0
43,27000.0,7.3,12400.0,0.9,2,11800.0,0,278000.0,48,vehicle,0.691,1
36,44500.0,0.8,19500.0,0.6,2,8000.0,0,87000.0,60,business,0.473,0
51,87600.0,10.8,28700.0,0.0,0,6400.0,0,106000.0,60,personal,0.349,0
31,41200.0,3.8,10600.0,9.9,0,50600.0,0,330000.0,36,vehicle,0.498,0
36,22600.0,14.8,5100.0,1.8,1,34800.0,0,173000.0,24,personal,0.57,0
28,30600.0,1.7,2600.0,5.7,3,4100.0,0,143000.0,36,home_improvement,0.225,0
24,44000.0,3.0,17500.0,8.6,0,11900.0,0,126000.0,36,personal,0.484,0
60,44700.0,5.9,5300.0,3.7,1,13900.0,0,108000.0,12,personal,0.336,0
24,29200.0,8.9,1800.0,2.2,0,12900.0,0,257000.0,48,vehicle,0.26,0
45,30300.0,2.7,9700.0,0.2,0,39900.0,0,180000.0,12,education,0.855,0
23,25800.0,11.1,2100.0,1.6,2,9100.0,0,100000.0,12,personal,0.43,0
52,67100.0,0.6,34500.0,1.6,2,46100.0,0,280000.0,48,medical,0.608,0
23,27600.0,6.2,1500.0,3.3,1,4500.0,0,131000.0,60,business,0.14,0
47,32600.0,2.1,4000.0,5.8,0,9300.0,0,346000.0,36,home_improvement,0.441,1
49,32100.0,0.5,14800.0,5.0,0,8300.0,0,125000.0,48,personal,0.549,1
52,19500.0,2.4,1700.0,8.2,0,10600.0,0,100000.0,60,personal,0.179,0
39,27200.0,10.6,3900.0,0.2,2,45000.0,0,124000.0,24,personal,0.349,0
41,69700.0,19.7,23900.0,3.7,0,43800.0,0,319000.0,36,vehicle,0.48,0
25,23300.0,2.5,4200.0,0.8,1,52300.0,0,190000.0,24,medical,0.547,1
38,26000.0,10.9,4400.0,14.4,0,3800.0,0,157000.0,48,personal,0.305,0
48,22000.0,3.6,6900.0,2.1,3,5000.0,0,106000.0,48,vehicle,0.422,0
62,38500.0,6.3,4800.0,3.9,4,3600.0,0,1430000.0,36,personal,1.239,1
42,93800.0,0.2,20500.0,1.7,3,27900.0,0,209000.0,48,medical,0.269,1
41,37800.0,4.1,3600.0,1.0,0,34500.0,1,424000.0,24,personal,0.6,1
26,41400.0,0.4,10300.0,4.7,2,8500.0,0,270000.0,36,personal,0.444,0
21,28100.0,1.6,4000.0,11.2,0,18400.0,0,94000.0,24,business,0.293,0
25,39000.0,4.2,8700.0,0.2,2,8200.0,0,271000.0,12,vehicle,0.848,0
61,69800.0,8.2,30300.0,7.0,3,5400.0,0,163000.0,48,home_improvement,0.487,0
32,42800.0,4.1,3500.0,1.7,2,14200.0,0,187000.0,12,vehicle,0.475,0
46,104700.0,13.8,53800.0,0.5,2,4200.0,0,292000.0,36,vehicle,0.598,0
54,70700.0,8.3,5800.0,5.0,1,1100.0,0,299000.0,60,personal,0.158,0
34,38600.0,0.8,1700.0,0.3,2,22400.0,0,80000.0,12,home_improvement,0.231,0
46,38300.0,2.5,13900.0,5.2,0,4700.0,0,131000.0,60,vehicle,0.424,0
47,83600.0,5.5,17000.0,2.3,1,10700.0,0,365000.0,12,business,0.596,0
29,42700.0,13.9,4600.0,0.7,1,3300.0,0,78000.0,36,education,0.163,0
46,75700.0,22.0,32600.0,0.7,0,38300.0,0,220000.0,36,personal,0.518,0
42,98800.0,7.2,8700.0,5.5,1,31100.0,1,168000.0,24,personal,0.165,0
50,36600.0,4.3,16100.0,7.0,1,31800.0,0,79000.0,48,medical,0.488,0
63,47000.0,7.1,13200.0,4.6,1,2600.0,0,109000.0,24,medical,0.385,0
37,62400.0,1.6,23600.0,5.1,0,155800.0,0,232000.0,48,personal,0.462,0
46,56700.0,1.7,8600.0,7.5,1,18400.0,0,118000.0,24,home_improvement,0.245,0
56,56500.0,5.3,30700.0,2.2,0,22200.0,0,307000.0,12,medical,1.032,1
21,22000.0,10.3,2200.0,0.7,3,2300.0,0,121000.0,36,education,0.265,1
28,27400.0,17.5,9300.0,1.9,0,15300.0,0,243000.0,36,personal,0.605,0
55,32100.0,2.1,6600.0,15.5,1,13100.0,0,59000.0,12,education,0.371,1
35,69300.0,8.0,14400.0,2.4,2,2400.0,0,144000.0,48,education,0.255,0
42,23000.0,9.5,6300.0,10.3,4,6000.0,0,128000.0,36,business,0.441,1
34,79700.0,4.9,27200.0,4.9,1,86600.0,0,179000.0,60,business,0.382,0
46,57000.0,2.1,5900.0,5.4,3,5700.0,0,420000.0,60,personal,0.236,1
48,67500.0,4.8,7800.0,0.8,2,11000.0,0,223000.0,60,personal,0.175,0
43,26400.0,4.4,12500.0,1.8,2,6600.0,0,113000.0,36,home_improvement,0.602,1
34,41500.0,4.7,15600.0,5.3,1,24300.0,0,107000.0,24,home_improvement,0.492,0
44,45900.0,4.8,12400.0,4.3,3,37800.0,0,114000.0,48,personal,0.326,0
22,45000.0,9.4,19500.0,7.9,0,37300.0,0,425000.0,36,medical,0.717,1
46,45800.0,0.9,10100.0,0.9,1,14500.0,0,82000.0,24,personal,0.301,0
34,35400.0,2.3,7700.0,5.5,1,52000.0,0,515000.0,48,medical,0.545,0
27,42700.0,4.4,12200.0,0.2,1,4900.0,0,59000.0,24,home_improvement,0.348,0
23,63900.0,1.7,8600.0,1.4,1,10500.0,1,107000.0,60,education,0.165,1
43,23700.0,19.1,12200.0,4.0,0,9400.0,0,468000.0,48,personal,0.959,1
63,80500.0,1.5,8200.0,15.7,3,55300.0,0,402000.0,36,vehicle,0.252,0
38,62400.0,3.2,3500.0,18.2,1,1200.0,0,164000.0,24,vehicle,0.174,0
58,26000.0,10.5,5500.0,2.3,0,2200.0,0,439000.0,48,home_improvement,0.591,1
55,47700.0,0.4,20100.0,5.8,4,2100.0,0,327000.0,36,medical,0.627,0
35,60200.0,8.6,3500.0,3.7,0,11500.0,0,184000.0,48,education,0.127,0
45,23000.0,4.2,2100.0,4.9,0,9300.0,0,165000.0,36,vehicle,0.307,0
57,40900.0,0.2,3400.0,5.3,2,1700.0,0,115000.0,24,personal,0.21,0
48,38700.0,11.7,12600.0,3.2,4,32900.0,0,204000.0,60,vehicle,0.42,0
30,30000.0,0.2,16200.0,6.7,4,36300.0,0,103000.0,36,education,0.643,0
59,41800.0,3.6,9400.0,3.5,2,15700.0,0,146000.0,24,business,0.382,0
37,30600.0,0.3,2600.0,0.4,1,2700.0,0,283000.0,24,personal,0.501,0
59,74500.0,0.4,12500.0,18.1,0,315400.0,0,72000.0,24,business,0.211,0
42,30300.0,10.9,7900.0,1.4,0,36200.0,0,383000.0,36,personal,0.64,1
46,57300.0,7.3,5400.0,13.3,2,52400.0,0,222000.0,24,education,0.269,0
64,19100.0,1.1,4000.0,1.4,1,4200.0,0,395000.0,24,vehicle,1.14,1
45,37300.0,4.8,6300.0,7.7,2,4300.0,0,81000.0,60,business,0.208,1
37,40400.0,7.9,13900.0,4.7,1,3100.0,0,205000.0,12,personal,0.801,0
33,36800.0,11.0,20200.0,1.8,1,7900.0,0,133000.0,48,business,0.63,0
40,33600.0,3.2,1700.0,11.1,1,8300.0,0,82000.0,12,home_improvement,0.27,0
45,29700.0,11.4,6200.0,3.5,0,9800.0,0,88000.0,24,vehicle,0.342,0
24,56400.0,3.5,29300.0,7.1,0,40900.0,0,232000.0,36,business,0.643,1
30,62900.0,5.8,4600.0,6.4,0,35000.0,0,112000.0,60,vehicle,0.105,0
23,38700.0,19.3,11300.0,0.2,1,34600.0,0,274000.0,24,home_improvement,0.611,0
61,24500.0,1.3,5700.0,1.3,0,59400.0,0,149000.0,24,medical,0.506,1
38,90000.0,0.9,32900.0,2.6,2,18500.0,0,380000.0,36,personal,0.492,0
56,27000.0,2.1,3000.0,10.8,1,137900.0,1,39000.0,36,education,0.154,1
42,20800.0,0.9,100.0,0.3,0,15300.0,0,128000.0,24,personal,0.282,0
54,16200.0,1.7,1100.0,0.8,1,23100.0,0,264000.0,48,personal,0.435,0
28,42000.0,6.8,3500.0,3.9,2,4400.0,0,84000.0,48,business,0.128,0
60,36400.0,3.2,12300.0,4.2,1,5200.0,0,139000.0,48,vehicle,0.424,1
64,63800.0,2.4,9900.0,0.7,0,19200.0,0,163000.0,48,personal,0.213,0
39,52800.0,2.3,29500.0,11.8,1,12300.0,0,316000.0,36,business,0.738,1
62,45700.0,1.1,21900.0,0.8,0,79600.0,0,104000.0,36,personal,0.547,0
61,35500.0,3.0,5500.0,0.8,1,4000.0,0,303000.0,36,personal,0.411,0
57,66100.0,4.9,13000.0,4.0,1,2900.0,0,82000.0,36,home_improvement,0.234,0
26,93000.0,0.7,18900.0,2.2,0,19100.0,0,239000.0,36,personal,0.28,1
46,63200.0,18.0,15000.0,0.1,1,7100.0,0,104000.0,36,personal,0.287,0
54,32600.0,2.9,16400.0,10.1,0,12700.0,0,149000.0,36,personal,0.64,1
26,57100.0,14.8,6100.0,0.3,2,21600.0,0,161000.0,48,personal,0.17,0
57,33500.0,0.7,17200.0,0.7,0,21300.0,0,288000.0,36,home_improvement,0.771,0
53,24400.0,7.3,4600.0,9.1,2,7200.0,0,497000.0,36,business,0.8,0
42,26800.0,4.8,5900.0,1.3,4,7400.0,0,232000.0,48,personal,0.415,0
41,34200.0,8.6,16200.0,6.8,0,44100.0,0,172000.0,24,education,0.7,0
26,42100.0,4.6,6400.0,0.7,0,14000.0,1,263000.0,12,personal,0.714,1
26,101400.0,16.5,11500.0,0.2,0,24600.0,0,140000.0,24,personal,0.176,0
24,27000.0,4.9,4000.0,1.1,4,12200.0,0,226000.0,36,personal,0.399,1
50,72800.0,7.7,56900.0,5.4,2,10200.0,0,955000.0,24,education,1.372,1
31,34800.0,10.5,1800.0,4.3,1,5800.0,1,193000.0,36,personal,0.218,1
50,16200.0,6.3,4200.0,1.5,1,28100.0,0,266000.0,36,personal,0.752,0
51,32000.0,3.7,3900.0,4.0,3,19200.0,0,39000.0,24,home_improvement,0.177,0
44,68200.0,1.6,23500.0,4.4,1,4100.0,1,212000.0,24,vehicle,0.484,1
29,46900.0,9.6,1500.0,3.3,2,37700.0,0,126000.0,48,education,0.092,0
23,48100.0,3.3,4300.0,11.0,0,2100.0,0,179000.0,12,personal,0.424,1
51,73000.0,4.8,8600.0,6.3,0,48400.0,0,128000.0,24,personal,0.197,0
60,25200.0,0.4,9300.0,6.8,1,5600.0,1,140000.0,24,personal,0.619,1
57,25000.0,3.4,1100.0,2.2,2,17900.0,1,93000.0,12,business,0.379,1
56,14500.0,6.0,4000.0,4.6,0,12700.0,0,164000.0,60,home_improvement,0.479,1
44,59600.0,4.4,24300.0,0.8,1,4000.0,0,114000.0,24,personal,0.494,1
51,51700.0,3.0,12500.0,1.4,3,8700.0,0,278000.0,48,vehicle,0.363,0
26,55600.0,1.3,24100.0,2.8,1,69100.0,0,66000.0,36,education,0.469,0
22,23600.0,1.9,10600.0,6.8,4,35300.0,0,318000.0,36,home_improvement,0.853,0
40,19500.0,6.0,5400.0,1.6,1,59400.0,0,90000.0,36,personal,0.415,0
48,22200.0,1.3,5100.0,2.3,1,5200.0,0,366000.0,36,business,0.724,1
31,26500.0,4.9,2400.0,12.6,0,5700.0,0,129000.0,60,personal,0.178,0
24,80800.0,4.5,12900.0,1.3,0,9600.0,0,40000.0,36,personal,0.175,1
35,62900.0,17.6,12700.0,3.9,0,12600.0,0,92000.0,60,business,0.228,0
26,32700.0,0.3,14200.0,0.4,1,4800.0,0,120000.0,24,personal,0.599,1
50,45900.0,0.6,19500.0,2.1,2,13700.0,0,512000.0,36,vehicle,0.759,0
58,29600.0,3.5,12200.0,1.6,0,20400.0,0,105000.0,60,vehicle,0.476,1
22,47300.0,3.7,2500.0,0.1,0,51300.0,0,300000.0,36,medical,0.243,0
35,24000.0,0.2,6600.0,3.5,0,15100.0,0,115000.0,24,personal,0.491,0
31,56300.0,8.7,6400.0,1.6,0,21400.0,0,120000.0,48,medical,0.162,0
28,27400.0,3.4,7400.0,1.2,2,5100.0,0,228000.0,36,home_improvement,0.52,0
46,57700.0,2.1,5300.0,8.9,1,2000.0,0,245000.0,48,personal,0.187,0
64,33100.0,1.9,14700.0,1.0,1,53300.0,0,141000.0,12,education,0.827,0
25,28100.0,9.9,4600.0,2.1,1,15100.0,0,202000.0,24,business,0.487,1
26,82900.0,1.1,9400.0,11.9,2,41800.0,0,70000.0,36,home_improvement,0.139,0
46,43500.0,0.9,900.0,0.3,0,8400.0,0,360000.0,36,medical,0.269,0
24,34700.0,1.2,8400.0,11.2,1,3300.0,0,64000.0,36,personal,0.297,1
39,56500.0,4.9,21600.0,2.0,0,2500.0,0,128000.0,12,business,0.586,0
40,22000.0,8.3,4700.0,6.3,1,4700.0,0,188000.0,48,education,0.406,0
53,66000.0,2.0,12500.0,1.8,3,4300.0,0,290000.0,36,vehicle,0.321,0
40,37700.0,1.0,300.0,2.1,0,24700.0,0,97000.0,12,vehicle,0.24,1
32,52600.0,1.2,12500.0,2.3,0,11800.0,0,70000.0,48,education,0.268,0
21,20000.0,4.8,3500.0,11.7,2,41900.0,0,291000.0,36,medical,0.611,1
46,33800.0,1.4,4900.0,3.2,0,9600.0,0,212000.0,48,personal,0.286,0
34,40200.0,10.5,3500.0,1.0,0,69300.0,0,246000.0,48,education,0.225,0
58,63800.0,0.5,27000.0,3.8,0,28500.0,0,268000.0,36,business,0.549,0
57,54500.0,0.2,2500.0,8.8,2,12500.0,0,227000.0,24,personal,0.233,1
31,33600.0,0.5,6800.0,1.0,0,6000.0,0,146000.0,48,medical,0.3,0
56,46300.0,9.3,14900.0,1.6,0,84100.0,1,202000.0,24,personal,0.518,1
33,70600.0,5.3,28200.0,3.4,0,8100.0,0,86000.0,24,business,0.454,0
63,36700.0,15.8,6600.0,17.5,2,29700.0,0,473000.0,36,personal,0.566,0
23,34900.0,2.0,4300.0,2.5,0,35900.0,0,109000.0,60,personal,0.179,0
53,17100.0,1.2,9000.0,3.5,1,63900.0,0,114000.0,36,home_improvement,0.726,1
26,35400.0,4.1,16500.0,0.6,0,4500.0,0,166000.0,36,vehicle,0.607,0
30,18300.0,3.9,2600.0,5.7,1,250000.0,1,224000.0,24,vehicle,0.693,1
25,38100.0,4.5,8000.0,1.0,1,120100.0,0,137000.0,36,personal,0.318,0
43,62600.0,2.1,21100.0,1.6,0,25800.0,0,440000.0,24,medical,0.653,0
30,15500.0,0.0,4200.0,4.9,0,2500.0,0,250000.0,48,education,0.634,0
64,69900.0,0.2,15400.0,5.0,0,36100.0,0,98000.0,12,business,0.346,0
22,34600.0,5.5,4900.0,1.5,0,37100.0,0,313000.0,36,personal,0.413,0
33,39600.0,3.7,5900.0,7.6,1,2800.0,0,148000.0,48,home_improvement,0.233,1
60,32000.0,8.6,5500.0,6.3,1,11000.0,0,156000.0,24,personal,0.391,0
22,18600.0,1.8,7200.0,3.8,1,55300.0,0,515000.0,36,vehicle,1.218,1
40,28200.0,8.4,11800.0,0.8,1,1000.0,0,49000.0,12,business,0.575,0
21,103100.0,2.8,2800.0,9.4,1,20900.0,0,273000.0,12,personal,0.265,0
57,24500.0,0.5,3000.0,3.0,0,19000.0,0,108000.0,36,business,0.255,0
29,19600.0,19.1,3200.0,1.9,1,3500.0,0,191000.0,48,business,0.383,0
37,42800.0,3.6,18400.0,10.5,1,26300.0,0,64000.0,12,personal,0.564,0
29,38600.0,5.0,6300.0,14.3,1,14100.0,0,258000.0,24,personal,0.464,0
31,34700.0,5.6,5500.0,5.1,2,13200.0,0,213000.0,36,business,0.343,0
35,40400.0,2.3,8800.0,6.3,0,21000.0,0,319000.0,60,medical,0.36,0
44,53600.0,6.9,14600.0,1.1,2,11800.0,0,386000.0,12,vehicle,0.921,0
58,30800.0,10.2,10400.0,1.2,0,10800.0,0,236000.0,48,home_improvement,0.51,1
55,43800.0,2.4,12000.0,3.4,0,8300.0,0,132000.0,36,personal,0.364,0
50,63600.0,5.4,1700.0,16.3,2,16800.0,0,106000.0,36,home_improvement,0.077,0
51,25600.0,7.1,7000.0,5.4,0,5400.0,0,48000.0,24,personal,0.358,0
25,14100.0,1.1,2400.0,5.5,0,163100.0,0,169000.0,24,medical,0.71,0
64,54300.0,2.0,4100.0,1.2,1,4300.0,0,133000.0,36,personal,0.149,0
34,123800.0,0.6,54100.0,2.2,0,25400.0,0,108000.0,48,personal,0.457,0
31,40000.0,4.6,6900.0,1.7,2,3900.0,0,81000.0,60,business,0.209,0
29,44000.0,8.1,13400.0,1.4,0,732600.0,0,150000.0,60,education,0.366,0
54,35100.0,4.7,13300.0,5.3,3,5600.0,0,116000.0,12,personal,0.676,1
32,82000.0,1.0,18800.0,0.4,0,122400.0,0,185000.0,12,personal,0.432,0
55,38800.0,4.0,2000.0,0.7,0,6700.0,0,137000.0,24,business,0.21,0
55,36900.0,9.0,8500.0,2.1,0,36000.0,0,265000.0,24,vehicle,0.554,1
21,60500.0,1.8,19000.0,1.4,2,13600.0,0,80000.0,36,home_improvement,0.354,0
60,32300.0,8.9,5100.0,9.3,2,20100.0,0,115000.0,36,business,0.265,0
42,22500.0,7.7,4700.0,0.9,0,21900.0,1,350000.0,24,personal,0.909,1
49,59700.0,0.1,8100.0,1.1,0,32200.0,0,156000.0,60,vehicle,0.183,0
28,30800.0,1.4,1100.0,0.8,0,27500.0,0,350000.0,48,business,0.291,0
31,25900.0,3.9,10500.0,7.8,0,11400.0,0,202000.0,36,vehicle,0.639,0
61,103300.0,6.3,12600.0,0.9,0,15200.0,0,172000.0,36,personal,0.172,0
57,37000.0,10.6,7900.0,1.7,0,15500.0,0,199000.0,36,business,0.375,0
34,50100.0,5.1,12000.0,4.4,0,13700.0,0,119000.0,36,vehicle,0.311,0
50,40700.0,2.4,3300.0,0.3,0,11400.0,0,96000.0,36,home_improvement,0.152,0
55,26900.0,1.0,3400.0,6.8,0,24000.0,0,322000.0,60,home_improvement,0.342,0
41,54700.0,7.1,12100.0,4.9,1,9000.0,1,241000.0,36,home_improvement,0.353,1
57,46200.0,1.2,11900.0,1.2,2,43700.0,0,285000.0,36,personal,0.443,0
25,29800.0,5.9,4100.0,2.0,1,66600.0,0,489000.0,36,medical,0.63,0
39,48800.0,1.0,25900.0,3.9,0,9500.0,0,162000.0,60,home_improvement,0.59,0
34,31800.0,0.5,4200.0,11.7,1,26200.0,1,262000.0,24,vehicle,0.503,1
46,24400.0,1.4,1300.0,4.0,0,9100.0,0,77000.0,60,education,0.11,1
24,23300.0,1.7,8700.0,1.2,1,6100.0,0,315000.0,24,vehicle,0.982,1
45,45300.0,5.2,8000.0,2.6,2,6700.0,1,72000.0,48,home_improvement,0.212,1
62,33800.0,0.9,12900.0,2.4,4,5500.0,0,115000.0,12,medical,0.688,1
45,78900.0,13.3,9800.0,3.0,0,2200.0,0,116000.0,36,vehicle,0.168,0
38,39400.0,4.0,8200.0,2.9,1,197900.0,0,229000.0,12,personal,0.731,0
60,28200.0,3.4,5500.0,1.8,1,12500.0,0,130000.0,24,personal,0.402,0
28,43100.0,2.9,26200.0,8.2,0,19400.0,0,140000.0,36,personal,0.705,0
59,22400.0,4.2,2500.0,1.6,0,6900.0,0,135000.0,36,vehicle,0.292,0
60,38600.0,0.1,6200.0,3.0,0,9100.0,0,180000.0,12,personal,0.58,1
34,46300.0,23.1,3000.0,1.2,1,3000.0,0,179000.0,36,vehicle,0.181,1
52,43800.0,4.1,18700.0,2.3,1,35100.0,0,116000.0,60,business,0.475,0
58,72100.0,0.2,17800.0,4.6,1,7400.0,0,241000.0,36,education,0.347,0
53,129200.0,4.5,9500.0,5.7,0,133000.0,0,145000.0,12,personal,0.175,0
43,54300.0,2.9,20000.0,6.6,2,7700.0,0,162000.0,24,vehicle,0.503,0
35,68200.0,0.1,10700.0,5.3,1,22100.0,0,308000.0,48,personal,0.259,1
53,126100.0,12.9,30800.0,2.5,1,3900.0,0,173000.0,24,home_improvement,0.306,0
45,25500.0,0.1,4100.0,0.2,3,13800.0,0,99000.0,48,education,0.248,0
37,42600.0,4.3,15500.0,3.0,0,1600.0,0,126000.0,24,vehicle,0.497,1
53,32400.0,16.3,9500.0,0.2,0,3500.0,0,358000.0,36,personal,0.625,0
22,58600.0,1.4,21000.0,13.6,1,65700.0,0,95000.0,36,education,0.407,0
34,45400.0,1.5,6400.0,1.9,1,79500.0,0,125000.0,36,business,0.224,0
60,27800.0,0.0,4200.0,2.8,1,15700.0,0,313000.0,48,medical,0.404,0
60,40300.0,0.3,4800.0,0.6,0,14500.0,0,143000.0,60,vehicle,0.183,0
59,64300.0,0.2,44600.0,21.8,1,40100.0,0,211000.0,12,personal,0.989,0
26,22300.0,8.6,4000.0,2.7,2,18800.0,1,113000.0,48,personal,0.293,0
26,28000.0,9.1,3600.0,1.4,0,5500.0,0,167000.0,48,personal,0.263,0
23,26200.0,6.5,4000.0,0.9,3,34400.0,0,88000.0,24,home_improvement,0.304,1
27,46500.0,2.2,22200.0,4.2,0,28300.0,1,200000.0,24,education,0.671,1
28,70100.0,8.6,15600.0,2.3,0,74000.0,0,225000.0,36,education,0.319,0
62,16200.0,3.9,500.0,1.5,0,53700.0,0,176000.0,24,vehicle,0.52,0
35,41900.0,1.8,800.0,0.0,1,1500.0,0,90000.0,36,business,0.084,0
49,26500.0,2.9,3300.0,0.1,1,4400.0,0,268000.0,24,personal,0.58,0
53,63100.0,0.3,10400.0,4.7,1,369700.0,0,211000.0,36,vehicle,0.265,1
50,36100.0,14.5,22000.0,2.6,0,8700.0,0,387000.0,48,personal,0.851,1
59,42600.0,4.8,11600.0,7.6,0,13100.0,0,95000.0,60,personal,0.312,0
47,40100.0,6.6,11300.0,5.6,1,12400.0,0,80000.0,36,business,0.342,0
56,66600.0,5.6,7600.0,3.4,1,9100.0,0,121000.0,24,business,0.196,0
49,100900.0,5.5,23600.0,3.3,0,153600.0,0,357000.0,48,personal,0.314,0
58,24100.0,0.1,4200.0,5.5,0,16500.0,0,1466000.0,24,home_improvement,2.911,1
53,26100.0,3.7,3800.0,5.4,0,4200.0,0,124000.0,36,medical,0.288,0
57,46400.0,8.6,11700.0,1.6,0,9600.0,0,459000.0,24,education,0.697,0
47,27800.0,0.2,5400.0,0.4,1,45600.0,0,121000.0,48,education,0.292,0
53,61100.0,15.6,30700.0,5.9,0,5300.0,0,118000.0,36,vehicle,0.56,0
24,65700.0,2.8,15400.0,1.0,1,31000.0,0,244000.0,36,personal,0.346,0
42,31400.0,1.7,2900.0,6.3,0,6800.0,0,115000.0,24,medical,0.257,0
22,28500.0,3.8,18200.0,3.9,0,11300.0,0,108000.0,60,vehicle,0.707,1
30,35500.0,8.1,8700.0,1.8,0,70600.0,0,181000.0,60,vehicle,0.337,0
25,42100.0,3.2,17900.0,7.6,3,36500.0,0,184000.0,24,personal,0.622,1
30,46200.0,5.2,7400.0,4.7,0,28800.0,0,524000.0,48,personal,0.415,0
53,14600.0,3.5,4000.0,3.2,1,4400.0,0,58000.0,12,medical,0.631,0
58,26000.0,5.0,7100.0,1.4,1,51500.0,0,246000.0,48,home_improvement,0.486,1
33,33500.0,0.7,4600.0,17.2,0,4400.0,0,163000.0,48,vehicle,0.247,0
51,28000.0,0.2,12500.0,7.3,1,11300.0,1,130000.0,36,business,0.586,0
56,12000.0,0.7,1200.0,0.6,1,18100.0,0,457000.0,36,personal,1.242,1
44,17200.0,1.7,5000.0,6.6,0,72400.0,0,320000.0,48,personal,0.709,0
35,22300.0,1.5,5000.0,0.5,2,21500.0,0,520000.0,24,home_improvement,1.273,0
49,38100.0,4.8,3200.0,1.1,0,20600.0,0,54000.0,24,education,0.148,0
28,33000.0,3.0,9700.0,12.6,1,6000.0,0,45000.0,48,personal,0.325,0
25,30200.0,0.2,8600.0,8.2,0,57300.0,0,252000.0,36,vehicle,0.535,0
49,57400.0,0.2,5500.0,3.7,2,16400.0,0,137000.0,48,education,0.15,0
24,57400.0,0.5,5200.0,4.8,3,1800.0,0,361000.0,60,home_improvement,0.204,0
32,42900.0,2.2,21200.0,0.4,0,275900.0,0,115000.0,48,home_improvement,0.554,0
22,42400.0,0.0,17900.0,1.6,0,5300.0,0,135000.0,24,business,0.565,1
47,27300.0,3.4,2500.0,1.6,0,2600.0,0,39000.0,36,personal,0.134,0
51,28800.0,2.2,4000.0,0.1,0,8400.0,1,165000.0,36,medical,0.311,1
56,18600.0,4.1,3100.0,4.9,3,62000.0,0,116000.0,24,personal,0.447,0
56,35900.0,6.4,6400.0,1.5,0,235100.0,1,130000.0,48,home_improvement,0.26,1
46,57200.0,1.4,21000.0,4.0,0,17900.0,0,201000.0,36,education,0.473,1
63,73800.0,0.9,12400.0,0.1,3,32300.0,0,212000.0,12,home_improvement,0.427,1
47,35900.0,1.6,10200.0,0.0,2,8300.0,0,345000.0,24,personal,0.717,1
25,50100.0,0.0,26300.0,0.7,1,78300.0,0,175000.0,36,home_improvement,0.63,1
40,12000.0,0.6,4500.0,4.9,2,6900.0,0,50000.0,36,personal,0.5,0
31,33000.0,6.9,6500.0,3.7,1,40600.0,0,204000.0,36,personal,0.382,0
30,32700.0,1.3,8200.0,0.9,1,231300.0,0,107000.0,24,vehicle,0.398,0
60,78500.0,25.8,18900.0,3.0,1,51800.0,0,109000.0,48,personal,0.272,0
58,47900.0,0.9,7900.0,3.9,0,20900.0,0,581000.0,12,medical,1.257,1
26,50100.0,7.8,15300.0,11.2,0,7000.0,0,109000.0,60,medical,0.345,0
28,49000.0,6.1,10500.0,5.7,0,9600.0,0,53000.0,48,medical,0.239,0
43,41000.0,1.9,10100.0,0.6,1,1700.0,1,136000.0,48,education,0.321,0
46,80000.0,2.0,20500.0,1.3,1,22200.0,0,196000.0,24,personal,0.366,0
63,14200.0,4.1,4000.0,2.1,0,20100.0,1,157000.0,12,personal,1.277,1
32,42900.0,9.6,18100.0,0.4,0,3300.0,0,170000.0,12,business,0.779,0
46,66700.0,2.4,3600.0,3.2,1,20600.0,0,210000.0,24,business,0.196,0
33,17100.0,0.3,6800.0,9.5,4,11300.0,0,98000.0,48,business,0.527,0
60,58500.0,2.3,20300.0,1.5,1,3100.0,0,140000.0,36,education,0.419,0
38,28500.0,1.2,6700.0,16.7,0,6900.0,0,341000.0,60,vehicle,0.45,1
45,42200.0,14.0,16100.0,1.1,0,3600.0,0,183000.0,12,personal,0.772,1
53,28200.0,6.0,1600.0,2.6,0,10500.0,1,176000.0,48,vehicle,0.197,0
60,61800.0,0.3,22900.0,1.7,3,16000.0,0,36000.0,48,personal,0.384,0
63,35300.0,1.7,2900.0,1.5,1,4900.0,0,422000.0,36,personal,0.441,0
32,58700.0,0.3,7500.0,1.9,1,2000.0,0,101000.0,12,medical,0.283,0
64,48800.0,8.9,19100.0,0.1,0,32700.0,0,262000.0,36,personal,0.552,0
56,28100.0,11.8,9700.0,3.0,3,4100.0,0,923000.0,36,medical,1.331,1
24,50300.0,0.6,15500.0,5.4,0,29600.0,0,213000.0,60,personal,0.384,0
25,29800.0,2.9,6000.0,8.0,1,12600.0,0,72000.0,48,personal,0.256,0
57,41300.0,13.4,10400.0,1.6,0,26700.0,0,510000.0,36,personal,0.622,1
28,35000.0,0.8,9800.0,3.2,1,10300.0,0,158000.0,12,medical,0.686,0
62,60200.0,1.7,8600.0,8.9,2,67000.0,1,69000.0,12,vehicle,0.246,1
48,51200.0,1.8,10700.0,6.4,1,228700.0,0,281000.0,60,medical,0.308,0
51,39600.0,0.2,10200.0,2.5,0,24100.0,0,356000.0,36,home_improvement,0.527,0
29,29500.0,0.2,6200.0,0.7,2,1300.0,0,239000.0,36,business,0.453,0
49,22700.0,15.3,3600.0,3.3,0,42800.0,0,162000.0,48,business,0.319,0
34,42700.0,4.2,9900.0,18.3,1,6400.0,0,605000.0,36,home_improvement,0.657,0
60,30200.0,1.8,5300.0,5.7,0,500.0,0,132000.0,48,business,0.274,0
61,17200.0,2.4,2300.0,7.5,0,9900.0,0,569000.0,12,personal,3.111,1
42,22100.0,6.3,1800.0,0.8,1,62200.0,0,325000.0,48,business,0.412,1
31,83400.0,2.3,12900.0,9.4,0,44600.0,0,65000.0,48,vehicle,0.172,0
43,29800.0,1.3,500.0,0.1,1,8700.0,0,163000.0,24,vehicle,0.263,0
21,65300.0,0.5,10100.0,7.9,2,120900.0,0,54000.0,12,personal,0.229,0
57,34200.0,6.5,9600.0,1.1,1,5100.0,0,140000.0,36,education,0.403,1
41,70100.0,1.0,21400.0,3.9,2,142300.0,0,166000.0,24,personal,0.412,0
46,67900.0,0.4,32200.0,1.4,0,7200.0,0,99000.0,12,personal,0.605,0
56,27700.0,2.8,2900.0,0.6,0,8500.0,1,198000.0,36,home_improvement,0.319,1
43,16400.0,0.2,9000.0,1.1,0,1400.0,0,164000.0,36,home_improvement,0.849,0
21,17000.0,16.8,3200.0,2.6,1,8600.0,0,291000.0,60,personal,0.496,0
60,27900.0,4.9,11700.0,10.1,1,22900.0,0,116000.0,36,medical,0.544,1
35,93900.0,0.8,3100.0,2.0,1,10600.0,0,109000.0,12,education,0.137,0
41,33400.0,0.9,12600.0,0.2,0,2000.0,0,100000.0,36,personal,0.467,1
29,42800.0,4.2,5700.0,0.1,1,17700.0,0,196000.0,48,vehicle,0.236,1
29,72100.0,2.2,33100.0,0.9,0,13800.0,0,333000.0,12,personal,0.875,0
30,42200.0,7.4,8900.0,0.2,0,14700.0,0,160000.0,24,personal,0.382,0
46,41500.0,3.9,3400.0,1.9,1,33100.0,0,157000.0,24,home_improvement,0.252,0
61,53100.0,2.8,27900.0,1.9,0,13600.0,0,237000.0,36,home_improvement,0.659,1
55,45700.0,16.5,15000.0,14.3,1,16400.0,0,92000.0,60,business,0.364,0
45,38400.0,2.5,5000.0,1.5,1,80800.0,0,68000.0,48,education,0.17,0
46,29000.0,2.6,7300.0,3.7,1,6200.0,0,206000.0,36,medical,0.465,0
31,41600.0,5.5,8100.0,6.8,3,39200.0,0,153000.0,48,education,0.277,0
58,65700.0,8.3,20500.0,2.9,1,15800.0,0,117000.0,48,personal,0.352,0
22,89500.0,4.9,28300.0,4.8,0,6700.0,0,163000.0,36,medical,0.371,0
27,45800.0,6.0,33400.0,14.7,1,72700.0,0,122000.0,48,education,0.789,0
38,56400.0,2.3,6300.0,1.6,1,6000.0,0,77000.0,60,personal,0.136,0
47,45300.0,3.3,8400.0,0.3,1,28100.0,0,315000.0,36,vehicle,0.394,0
54,38600.0,1.1,1400.0,2.3,1,3700.0,0,120000.0,48,personal,0.106,1
47,50600.0,5.7,29100.0,3.1,0,3100.0,0,129000.0,60,home_improvement,0.621,0
37,68500.0,1.3,4300.0,3.5,2,41800.0,0,194000.0,36,vehicle,0.148,0
63,26900.0,0.0,4100.0,5.4,0,1000.0,0,175000.0,36,vehicle,0.348,0
64,20900.0,13.6,2600.0,9.1,2,2600.0,0,140000.0,36,vehicle,0.325,0
44,31600.0,1.8,20600.0,2.8,1,74600.0,0,78000.0,48,personal,0.707,0
45,44100.0,1.1,9500.0,0.6,1,202400.0,0,138000.0,24,personal,0.356,0
27,59400.0,1.6,20000.0,2.1,1,61000.0,0,125000.0,12,home_improvement,0.526,0
26,25700.0,2.0,2600.0,0.7,0,3400.0,0,167000.0,48,home_improvement,0.247,0
44,13100.0,3.2,1200.0,0.8,1,25000.0,0,165000.0,48,education,0.375,1
53,31900.0,0.4,9800.0,0.0,0,2300.0,0,284000.0,60,personal,0.467,0
49,36800.0,0.3,2400.0,10.6,1,10000.0,0,146000.0,48,home_improvement,0.154,0
63,23800.0,1.7,3600.0,5.5,1,6100.0,0,213000.0,48,home_improvement,0.353,0
42,28600.0,1.8,1300.0,0.4,3,71300.0,1,396000.0,60,home_improvement,0.295,1
46,59300.0,0.6,5300.0,10.1,1,11900.0,0,116000.0,12,personal,0.265,0
48,41600.0,2.6,3000.0,8.2,1,800.0,0,204000.0,48,education,0.182,0
41,46900.0,1.7,11700.0,9.6,1,24700.0,0,155000.0,12,home_improvement,0.547,1
27,34200.0,0.1,3800.0,0.4,3,8600.0,0,214000.0,48,vehicle,0.252,0
37,28600.0,10.8,6100.0,0.3,2,7900.0,0,146000.0,48,personal,0.328,0
40,34100.0,10.9,12600.0,0.3,0,71900.0,0,130000.0,36,education,0.484,0
61,50200.0,1.2,10100.0,13.6,1,14800.0,0,666000.0,48,education,0.5,0
40,20500.0,0.9,8100.0,4.3,1,2500.0,1,174000.0,36,home_improvement,0.65,1
42,84300.0,4.0,10100.0,0.8,2,7200.0,0,47000.0,48,vehicle,0.132,0
48,52000.0,5.0,3900.0,10.6,2,6900.0,0,356000.0,24,personal,0.383,0
60,31500.0,15.8,8300.0,2.3,3,11200.0,0,288000.0,12,personal,1.086,1
27,57900.0,2.4,3700.0,6.2,0,5200.0,0,185000.0,36,business,0.16,0
21,69600.0,4.8,13800.0,4.0,0,14300.0,0,111000.0,36,personal,0.246,0
52,34600.0,10.5,12700.0,4.2,4,22600.0,0,147000.0,24,vehicle,0.558,0
33,36400.0,3.0,15200.0,2.3,0,26900.0,0,285000.0,24,home_improvement,0.77,1
50,78600.0,0.7,29900.0,2.0,2,18400.0,0,269000.0,48,home_improvement,0.457,0
43,104100.0,2.4,32700.0,0.7,2,15500.0,0,87000.0,24,vehicle,0.352,1
39,40700.0,0.7,11500.0,0.3,1,22300.0,0,579000.0,48,home_improvement,0.603,0
52,23800.0,0.1,5500.0,10.5,0,71900.0,0,180000.0,24,personal,0.571,0
50,32500.0,7.0,8100.0,11.0,1,1700.0,0,95000.0,36,personal,0.337,1
49,63900.0,1.4,10300.0,4.1,1,7100.0,0,52000.0,36,personal,0.186,0
49,25200.0,0.0,4200.0,2.0,1,17800.0,0,187000.0,24,home_improvement,0.501,1
50,36500.0,10.3,1000.0,0.1,0,10600.0,0,166000.0,24,business,0.232,0
36,45800.0,2.9,9900.0,2.4,3,5200.0,0,203000.0,36,vehicle,0.349,0
60,26500.0,1.4,7600.0,4.3,0,1100.0,0,180000.0,36,vehicle,0.491,0
39,65700.0,1.5,11600.0,1.4,1,40900.0,0,421000.0,48,home_improvement,0.321,0
38,54800.0,1.4,2500.0,1.7,0,30800.0,0,155000.0,36,business,0.13,0
21,99100.0,1.1,21500.0,2.6,1,3200.0,0,153000.0,24,home_improvement,0.286,0
34,57000.0,9.2,5900.0,2.7,1,123300.0,0,254000.0,36,medical,0.237,0
22,26000.0,0.9,6000.0,5.4,0,16200.0,0,147000.0,60,medical,0.333,1
48,51000.0,4.1,11700.0,2.8,1,6300.0,1,348000.0,12,vehicle,0.844,1
50,62600.0,0.4,19800.0,7.5,1,2900.0,0,150000.0,60,education,0.359,0
58,64100.0,14.9,14400.0,2.6,0,5500.0,0,82000.0,36,home_improvement,0.263,0
24,28300.0,4.6,8500.0,0.1,0,9600.0,0,319000.0,36,education,0.638,1
21,26800.0,11.7,16000.0,0.6,0,13700.0,0,33000.0,36,business,0.634,1
28,24000.0,2.5,700.0,5.1,2,17800.0,0,181000.0,24,business,0.369,0
49,82600.0,8.3,30500.0,2.4,0,19400.0,0,240000.0,48,personal,0.435,1
59,53100.0,9.6,7000.0,2.5,0,29000.0,0,149000.0,36,home_improvement,0.216,0
23,27700.0,6.1,7800.0,15.3,2,7900.0,0,98000.0,36,personal,0.388,0
52,42500.0,0.5,15500.0,3.4,3,22800.0,0,351000.0,36,medical,0.612,0
30,38000.0,0.1,20600.0,0.5,1,5100.0,0,147000.0,12,vehicle,0.89,0
30,25900.0,0.9,1900.0,2.3,1,16700.0,0,32000.0,36,home_improvement,0.11,1
39,40800.0,0.6,18400.0,3.3,3,8500.0,0,246000.0,24,home_improvement,0.722,0
54,43700.0,6.5,9300.0,0.2,1,23400.0,0,201000.0,48,personal,0.316,0
53,95700.0,4.1,11600.0,1.8,1,5800.0,0,124000.0,36,business,0.16,0
43,29900.0,3.7,16800.0,13.7,2,3600.0,0,108000.0,36,medical,0.67,0
48,18600.0,1.5,8700.0,5.6,2,10800.0,0,236000.0,60,vehicle,0.696,1
52,25000.0,0.8,6100.0,1.9,2,8300.0,0,112000.0,36,personal,0.378,1
27,26900.0,1.2,4300.0,1.2,1,14300.0,0,188000.0,48,business,0.317,1
49,33100.0,2.6,7000.0,1.3,1,5200.0,0,348000.0,60,personal,0.401,0
28,25100.0,6.7,8100.0,7.1,1,4100.0,0,648000.0,48,home_improvement,0.904,0
21,58100.0,1.5,14900.0,2.1,1,3900.0,0,202000.0,36,business,0.361,0
23,24300.0,6.0,9300.0,7.4,1,2400.0,0,99000.0,36,vehicle,0.505,1
44,40500.0,3.4,1800.0,9.6,1,73300.0,0,141000.0,24,vehicle,0.201,0
43,98700.0,10.8,15400.0,2.5,2,9300.0,0,82000.0,36,home_improvement,0.181,0
28,51500.0,1.3,20900.0,11.6,1,22900.0,0,238000.0,36,vehicle,0.544,0
57,49200.0,3.0,21900.0,1.4,1,137100.0,1,259000.0,24,personal,0.682,0
23,92600.0,0.5,20800.0,1.2,1,1900.0,1,232000.0,12,personal,0.45,1
53,70300.0,2.0,6700.0,0.5,1,8800.0,0,135000.0,48,personal,0.139,0
48,51800.0,3.5,6300.0,1.1,1,80900.0,0,186000.0,12,business,0.445,0
28,34900.0,6.6,4500.0,5.9,0,9900.0,0,206000.0,24,business,0.395,0
54,39700.0,1.1,13800.0,2.1,0,57900.0,0,138000.0,36,vehicle,0.452,1
55,38900.0,1.2,4500.0,0.6,3,500.0,0,190000.0,36,home_improvement,0.262,1
52,33500.0,5.0,1900.0,0.5,1,10600.0,1,215000.0,36,vehicle,0.249,0
44,44200.0,2.4,2100.0,2.7,0,1100.0,0,157000.0,24,home_improvement,0.207,0
34,47000.0,3.3,7200.0,3.1,0,16200.0,0,146000.0,24,business,0.293,0
52,22900.0,9.0,10400.0,6.3,1,15000.0,0,97000.0,12,vehicle,0.835,1
63,83700.0,3.5,5100.0,5.0,1,3200.0,0,172000.0,60,medical,0.098,0
36,48300.0,5.3,6200.0,0.7,3,13100.0,0,218000.0,36,personal,0.264,0
24,35700.0,5.3,4800.0,1.3,0,32000.0,0,149000.0,48,business,0.228,0
57,44300.0,8.1,14900.0,4.7,1,33800.0,0,157000.0,48,personal,0.416,0
41,61000.0,5.1,5100.0,0.8,2,36200.0,0,223000.0,36,medical,0.193,0
34,20700.0,0.3,4600.0,6.5,1,109900.0,0,249000.0,36,home_improvement,0.583,0
51,38300.0,2.1,12400.0,4.3,1,52100.0,0,44000.0,36,education,0.358,0
38,23500.0,22.7,5600.0,3.1,1,5000.0,0,219000.0,36,business,0.518,0
27,132700.0,1.1,38500.0,4.1,1,13000.0,0,226000.0,24,vehicle,0.367,0
30,42700.0,4.4,17200.0,0.4,2,20300.0,0,386000.0,24,business,0.81,1
27,23600.0,9.3,13600.0,3.2,0,7600.0,0,214000.0,36,personal,0.848,1
53,202800.0,4.4,56000.0,2.4,1,6700.0,0,134000.0,48,business,0.291,0
43,31500.0,2.3,8600.0,2.9,2,32800.0,0,323000.0,48,home_improvement,0.504,0
41,36500.0,0.4,3700.0,1.6,0,2700.0,0,174000.0,48,vehicle,0.209,0
39,37700.0,2.2,12700.0,2.5,1,5900.0,1,155000.0,24,home_improvement,0.522,0
39,27400.0,1.0,7400.0,8.6,1,57700.0,0,151000.0,36,personal,0.435,0
56,44900.0,16.2,12400.0,1.7,5,8100.0,0,274000.0,36,education,0.459,1
49,14800.0,6.3,5300.0,0.2,1,17700.0,0,123000.0,36,vehicle,0.607,1
38,65400.0,6.9,10300.0,1.2,1,28500.0,0,199000.0,24,medical,0.294,0
22,24200.0,2.9,900.0,2.4,1,39700.0,0,215000.0,12,business,0.837,0
21,33300.0,0.6,14600.0,3.0,1,7100.0,0,78000.0,24,personal,0.544,0
25,56300.0,1.6,11600.0,2.2,2,16500.0,0,638000.0,12,education,1.226,1
40,36600.0,1.5,800.0,7.0,1,3800.0,0,191000.0,24,personal,0.257,0
31,37300.0,3.3,5600.0,9.9,2,14300.0,1,107000.0,24,education,0.279,1
62,25500.0,3.1,11900.0,2.7,1,3000.0,0,183000.0,24,home_improvement,0.79,0
22,103100.0,2.8,24500.0,0.3,1,10200.0,0,181000.0,48,medical,0.277,1
23,51000.0,3.4,9100.0,2.2,0,17900.0,0,219000.0,24,medical,0.372,0
43,24700.0,21.7,10400.0,0.8,1,3300.0,0,67000.0,24,personal,0.543,1
32,43500.0,1.8,11300.0,1.3,0,41600.0,0,132000.0,36,business,0.351,0
40,23900.0,4.8,6900.0,7.2,1,5400.0,0,84000.0,24,home_improvement,0.447,1
25,87100.0,1.4,39300.0,3.1,0,5100.0,0,417000.0,48,vehicle,0.559,0
57,43900.0,3.1,9800.0,7.1,1,3200.0,0,269000.0,36,personal,0.407,0
58,25900.0,1.1,1700.0,17.0,2,25400.0,0,222000.0,24,home_improvement,0.451,1
50,54900.0,4.1,6300.0,3.2,1,54700.0,0,103000.0,36,vehicle,0.171,0
29,35400.0,1.5,6100.0,9.7,1,9600.0,0,80000.0,36,personal,0.24,1
54,22500.0,0.2,2300.0,4.6,2,2200.0,0,346000.0,48,vehicle,0.448,0
64,47600.0,8.4,19800.0,0.4,2,3300.0,0,92000.0,36,vehicle,0.474,1
55,47000.0,0.7,12100.0,2.2,0,8900.0,0,225000.0,24,vehicle,0.473,0
42,67000.0,2.3,13400.0,4.3,1,6500.0,0,354000.0,36,home_improvement,0.359,0
64,41300.0,3.2,5300.0,4.9,1,2100.0,0,61000.0,24,personal,0.195,0
44,42100.0,2.8,13000.0,7.9,1,18000.0,0,134000.0,48,medical,0.38,0
37,43100.0,6.5,18600.0,4.1,1,8400.0,1,208000.0,12,vehicle,0.866,1
30,82300.0,4.5,20500.0,0.4,0,31400.0,0,186000.0,36,education,0.317,0
50,34900.0,1.8,8000.0,0.6,0,16700.0,0,192000.0,24,personal,0.477,1
43,49600.0,0.3,12300.0,1.6,1,14600.0,0,283000.0,24,personal,0.505,0
52,53000.0,7.3,15600.0,1.4,4,10100.0,0,204000.0,24,medical,0.468,1
37,47000.0,2.2,9900.0,1.0,2,14300.0,1,210000.0,36,education,0.345,1
37,34300.0,11.0,8600.0,3.8,0,80500.0,1,147000.0,12,education,0.636,1
34,42400.0,2.5,9300.0,2.2,2,1300.0,0,196000.0,36,personal,0.358,0
29,38500.0,6.3,8100.0,4.6,0,18100.0,0,77000.0,36,home_improvement,0.27,0
60,96900.0,14.0,42700.0,2.0,2,10300.0,0,435000.0,48,home_improvement,0.542,0
22,32700.0,5.3,15700.0,1.3,0,5000.0,0,143000.0,48,medical,0.578,1
45,26600.0,2.7,3200.0,3.2,0,26900.0,0,239000.0,36,home_improvement,0.39,0
59,40000.0,4.2,6700.0,0.4,2,7400.0,0,142000.0,48,personal,0.247,1
29,38800.0,3.9,15100.0,17.9,1,2600.0,0,186000.0,24,home_improvement,0.605,1
42,43900.0,4.4,3500.0,4.3,1,4100.0,0,100000.0,36,personal,0.148,0
63,32700.0,0.8,9600.0,0.5,0,24200.0,1,237000.0,12,medical,0.946,1
24,42200.0,6.0,10300.0,3.9,1,17000.0,0,108000.0,36,education,0.321,0
46,42500.0,0.8,23400.0,0.3,0,2200.0,0,199000.0,24,education,0.761,1
49,60300.0,0.1,9000.0,2.8,1,1600.0,0,609000.0,60,business,0.331,1
54,41900.0,4.9,7600.0,1.4,0,8200.0,0,224000.0,24,business,0.422,0
43,42000.0,0.6,9800.0,4.8,1,100.0,0,80000.0,36,business,0.29,0
57,50600.0,7.4,20500.0,2.7,0,79700.0,0,184000.0,36,business,0.514,0
31,59300.0,10.0,13400.0,6.2,2,10700.0,1,173000.0,48,business,0.292,0
26,25800.0,14.5,6400.0,1.0,0,33800.0,0,96000.0,36,vehicle,0.36,0
38,22800.0,5.5,4600.0,4.3,1,35600.0,0,72000.0,48,personal,0.273,0
41,86100.0,3.3,17600.0,4.7,1,4000.0,0,497000.0,36,personal,0.378,0
62,55100.0,2.2,8300.0,2.6,1,16900.0,0,121000.0,48,home_improvement,0.2,0
56,36400.0,3.4,8200.0,7.8,1,16100.0,0,122000.0,36,medical,0.326,0
61,40500.0,1.1,15100.0,0.6,1,11200.0,0,246000.0,48,education,0.509,0
58,33600.0,2.1,5200.0,5.7,3,3200.0,0,61000.0,48,personal,0.196,0
54,44100.0,6.3,14200.0,0.6,2,33600.0,0,191000.0,36,personal,0.452,0
37,25900.0,1.2,6700.0,0.7,4,6600.0,0,254000.0,24,personal,0.7,1
57,58600.0,1.5,13000.0,0.9,2,4600.0,0,157000.0,60,medical,0.27,0
45,43400.0,6.9,9200.0,4.3,2,41000.0,0,153000.0,12,education,0.529,0
58,44100.0,1.0,21500.0,4.1,1,6800.0,0,300000.0,48,education,0.641,1
32,26800.0,1.4,9900.0,2.4,0,9700.0,0,250000.0,36,education,0.649,0
43,50800.0,0.1,18200.0,1.5,1,22500.0,0,45000.0,36,personal,0.385,0
62,27100.0,6.4,5700.0,3.8,0,17700.0,0,116000.0,36,vehicle,0.339,0
42,29400.0,4.8,5800.0,0.6,1,2600.0,0,200000.0,24,business,0.503,1
41,41700.0,5.9,8500.0,4.0,0,2300.0,0,127000.0,36,personal,0.295,0
47,124000.0,1.2,25500.0,0.0,1,20700.0,1,136000.0,36,business,0.239,0
51,43400.0,5.8,10800.0,0.6,2,15600.0,0,360000.0,24,business,0.622,1
26,12600.0,4.5,1800.0,4.9,1,10400.0,0,112000.0,36,home_improvement,0.409,0
47,30100.0,2.3,4600.0,8.3,0,2500.0,0,537000.0,12,personal,1.758,1
60,54600.0,2.9,16400.0,0.3,2,13500.0,0,159000.0,36,business,0.388,0
54,24200.0,4.2,5800.0,4.1,0,17900.0,0,25000.0,60,personal,0.258,0
32,58300.0,3.4,6700.0,0.3,3,500.0,0,113000.0,12,medical,0.289,0
27,43100.0,5.1,23600.0,8.4,3,7800.0,0,195000.0,36,home_improvement,0.683,0
30,62700.0,1.0,7500.0,2.0,1,14800.0,0,269000.0,36,vehicle,0.248,0
37,31200.0,3.9,22600.0,5.4,1,14800.0,0,180000.0,12,home_improvement,1.244,0
46,30100.0,3.0,6100.0,0.8,0,135300.0,0,92000.0,36,home_improvement,0.294,0
41,51800.0,3.1,7700.0,7.9,1,43700.0,0,188000.0,24,personal,0.312,0
48,40000.0,3.2,6600.0,2.2,0,21500.0,0,85000.0,48,personal,0.213,0
22,38900.0,10.7,9300.0,0.9,0,40600.0,0,85000.0,60,home_improvement,0.278,0
63,81300.0,8.5,41300.0,3.4,0,16100.0,0,228000.0,48,business,0.571,0
21,52700.0,5.0,24400.0,1.4,1,25500.0,0,130000.0,60,personal,0.507,0
56,16400.0,6.3,1100.0,1.4,0,57700.0,0,128000.0,36,personal,0.301,1
46,57500.0,0.2,6400.0,0.5,0,2000.0,0,131000.0,48,personal,0.163,0
49,55000.0,6.8,14500.0,1.0,2,132900.0,0,199000.0,36,medical,0.372,1
41,68400.0,3.3,22400.0,6.4,0,10200.0,1,118000.0,48,business,0.366,0
31,26300.0,1.9,2500.0,3.0,1,43000.0,0,245000.0,60,medical,0.263,0
60,46500.0,0.8,2600.0,1.8,1,24000.0,0,218000.0,24,personal,0.267,0
31,42200.0,0.4,19700.0,10.6,0,21600.0,0,81000.0,48,personal,0.51,1
56,26100.0,0.2,2000.0,6.4,1,57100.0,0,205000.0,36,home_improvement,0.312,0
59,61500.0,0.9,13900.0,1.5,1,16600.0,0,243000.0,36,education,0.345,0
60,36000.0,0.2,15400.0,0.5,0,48600.0,0,65000.0,48,home_improvement,0.468,0
55,67400.0,6.6,16900.0,0.8,1,19100.0,0,202000.0,48,vehicle,0.318,0
54,28700.0,1.4,3800.0,4.5,1,4400.0,0,309000.0,48,personal,0.375,1
44,20800.0,2.3,3400.0,3.3,0,3500.0,0,138000.0,24,personal,0.462,1
42,36000.0,8.7,10600.0,15.8,0,23700.0,0,112000.0,12,education,0.574,0
25,44500.0,0.6,16300.0,0.1,0,5400.0,0,242000.0,60,personal,0.464,0
53,31600.0,9.0,5200.0,8.4,0,25300.0,1,133000.0,36,personal,0.291,1
56,12000.0,5.1,4300.0,0.1,0,4500.0,0,218000.0,12,personal,1.993,1
40,47700.0,2.1,10100.0,2.2,1,56100.0,0,243000.0,60,vehicle,0.303,0
39,47600.0,0.6,3200.0,9.9,1,82700.0,0,441000.0,36,vehicle,0.345,0
55,54700.0,0.5,18600.0,4.3,2,30200.0,0,262000.0,60,home_improvement,0.426,0
63,33800.0,2.0,14700.0,3.5,0,11300.0,0,109000.0,24,medical,0.58,0
37,33000.0,0.8,2200.0,1.5,0,11800.0,0,131000.0,60,home_improvement,0.138,0
63,76700.0,1.6,10400.0,13.5,1,21100.0,0,82000.0,48,personal,0.16,0
54,19800.0,0.3,5300.0,0.7,2,133300.0,1,140000.0,36,home_improvement,0.48,0
29,35900.0,4.5,15000.0,1.3,0,18200.0,0,224000.0,24,education,0.699,1
46,42800.0,0.8,10600.0,2.4,1,39000.0,0,52000.0,48,business,0.275,0
22,52700.0,7.1,15700.0,0.5,0,5200.0,1,61000.0,48,education,0.324,0
29,43300.0,1.2,8200.0,2.2,2,13400.0,0,336000.0,12,business,0.888,0
29,26500.0,8.0,5000.0,0.2,1,88100.0,0,190000.0,24,vehicle,0.511,0
60,67900.0,1.1,12400.0,10.3,2,117400.0,0,248000.0,36,business,0.292,0
37,40200.0,6.4,16800.0,1.6,0,3600.0,0,170000.0,24,personal,0.608,0
21,18900.0,2.0,2100.0,4.0,1,13600.0,0,193000.0,24,personal,0.571,0
45,44100.0,4.4,8700.0,8.2,1,51500.0,0,287000.0,36,education,0.393,0
63,49700.0,0.2,10800.0,6.8,0,57400.0,0,54000.0,24,vehicle,0.266,0
60,97000.0,3.4,18100.0,8.3,0,11000.0,0,106000.0,60,home_improvement,0.206,0
62,48200.0,0.8,13700.0,5.1,0,13500.0,1,338000.0,48,home_improvement,0.442,0
45,20600.0,3.3,5900.0,0.9,2,7100.0,0,212000.0,24,home_improvement,0.749,1
59,20900.0,0.8,1900.0,1.8,0,2200.0,0,304000.0,60,medical,0.353,0
55,70700.0,2.9,9800.0,2.9,2,10300.0,0,164000.0,24,home_improvement,0.243,0
23,28000.0,0.6,3300.0,1.6,3,23600.0,0,252000.0,36,personal,0.388,0
57,20000.0,1.2,9500.0,12.4,1,2200.0,0,126000.0,24,personal,0.758,1
64,63000.0,4.5,5600.0,6.6,3,368200.0,0,77000.0,24,vehicle,0.144,0
64,32400.0,18.8,4200.0,6.4,1,13400.0,0,294000.0,36,personal,0.402,0
50,61500.0,3.0,6300.0,1.8,0,106000.0,0,121000.0,60,medical,0.138,0
58,26600.0,5.8,14700.0,5.6,0,28600.0,0,154000.0,36,business,0.726,1
54,77900.0,3.9,5100.0,3.8,5,60600.0,0,175000.0,24,personal,0.167,0
32,59400.0,3.4,16800.0,1.9,1,3300.0,0,181000.0,24,business,0.42,1
39,29000.0,0.3,10600.0,1.5,0,33800.0,0,201000.0,24,education,0.677,0
57,19000.0,0.8,6800.0,6.2,3,6300.0,1,171000.0,36,home_improvement,0.628,1
64,113200.0,10.7,19300.0,3.6,0,15000.0,0,88000.0,48,personal,0.188,1
37,36500.0,2.6,4300.0,0.2,1,30200.0,1,105000.0,24,home_improvement,0.247,0
30,28500.0,4.8,2200.0,0.1,4,16700.0,0,99000.0,24,vehicle,0.234,0
32,74900.0,3.8,4000.0,7.4,0,8500.0,0,328000.0,36,personal,0.185,0
36,61400.0,2.4,6600.0,0.4,0,15600.0,0,93000.0,36,business,0.153,0
44,68300.0,2.5,3600.0,2.9,1,37000.0,0,98000.0,36,personal,0.096,0
39,38400.0,4.1,3400.0,3.8,1,10400.0,1,179000.0,24,personal,0.298,0
28,93600.0,0.8,9700.0,9.9,1,20800.0,0,136000.0,24,vehicle,0.169,0
51,22300.0,2.4,2000.0,2.9,4,12200.0,0,165000.0,36,home_improvement,0.312,1
41,31300.0,3.0,15600.0,0.9,4,3300.0,0,146000.0,24,home_improvement,0.708,0
37,47800.0,21.0,13900.0,1.2,3,89800.0,0,274000.0,24,vehicle,0.549,0
43,67900.0,2.2,30300.0,0.2,2,34400.0,0,79000.0,12,vehicle,0.551,0
57,54000.0,5.2,4800.0,1.0,1,8400.0,0,177000.0,12,personal,0.384,0
36,38700.0,0.7,9800.0,6.8,1,4600.0,0,198000.0,48,medical,0.368,0
26,32400.0,0.3,5300.0,5.7,1,6900.0,0,82000.0,24,home_improvement,0.277,0
28,68100.0,10.3,21500.0,0.3,0,26200.0,0,126000.0,12,vehicle,0.482,0
45,56600.0,6.6,8400.0,2.6,1,16000.0,0,119000.0,24,vehicle,0.243,0
38,27100.0,1.9,16100.0,1.4,3,42100.0,0,48000.0,60,vehicle,0.626,1
45,26700.0,3.5,10400.0,4.2,1,3600.0,0,163000.0,36,personal,0.573,0
32,31400.0,0.7,6000.0,13.0,0,19000.0,0,262000.0,12,medical,0.942,0
35,29600.0,6.1,1300.0,4.0,2,10800.0,0,57000.0,48,personal,0.087,0
46,63800.0,0.4,11400.0,5.5,0,6900.0,0,143000.0,36,personal,0.246,0
61,48800.0,7.1,5700.0,2.0,1,86800.0,0,251000.0,48,personal,0.233,0
46,51600.0,4.0,17400.0,0.1,2,8600.0,0,144000.0,36,medical,0.421,0
52,43800.0,1.6,11400.0,2.2,1,13100.0,0,300000.0,12,education,0.877,0
30,44700.0,9.9,11400.0,2.9,2,1500.0,0,54000.0,36,personal,0.291,1
36,19700.0,21.4,4100.0,2.7,1,69300.0,0,135000.0,36,medical,0.414,0
27,57400.0,1.5,21100.0,1.1,1,4500.0,0,101000.0,36,business,0.42,0
37,31100.0,8.2,5800.0,2.6,1,2000.0,0,76000.0,48,personal,0.241,0
43,39500.0,6.9,8800.0,5.1,1,39400.0,0,617000.0,48,home_improvement,0.574,0
46,32400.0,6.9,4300.0,1.5,3,50200.0,1,191000.0,36,vehicle,0.31,1
41,42900.0,15.8,8100.0,4.0,1,29900.0,0,303000.0,12,home_improvement,0.824,0
42,51900.0,3.3,4100.0,0.7,1,1600.0,0,198000.0,24,education,0.251,0
27,25500.0,5.6,3300.0,1.3,1,21600.0,0,551000.0,24,medical,1.102,1
34,45000.0,8.7,5600.0,8.6,0,400.0,0,265000.0,24,education,0.389,0
35,32800.0,3.3,3300.0,3.9,0,3000.0,0,60000.0,36,business,0.155,0
27,72700.0,3.3,37500.0,0.4,1,8700.0,0,289000.0,24,home_improvement,0.695,0
29,24300.0,1.9,13400.0,1.2,0,47600.0,0,298000.0,48,personal,0.827,0
28,25600.0,7.6,5700.0,20.4,0,19000.0,0,134000.0,48,business,0.34,0
43,34100.0,5.8,3200.0,1.3,1,66400.0,0,389000.0,60,business,0.299,0
49,26500.0,3.0,10400.0,3.5,2,6500.0,0,113000.0,12,home_improvement,0.776,0
38,36300.0,2.7,16100.0,3.2,1,3300.0,0,67000.0,36,personal,0.499,0
51,31600.0,0.4,7400.0,2.1,2,12600.0,0,173000.0,24,personal,0.481,0
50,41800.0,0.0,27200.0,0.1,0,8300.0,0,172000.0,36,home_improvement,0.774,1
59,63200.0,3.8,37400.0,1.3,1,16500.0,0,114000.0,12,personal,0.754,0
55,41400.0,2.7,16700.0,12.3,3,26800.0,0,490000.0,48,home_improvement,0.67,1
38,43200.0,7.9,7200.0,0.1,1,46300.0,1,94000.0,24,education,0.265,0
62,24900.0,3.9,6500.0,5.0,1,17400.0,1,518000.0,36,vehicle,0.885,1
59,37800.0,13.8,3500.0,8.9,0,18000.0,0,113000.0,48,medical,0.16,0
37,33200.0,1.1,15800.0,5.7,1,9100.0,0,84000.0,36,personal,0.552,0
34,54500.0,23.1,5100.0,1.6,0,18800.0,0,103000.0,60,medical,0.128,0
51,28500.0,1.8,5700.0,2.9,2,129800.0,0,183000.0,48,home_improvement,0.344,1
44,27200.0,5.1,10100.0,8.1,1,8200.0,0,94000.0,36,home_improvement,0.475,0
55,46300.0,3.5,11400.0,14.8,1,11800.0,0,447000.0,48,vehicle,0.463,0
64,97800.0,2.2,30000.0,0.4,1,53300.0,0,673000.0,36,education,0.513,0
54,37100.0,0.8,13500.0,0.5,3,140900.0,0,188000.0,12,personal,0.82,1
23,43300.0,0.7,2700.0,12.5,0,4100.0,0,164000.0,24,personal,0.233,0
57,61500.0,6.2,15200.0,8.2,3,4300.0,0,199000.0,36,personal,0.344,0
63,50500.0,2.4,6800.0,0.9,1,4500.0,0,198000.0,36,home_improvement,0.252,0
60,50600.0,16.3,16700.0,14.0,0,1300.0,0,98000.0,24,personal,0.417,0
46,38500.0,2.0,11400.0,0.9,3,14900.0,1,61000.0,36,medical,0.344,1
43,38800.0,20.5,9700.0,0.4,0,105100.0,0,315000.0,60,education,0.396,0
64,28600.0,1.1,9800.0,4.6,1,42000.0,0,227000.0,24,personal,0.7,1
59,50000.0,0.5,35900.0,3.1,0,12600.0,0,184000.0,60,personal,0.784,1
35,49400.0,1.9,9100.0,1.1,0,56600.0,0,202000.0,48,vehicle,0.276,0
24,55400.0,10.8,1800.0,10.5,1,141300.0,0,109000.0,24,business,0.121,0
49,32200.0,3.7,3100.0,2.1,0,14300.0,0,108000.0,36,home_improvement,0.197,0
42,58300.0,0.7,7500.0,2.1,0,13100.0,0,191000.0,36,vehicle,0.227,0
45,66800.0,1.1,25400.0,4.0,2,5900.0,0,193000.0,48,personal,0.445,0
33,23200.0,1.9,1900.0,1.0,2,37500.0,0,764000.0,48,business,0.823,1
38,35100.0,4.5,4600.0,3.5,0,88000.0,0,76000.0,36,medical,0.196,0
53,68100.0,2.0,9000.0,1.8,2,46900.0,0,173000.0,12,medical,0.361,0
36,30000.0,6.9,15800.0,4.7,0,4000.0,0,389000.0,48,personal,0.818,0
62,50900.0,4.8,9900.0,1.1,0,35700.0,0,55000.0,24,vehicle,0.243,0
64,40300.0,10.4,4400.0,0.8,0,5300.0,1,31000.0,24,personal,0.144,0
22,46600.0,3.5,10700.0,1.1,1,1000.0,0,132000.0,24,medical,0.357,0
55,40800.0,2.0,6700.0,11.0,0,14200.0,0,97000.0,12,personal,0.378,1
62,56100.0,28.0,4700.0,7.6,1,56200.0,1,70000.0,48,education,0.112,0
54,25300.0,2.2,5200.0,7.1,2,6300.0,0,174000.0,12,personal,0.824,1
50,26600.0,2.8,4800.0,6.1,1,6600.0,0,177000.0,12,medical,0.779,0
33,77600.0,8.3,9300.0,4.1,1,32600.0,0,123000.0,12,home_improvement,0.262,0
33,103300.0,0.5,45000.0,0.4,2,14800.0,0,464000.0,12,personal,0.84,1
38,40000.0,2.4,3900.0,1.6,0,11400.0,0,434000.0,36,personal,0.423,0
52,86800.0,0.4,61700.0,3.3,0,5600.0,1,85000.0,36,business,0.74,1
52,28400.0,0.8,8100.0,0.4,1,38100.0,0,253000.0,36,business,0.552,0
55,31600.0,0.0,3000.0,0.1,1,9800.0,0,54000.0,24,education,0.172,0
59,77300.0,0.0,31800.0,0.4,0,7800.0,0,102000.0,48,business,0.441,0
49,57600.0,2.4,3500.0,0.5,1,20100.0,0,170000.0,24,business,0.194,0
49,82700.0,8.3,45200.0,0.5,0,3000.0,1,85000.0,36,education,0.577,0
64,49600.0,4.4,14900.0,0.8,2,10600.0,0,302000.0,48,personal,0.437,0
36,25400.0,5.0,7100.0,2.8,3,19000.0,0,56000.0,12,personal,0.478,1
64,44400.0,3.7,8800.0,1.3,0,25400.0,0,80000.0,48,personal,0.239,0
30,68900.0,8.6,12700.0,7.9,0,20500.0,0,119000.0,24,personal,0.262,0
50,37800.0,10.6,6700.0,8.4,0,3500.0,0,162000.0,24,personal,0.37,0
45,35300.0,9.5,26000.0,10.1,0,1800.0,1,127000.0,48,personal,0.817,1
59,49900.0,8.4,12200.0,2.5,1,10400.0,0,130000.0,36,vehicle,0.323,0
40,31200.0,1.0,6400.0,5.9,1,2600.0,0,189000.0,24,business,0.478,1
25,45800.0,4.5,20800.0,3.6,1,159000.0,0,370000.0,36,personal,0.696,1
21,41300.0,4.4,10100.0,0.6,1,1600.0,0,262000.0,60,personal,0.359,0
50,32200.0,3.8,18300.0,4.0,3,25000.0,0,297000.0,48,home_improvement,0.776,0
23,62400.0,3.3,4400.0,7.3,1,7000.0,0,171000.0,48,vehicle,0.132,0
34,53700.0,0.5,17900.0,1.7,1,96000.0,0,57000.0,60,personal,0.352,0
50,34200.0,0.5,2900.0,5.5,2,22100.0,0,206000.0,24,vehicle,0.356,1
24,39900.0,11.6,6900.0,6.0,0,57300.0,0,121000.0,48,personal,0.241,0
38,35500.0,5.0,2000.0,4.1,0,5400.0,0,373000.0,24,personal,0.529,0
57,30100.0,1.5,8800.0,8.6,1,3100.0,0,124000.0,60,personal,0.366,0
45,18700.0,1.6,3800.0,0.6,0,4500.0,0,157000.0,12,business,0.959,1
21,32300.0,4.7,6200.0,7.4,0,2600.0,1,336000.0,36,personal,0.504,1
35,30300.0,2.6,9900.0,3.8,1,11900.0,0,60000.0,24,vehicle,0.416,0
29,42300.0,2.9,10200.0,7.7,1,2800.0,0,313000.0,60,personal,0.374,0
35,48900.0,0.3,4800.0,3.0,1,11300.0,0,266000.0,36,business,0.261,0
44,28000.0,0.7,6700.0,1.6,2,8100.0,1,330000.0,36,personal,0.593,1
24,47500.0,2.5,6500.0,9.1,2,80300.0,0,412000.0,36,vehicle,0.397,0
32,26100.0,6.0,2900.0,8.4,1,8100.0,0,146000.0,48,home_improvement,0.237,0
57,37900.0,0.2,3400.0,1.2,3,21000.0,0,220000.0,60,home_improvement,0.194,0
57,30600.0,2.0,8300.0,5.5,0,24300.0,1,310000.0,60,personal,0.454,0
63,56100.0,5.9,12200.0,0.4,1,17800.0,0,160000.0,24,home_improvement,0.346,0
26,42300.0,7.9,12700.0,0.4,3,6400.0,0,133000.0,36,education,0.395,0
59,38200.0,1.1,8500.0,2.9,1,15000.0,0,286000.0,36,education,0.447,0
44,30300.0,6.6,7800.0,0.1,0,54600.0,0,149000.0,12,business,0.7,1
31,34600.0,15.6,6600.0,2.3,6,33100.0,0,40000.0,36,personal,0.225,1
33,91400.0,11.9,34600.0,6.3,0,48800.0,0,183000.0,48,business,0.424,0
54,32000.0,7.8,9000.0,8.8,1,5600.0,0,271000.0,48,vehicle,0.472,0
45,49800.0,6.2,2500.0,1.2,2,62600.0,0,60000.0,48,home_improvement,0.077,0
27,38200.0,1.3,1400.0,0.3,1,9600.0,0,72000.0,12,home_improvement,0.206,0
24,49200.0,5.0,17500.0,4.0,1,49500.0,0,238000.0,60,education,0.443,1
28,58500.0,5.2,2400.0,1.2,0,62700.0,0,224000.0,24,home_improvement,0.213,0
40,34200.0,2.6,1900.0,0.1,1,2000.0,0,137000.0,36,business,0.176,0
49,55200.0,3.4,12700.0,0.6,0,15800.0,1,300000.0,36,education,0.393,1
30,138800.0,5.9,65200.0,11.1,0,3500.0,0,97000.0,24,vehicle,0.501,1
63,51800.0,15.2,13200.0,8.3,2,9700.0,1,402000.0,24,personal,0.604,0
54,83000.0,1.7,9400.0,7.1,0,56000.0,0,103000.0,24,personal,0.169,0
46,49800.0,1.4,10000.0,1.7,1,2900.0,0,382000.0,48,education,0.373,0
61,26400.0,4.6,5700.0,5.0,0,14500.0,0,281000.0,36,home_improvement,0.535,1
23,45400.0,0.7,5700.0,12.6,0,22300.0,0,66000.0,36,medical,0.169,0
26,34600.0,4.4,2100.0,3.4,0,95000.0,0,74000.0,24,home_improvement,0.157,0
25,30700.0,0.5,9200.0,1.6,1,2200.0,0,227000.0,48,business,0.466,0
25,38800.0,3.4,17000.0,6.4,1,18800.0,0,127000.0,60,vehicle,0.497,1
43,37400.0,4.8,5600.0,2.3,1,10000.0,0,548000.0,36,medical,0.589,1
29,24900.0,0.4,3100.0,3.4,2,28700.0,0,318000.0,60,business,0.354,0
55,135800.0,1.2,30700.0,3.1,1,11800.0,0,199000.0,48,home_improvement,0.259,0
40,57700.0,2.0,24100.0,1.0,2,19100.0,0,52000.0,60,home_improvement,0.434,0
62,44800.0,2.3,19300.0,0.0,0,15700.0,0,84000.0,24,education,0.515,0
55,41800.0,5.6,4200.0,27.0,2,39900.0,0,131000.0,36,personal,0.194,0
38,68900.0,3.8,14600.0,2.2,1,45900.0,0,70000.0,24,personal,0.258,0
37,102100.0,2.4,28200.0,1.3,1,6900.0,0,76000.0,48,medical,0.293,0
44,54600.0,3.0,14900.0,5.8,3,2100.0,0,75000.0,60,personal,0.298,0
23,42400.0,0.1,7800.0,3.6,1,21500.0,0,103000.0,24,personal,0.293,0
52,77900.0,7.4,9100.0,8.5,0,8300.0,0,218000.0,12,vehicle,0.369,0
55,42800.0,0.2,5700.0,6.1,1,7000.0,0,167000.0,60,business,0.203,0
58,48800.0,8.8,3500.0,1.3,0,25800.0,0,173000.0,12,business,0.391,1
33,63000.0,3.9,14700.0,3.6,2,515900.0,0,112000.0,24,home_improvement,0.313,0
45,33700.0,3.8,9300.0,2.8,0,5600.0,0,154000.0,36,medical,0.413,0
29,15800.0,6.1,7200.0,12.4,1,7400.0,0,226000.0,48,education,0.777,0
24,33000.0,9.8,15200.0,1.1,2,4000.0,0,91000.0,24,medical,0.585,0
34,56800.0,14.3,16700.0,1.3,0,7900.0,0,174000.0,12,personal,0.57,0
57,55100.0,3.9,9600.0,10.1,4,500.0,0,59000.0,36,home_improvement,0.206,0
54,73400.0,0.8,16500.0,2.4,2,18300.0,0,379000.0,12,medical,0.69,1
31,33600.0,10.5,800.0,2.4,0,1800.0,0,163000.0,24,personal,0.242,1
61,81700.0,0.2,24200.0,8.1,0,8700.0,0,473000.0,24,medical,0.557,0
23,43600.0,8.2,3100.0,1.4,0,16500.0,0,188000.0,48,medical,0.168,1
48,52700.0,5.7,5600.0,4.8,2,4900.0,0,286000.0,36,medical,0.269,0
49,60300.0,11.8,10700.0,5.1,1,61800.0,0,144000.0,36,home_improvement,0.249,0
29,21600.0,11.4,4500.0,2.3,0,10800.0,0,125000.0,12,personal,0.729,1
23,25500.0,0.3,3800.0,1.6,1,5100.0,0,215000.0,36,personal,0.402,1
45,25200.0,4.7,5900.0,5.5,2,12800.0,1,401000.0,48,personal,0.592,0
54,65000.0,0.7,19200.0,1.2,1,145200.0,0,131000.0,60,vehicle,0.332,0
32,35000.0,0.4,9000.0,6.8,0,6900.0,0,241000.0,36,personal,0.464,0
62,99900.0,3.0,9800.0,2.2,0,2200.0,0,144000.0,36,business,0.141,0
29,40200.0,0.5,10600.0,0.1,2,14800.0,0,301000.0,24,education,0.601,1
35,20700.0,6.5,3600.0,3.4,2,17400.0,1,261000.0,48,education,0.458,0
60,29700.0,17.4,10500.0,0.9,1,26500.0,0,240000.0,36,personal,0.596,1
45,42300.0,4.2,8900.0,2.5,4,900.0,0,47000.0,24,vehicle,0.26,0
25,50600.0,1.3,23400.0,6.6,0,224000.0,0,318000.0,12,vehicle,1.028,0
31,25800.0,9.3,1000.0,0.8,0,5600.0,0,68000.0,48,home_improvement,0.098,1
54,51800.0,9.6,4400.0,0.9,0,209200.0,0,52000.0,48,medical,0.108,0
44,58500.0,6.6,19300.0,2.6,1,4500.0,0,551000.0,24,vehicle,0.754,0
35,30100.0,4.8,5600.0,2.6,1,2100.0,0,168000.0,48,vehicle,0.312,0
58,97400.0,10.1,6800.0,2.4,2,27400.0,0,385000.0,36,personal,0.188,0
28,31600.0,0.9,14000.0,4.7,2,5700.0,0,86000.0,48,medical,0.504,0
25,25600.0,13.4,3500.0,1.3,0,28100.0,0,266000.0,36,personal,0.448,0
46,20200.0,14.7,7600.0,1.2,0,35300.0,0,53000.0,12,personal,0.612,0
38,69500.0,10.3,4800.0,0.1,1,2300.0,0,84000.0,24,personal,0.123,0
26,40600.0,1.4,15600.0,1.9,1,10600.0,0,429000.0,36,medical,0.701,0
57,32300.0,9.8,5200.0,0.9,0,26900.0,0,133000.0,12,business,0.532,0
33,20700.0,3.4,2400.0,3.6,0,62900.0,0,166000.0,24,business,0.477,1
48,33700.0,4.5,12300.0,0.8,0,4900.0,0,360000.0,12,personal,1.326,1
25,117200.0,9.2,23200.0,9.0,2,6700.0,0,153000.0,48,business,0.227,0
33,15300.0,0.2,2700.0,7.6,1,18600.0,0,86000.0,12,vehicle,0.682,1
37,30200.0,2.3,8000.0,5.8,2,4700.0,0,95000.0,36,business,0.359,0
60,89900.0,8.5,9100.0,6.6,2,7800.0,0,106000.0,36,personal,0.137,0
52,70400.0,8.4,17400.0,12.8,3,3400.0,0,313000.0,24,personal,0.447,0
49,31000.0,9.4,3800.0,1.5,1,6800.0,0,329000.0,12,medical,1.078,1
23,44000.0,0.9,12300.0,15.6,0,37700.0,0,128000.0,36,personal,0.367,0
60,49400.0,6.1,12200.0,8.8,1,39800.0,1,114000.0,36,personal,0.316,1
54,42600.0,0.8,16400.0,1.8,0,4100.0,0,112000.0,24,home_improvement,0.503,0
60,89600.0,7.7,28900.0,8.0,0,342800.0,0,126000.0,12,vehicle,0.449,0
47,46800.0,1.4,19900.0,9.1,0,39200.0,0,195000.0,48,education,0.519,0
33,66900.0,6.7,4800.0,0.1,1,8300.0,0,316000.0,24,personal,0.284,0
53,43600.0,3.0,400.0,8.3,3,5900.0,0,200000.0,36,vehicle,0.147,0
26,16100.0,21.4,3500.0,2.3,0,19200.0,0,129000.0,48,home_improvement,0.398,0
44,23500.0,4.3,2800.0,6.7,1,12100.0,0,79000.0,60,home_improvement,0.18,0
39,25800.0,5.0,3000.0,0.5,1,6400.0,0,81000.0,24,personal,0.258,1
36,35900.0,2.3,13500.0,0.8,2,4600.0,0,311000.0,36,education,0.636,0
60,102300.0,6.6,36000.0,15.4,0,7700.0,0,212000.0,48,vehicle,0.399,0
48,47200.0,3.4,15100.0,2.2,2,47600.0,0,185000.0,24,vehicle,0.496,0
53,38300.0,0.1,13100.0,6.4,1,45600.0,0,111000.0,48,personal,0.407,0
61,70100.0,4.7,26300.0,5.5,2,116500.0,0,330000.0,24,personal,0.587,1
33,20900.0,8.9,2700.0,6.2,0,41100.0,0,160000.0,36,personal,0.359,1
63,32200.0,1.4,14200.0,5.8,0,25500.0,0,125000.0,60,medical,0.511,0
45,30100.0,1.2,1200.0,9.8,1,31500.0,0,172000.0,60,home_improvement,0.143,0
62,48000.0,4.7,7900.0,3.6,2,8400.0,0,41000.0,36,home_improvement,0.19,0
56,60100.0,8.5,4700.0,2.2,1,19400.0,0,165000.0,24,home_improvement,0.202,0
47,49600.0,1.4,21700.0,10.4,2,14100.0,0,136000.0,12,personal,0.684,0
58,50000.0,13.5,2400.0,1.8,1,10300.0,1,458000.0,24,business,0.46,1
27,34100.0,13.1,9900.0,4.0,1,5200.0,0,99000.0,36,vehicle,0.377,0
25,46400.0,1.1,9400.0,7.7,0,10800.0,0,262000.0,36,business,0.372,0
63,27500.0,1.5,6900.0,9.9,0,11700.0,0,115000.0,24,vehicle,0.439,0
51,54400.0,6.0,12400.0,11.9,0,8500.0,0,354000.0,24,education,0.521,1
43,32000.0,15.2,13100.0,4.3,2,38500.0,0,382000.0,12,medical,1.484,1
62,24200.0,6.2,5700.0,5.1,1,9100.0,0,102000.0,24,medical,0.425,0
30,40800.0,2.9,16900.0,2.8,1,4000.0,0,134000.0,36,home_improvement,0.513,0
52,17000.0,0.9,7600.0,1.3,1,4300.0,0,119000.0,48,home_improvement,0.605,0
63,77900.0,3.1,28300.0,0.1,2,9300.0,0,535000.0,48,personal,0.518,0
50,57500.0,4.7,12600.0,1.0,1,4300.0,0,151000.0,36,medical,0.298,0
59,46700.0,2.0,17500.0,15.6,0,14600.0,0,233000.0,60,vehicle,0.465,0
51,19300.0,3.6,4000.0,6.6,0,29200.0,0,114000.0,48,personal,0.34,0
38,29300.0,0.7,8000.0,2.6,0,4700.0,0,207000.0,48,vehicle,0.432,0
56,40900.0,3.0,1700.0,1.7,2,44700.0,0,139000.0,12,vehicle,0.347,1
22,35700.0,0.5,4400.0,0.3,0,2600.0,0,170000.0,12,business,0.552,0
34,18800.0,0.3,2300.0,0.0,2,15900.0,0,65000.0,48,personal,0.2,1
33,22200.0,9.7,2800.0,5.6,2,2300.0,0,123000.0,24,personal,0.375,0
49,35300.0,1.1,16200.0,17.0,0,79500.0,0,321000.0,24,vehicle,0.868,0
32,22500.0,4.3,4000.0,1.2,0,18400.0,0,66000.0,24,personal,0.31,0
59,74400.0,0.8,19500.0,1.3,6,44000.0,0,76000.0,48,home_improvement,0.285,0
22,50100.0,1.5,11800.0,10.9,1,32500.0,1,105000.0,36,personal,0.298,1
52,28000.0,2.2,3300.0,3.7,0,134400.0,0,201000.0,12,personal,0.764,0
33,67900.0,0.8,26300.0,0.8,0,11200.0,0,475000.0,48,personal,0.545,1
47,62000.0,0.2,28800.0,0.2,0,36300.0,0,70000.0,36,personal,0.498,1
61,45700.0,10.5,4700.0,3.3,1,8700.0,0,403000.0,48,medical,0.301,0
37,39400.0,0.1,4200.0,2.4,1,4600.0,0,97000.0,60,home_improvement,0.151,0
60,35100.0,0.3,11800.0,2.3,2,16400.0,0,99000.0,36,business,0.421,0
51,31500.0,8.2,9300.0,13.9,3,64600.0,0,192000.0,36,personal,0.478,0
54,22000.0,1.7,9500.0,1.2,3,8800.0,0,103000.0,24,personal,0.642,1
44,79800.0,6.4,13700.0,2.7,1,5800.0,0,135000.0,36,personal,0.222,0
55,31800.0,0.8,18800.0,1.0,2,6800.0,0,113000.0,48,business,0.671,1
26,40600.0,1.4,10900.0,1.6,3,3500.0,0,180000.0,24,personal,0.468,0
39,26600.0,4.3,10300.0,5.8,0,8000.0,0,318000.0,24,home_improvement,0.925,0
50,35700.0,22.4,7000.0,0.9,1,3800.0,0,62000.0,12,medical,0.352,1
27,144800.0,0.4,45100.0,4.5,1,19100.0,0,136000.0,48,personal,0.333,0
30,28900.0,2.6,12000.0,0.6,0,27300.0,0,220000.0,36,personal,0.644,0
61,77000.0,0.2,32600.0,0.8,1,92100.0,0,339000.0,24,vehicle,0.621,0
52,39600.0,1.1,1700.0,0.1,1,25200.0,1,59000.0,36,personal,0.088,0
54,54500.0,11.9,10000.0,4.0,1,8700.0,0,184000.0,36,education,0.285,1
48,70300.0,0.5,13800.0,18.6,0,3800.0,0,85000.0,24,vehicle,0.251,0
35,45400.0,9.7,15600.0,4.3,2,16300.0,0,100000.0,36,personal,0.41,1
50,34300.0,1.0,4800.0,10.3,2,4200.0,0,351000.0,36,vehicle,0.447,0
57,36900.0,9.9,6100.0,3.0,1,52300.0,0,421000.0,36,personal,0.508,0
49,37500.0,3.9,2900.0,4.6,1,7400.0,0,120000.0,24,vehicle,0.221,0
42,92900.0,10.5,46500.0,10.4,1,70100.0,0,90000.0,24,medical,0.544,0
24,20600.0,0.8,1500.0,0.4,1,17000.0,0,41000.0,24,personal,0.162,0
40,18100.0,7.2,2700.0,3.6,0,6100.0,0,224000.0,12,personal,1.263,1
52,18600.0,5.7,3200.0,3.4,1,20600.0,0,62000.0,24,vehicle,0.322,0
56,26800.0,3.9,3100.0,0.1,0,11100.0,0,475000.0,36,personal,0.647,1
24,55000.0,8.3,23100.0,0.7,2,7700.0,0,192000.0,60,medical,0.483,0
47,56500.0,5.2,16800.0,3.2,1,46800.0,0,109000.0,24,home_improvement,0.384,1
37,30500.0,10.5,6500.0,2.8,1,13900.0,0,159000.0,36,personal,0.369,0
32,39600.0,2.4,23300.0,1.7,1,7800.0,0,170000.0,24,business,0.782,0
42,24300.0,4.5,8000.0,4.8,0,68600.0,0,221000.0,36,education,0.602,0
37,25300.0,10.2,2200.0,1.8,5,49300.0,0,125000.0,48,business,0.198,1
30,52100.0,1.2,29700.0,5.9,3,4400.0,0,103000.0,48,home_improvement,0.615,0
21,64300.0,3.3,26700.0,6.6,0,8400.0,0,69000.0,36,business,0.447,1
42,32400.0,16.2,5300.0,4.1,2,6500.0,0,232000.0,24,business,0.486,0
46,83800.0,3.2,5400.0,1.3,2,404200.0,0,76000.0,36,vehicle,0.092,0
38,62000.0,1.5,14800.0,6.5,1,13500.0,0,46000.0,48,education,0.255,0
34,82100.0,2.2,46700.0,1.2,1,14100.0,0,100000.0,48,home_improvement,0.596,0
49,35100.0,10.8,10900.0,1.4,3,7500.0,0,142000.0,48,personal,0.402,0
32,79600.0,15.5,30600.0,3.8,0,3500.0,0,126000.0,12,home_improvement,0.527,1
56,107000.0,15.0,13800.0,4.7,0,59200.0,0,308000.0,48,personal,0.194,0
55,33300.0,6.0,6800.0,1.9,4,15300.0,0,119000.0,36,personal,0.311,1
32,37400.0,3.6,1500.0,3.6,2,73600.0,0,112000.0,24,vehicle,0.175,0
27,26200.0,1.0,7300.0,1.1,1,12000.0,0,287000.0,24,business,0.772,0
49,24000.0,0.7,9900.0,6.3,0,8600.0,0,158000.0,24,business,0.709,1
31,24100.0,0.3,5200.0,19.4,0,3700.0,0,382000.0,36,personal,0.691,0
53,27900.0,0.1,16500.0,4.8,2,7900.0,0,127000.0,48,business,0.694,1
26,45400.0,10.5,7200.0,1.5,1,13600.0,1,166000.0,36,business,0.268,0
35,28400.0,8.3,5300.0,1.7,0,29200.0,0,57000.0,60,personal,0.223,0
52,44800.0,4.2,7500.0,0.1,1,24600.0,0,145000.0,24,personal,0.313,0
31,45200.0,33.3,23200.0,4.2,0,18100.0,0,135000.0,36,home_improvement,0.603,0
43,32500.0,15.3,4500.0,3.7,0,11900.0,0,47000.0,48,personal,0.171,0
46,39000.0,5.3,19100.0,12.4,1,33400.0,0,121000.0,24,personal,0.629,0
54,31600.0,3.1,700.0,2.1,1,25400.0,0,186000.0,12,home_improvement,0.552,0
54,34900.0,0.8,18500.0,10.8,1,47300.0,0,63000.0,24,vehicle,0.611,0
49,27900.0,3.6,4200.0,5.7,0,24700.0,0,268000.0,12,medical,1.015,0
24,41700.0,0.9,12300.0,1.4,1,192500.0,0,77000.0,36,business,0.35,0
37,30600.0,2.5,14000.0,0.1,1,8000.0,0,178000.0,12,home_improvement,0.981,0
55,23700.0,14.3,12300.0,5.2,1,18800.0,0,480000.0,48,vehicle,0.975,1
33,52400.0,2.1,10500.0,2.7,2,337600.0,0,191000.0,60,vehicle,0.266,0
61,53200.0,0.8,19400.0,13.1,0,8900.0,0,126000.0,24,education,0.471,0
59,66200.0,4.4,13400.0,0.1,3,80800.0,0,163000.0,36,education,0.276,0
35,25300.0,4.6,3100.0,3.0,0,10900.0,0,331000.0,48,personal,0.417,0
49,32300.0,1.1,13400.0,6.2,3,12300.0,0,141000.0,24,education,0.611,1
49,44500.0,1.1,9900.0,6.2,1,12100.0,0,69000.0,48,personal,0.257,0
31,32000.0,22.8,15200.0,4.5,2,11500.0,0,107000.0,48,personal,0.55,1
52,51900.0,1.4,30800.0,2.0,0,46800.0,0,114000.0,36,personal,0.659,1
22,50200.0,9.1,21000.0,0.3,1,34400.0,0,135000.0,36,vehicle,0.499,0
34,49800.0,3.2,12700.0,1.4,1,4700.0,0,357000.0,12,personal,0.9,1
40,77400.0,2.9,30200.0,4.2,3,16800.0,0,117000.0,24,vehicle,0.458,0
42,53600.0,1.7,17500.0,5.9,1,51100.0,0,544000.0,36,vehicle,0.631,0
31,43000.0,7.4,10000.0,6.8,0,1500.0,0,112000.0,24,business,0.35,0
47,36800.0,10.6,12100.0,6.0,1,15100.0,0,70000.0,36,vehicle,0.386,0
23,38000.0,1.5,5900.0,1.6,1,18100.0,0,103000.0,48,education,0.216,0
37,24900.0,0.5,3000.0,4.7,2,39300.0,0,157000.0,60,home_improvement,0.234,0
64,18100.0,0.7,9500.0,13.9,3,21200.0,0,94000.0,36,home_improvement,0.681,0
48,49400.0,7.9,14400.0,0.6,2,18300.0,0,436000.0,24,personal,0.689,0
49,69600.0,2.9,7300.0,5.3,3,9200.0,1,54000.0,60,home_improvement,0.119,0
41,34600.0,0.7,4200.0,2.1,0,17800.0,0,81000.0,36,personal,0.192,0
36,82000.0,2.1,20700.0,1.0,0,19100.0,0,44000.0,24,home_improvement,0.277,0
57,37100.0,3.6,7600.0,1.5,1,100500.0,0,129000.0,60,education,0.267,0
40,16700.0,9.6,3200.0,0.7,2,5200.0,1,194000.0,48,education,0.453,1
26,60700.0,5.1,21500.0,6.8,0,3600.0,1,87000.0,36,vehicle,0.397,1
39,32300.0,1.0,8300.0,2.0,2,6300.0,0,138000.0,12,vehicle,0.641,0
25,63200.0,0.9,12300.0,11.1,2,8700.0,0,93000.0,36,medical,0.239,0
23,22600.0,2.7,5700.0,13.6,0,17600.0,0,155000.0,48,business,0.407,0
21,48300.0,0.4,12500.0,13.5,2,50100.0,0,233000.0,12,business,0.693,1
58,28000.0,7.0,11700.0,0.7,0,16800.0,0,153000.0,24,personal,0.664,0
35,43900.0,2.6,15800.0,1.7,0,7000.0,0,354000.0,12,personal,1.086,1
54,56700.0,2.1,7600.0,1.5,2,2700.0,0,79000.0,48,home_improvement,0.165,1
55,51000.0,3.6,900.0,10.2,0,13500.0,0,330000.0,12,vehicle,0.6,0
45,41400.0,6.2,17400.0,0.4,2,64800.0,0,59000.0,60,vehicle,0.446,1
44,21600.0,4.2,2400.0,3.6,1,8400.0,1,234000.0,12,business,1.086,1
32,55800.0,8.1,24800.0,2.7,0,14100.0,0,74000.0,12,vehicle,0.564,0
38,63800.0,5.0,12500.0,15.0,0,50700.0,0,42000.0,36,personal,0.216,0
35,25100.0,7.8,7600.0,13.2,0,2000.0,0,178000.0,24,personal,0.622,0
64,26800.0,6.0,5900.0,2.2,1,11800.0,0,159000.0,12,vehicle,0.754,0
36,65100.0,1.1,29000.0,2.3,1,25100.0,0,29000.0,48,business,0.455,0
47,36500.0,0.3,8800.0,1.9,1,9100.0,0,106000.0,12,vehicle,0.502,0
28,27100.0,11.7,8400.0,6.2,1,15300.0,0,150000.0,12,personal,0.808,1
45,45400.0,14.6,8600.0,0.4,4,20200.0,0,239000.0,36,personal,0.347,0
37,30100.0,6.5,6900.0,0.5,0,21600.0,0,318000.0,24,education,0.705,0
49,43200.0,6.4,9900.0,4.9,2,84900.0,1,133000.0,12,education,0.506,1
28,33300.0,1.6,24600.0,0.1,0,10400.0,0,177000.0,12,vehicle,1.217,0
35,34600.0,3.9,13300.0,4.4,2,20300.0,0,250000.0,60,education,0.514,1
47,66100.0,24.3,33500.0,0.6,3,13300.0,0,249000.0,36,personal,0.62,1
27,13200.0,9.7,3200.0,6.2,1,121800.0,0,219000.0,24,vehicle,0.989,1
23,51500.0,1.8,16700.0,5.4,1,17700.0,0,347000.0,24,vehicle,0.627,0
49,61400.0,1.8,14800.0,0.8,2,27100.0,0,311000.0,36,personal,0.393,1
64,30300.0,3.3,11400.0,5.7,2,27700.0,0,167000.0,12,business,0.872,1
44,61200.0,2.6,16800.0,6.2,1,6300.0,0,98000.0,24,education,0.347,0
23,26100.0,2.3,10100.0,10.4,3,21900.0,0,180000.0,12,business,1.008,1
40,29800.0,4.9,8100.0,5.2,1,47400.0,0,358000.0,36,personal,0.632,0
35,28300.0,0.1,14300.0,8.1,1,800.0,0,93000.0,48,vehicle,0.579,0
45,61600.0,7.2,8600.0,4.1,0,5200.0,0,358000.0,60,medical,0.244,0
50,18300.0,6.7,3400.0,3.9,2,87300.0,0,129000.0,36,education,0.397,0
34,84000.0,8.9,14300.0,4.5,1,1100.0,0,41000.0,48,vehicle,0.181,0
27,35000.0,9.2,11700.0,2.1,0,85300.0,0,110000.0,48,personal,0.405,0
37,52900.0,4.2,14700.0,1.0,0,8000.0,1,73000.0,12,vehicle,0.402,1
64,50900.0,7.6,9200.0,2.1,2,17400.0,0,85000.0,24,home_improvement,0.256,0
40,43000.0,3.4,9800.0,3.6,3,34700.0,0,718000.0,12,personal,1.731,1
56,30600.0,15.1,13100.0,4.7,0,24400.0,0,119000.0,24,personal,0.603,1
29,70200.0,1.1,12200.0,2.4,1,13700.0,0,181000.0,12,medical,0.406,0
58,31800.0,12.4,6600.0,1.6,1,9300.0,1,197000.0,36,business,0.393,0
42,28900.0,1.5,6000.0,1.1,1,8000.0,1,142000.0,24,home_improvement,0.429,0
22,59600.0,0.5,21900.0,0.8,4,2000.0,1,68000.0,24,personal,0.419,0
44,42900.0,2.9,8000.0,2.6,3,35900.0,0,86000.0,60,business,0.223,0
28,73900.0,4.8,18300.0,4.9,0,32200.0,0,101000.0,60,personal,0.272,0
31,39000.0,1.3,2800.0,7.1,1,5000.0,0,102000.0,24,home_improvement,0.189,1
33,29900.0,4.1,8400.0,1.7,0,10600.0,0,197000.0,24,personal,0.577,0
37,45400.0,8.2,7000.0,3.8,1,2200.0,0,156000.0,48,personal,0.231,0
28,32800.0,1.5,1400.0,2.6,2,32700.0,0,130000.0,36,education,0.162,0
41,30300.0,4.3,10400.0,13.6,0,8800.0,0,166000.0,24,personal,0.59,0
38,58400.0,2.1,20900.0,8.6,0,5600.0,1,83000.0,48,home_improvement,0.39,1
50,91500.0,3.8,44600.0,8.6,2,36600.0,0,77000.0,12,personal,0.563,0
38,35900.0,5.5,4800.0,3.5,0,16300.0,0,182000.0,48,home_improvement,0.248,0
51,25900.0,2.2,9300.0,2.3,2,30400.0,0,109000.0,60,vehicle,0.435,0
58,37500.0,26.0,11800.0,4.2,0,5500.0,0,200000.0,24,medical,0.555,0
52,50600.0,4.1,10100.0,0.7,3,1900.0,1,411000.0,36,vehicle,0.443,1
31,45100.0,8.7,6300.0,8.6,1,5500.0,0,344000.0,12,personal,0.826,0
45,68700.0,6.5,10500.0,1.3,2,11000.0,0,178000.0,48,vehicle,0.211,0
53,54100.0,9.6,7500.0,7.0,0,14200.0,0,175000.0,48,personal,0.211,0
58,24400.0,1.0,6200.0,1.4,1,5600.0,0,311000.0,36,vehicle,0.636,0
61,32100.0,1.3,12900.0,3.0,1,6500.0,0,406000.0,24,personal,0.971,1
28,21600.0,3.3,3200.0,5.9,1,43800.0,1,196000.0,24,personal,0.556,0
31,67200.0,9.6,14400.0,2.0,1,9900.0,1,541000.0,48,medical,0.395,0
42,16400.0,1.1,2400.0,1.8,1,160800.0,0,261000.0,36,vehicle,0.624,0
44,22500.0,17.7,2700.0,8.8,1,8900.0,0,187000.0,36,medical,0.369,0
61,31900.0,0.7,2800.0,0.3,0,15400.0,0,84000.0,12,home_improvement,0.325,0
37,51700.0,1.0,11600.0,7.4,1,29000.0,0,309000.0,12,home_improvement,0.762,0
32,31700.0,0.9,4300.0,10.5,1,8100.0,0,121000.0,12,vehicle,0.479,0
52,34100.0,4.4,19800.0,3.3,0,1000.0,0,190000.0,48,medical,0.706,0
35,34400.0,12.5,5200.0,4.8,0,72900.0,0,43000.0,12,personal,0.264,1
36,43400.0,1.5,13500.0,7.9,0,11200.0,0,91000.0,36,business,0.374,0
42,23200.0,4.0,4600.0,2.3,2,9100.0,0,319000.0,48,vehicle,0.508,0
48,26200.0,1.0,1100.0,8.4,1,11600.0,0,66000.0,36,vehicle,0.118,0
40,85500.0,5.0,9900.0,1.9,0,38100.0,0,273000.0,12,business,0.403,0
53,48100.0,0.7,14600.0,1.5,0,22300.0,0,85000.0,48,home_improvement,0.343,0
30,56500.0,3.4,10300.0,16.3,2,3400.0,0,71000.0,12,home_improvement,0.295,0
60,41200.0,5.3,8200.0,0.1,1,13400.0,0,136000.0,36,personal,0.298,0
52,37700.0,4.3,15800.0,1.5,1,13400.0,0,53000.0,48,business,0.451,0
53,49300.0,0.8,6600.0,2.5,1,5100.0,0,87000.0,36,business,0.187,0
22,55700.0,0.9,19700.0,1.5,0,3100.0,0,241000.0,24,personal,0.548,0
53,58700.0,5.6,13500.0,1.3,2,4500.0,0,325000.0,12,business,0.728,0
53,37900.0,8.3,17600.0,1.9,0,7000.0,0,135000.0,60,personal,0.528,0
61,61700.0,11.9,23000.0,2.0,3,4700.0,0,331000.0,24,education,0.614,1
33,13200.0,8.4,1700.0,0.3,0,31400.0,0,100000.0,12,vehicle,0.811,1
50,60000.0,18.2,9600.0,6.0,2,88500.0,0,110000.0,24,personal,0.242,0
53,33100.0,2.6,9900.0,0.7,1,16200.0,0,75000.0,48,personal,0.35,0
33,51500.0,2.0,20300.0,0.2,2,9800.0,0,75000.0,36,personal,0.438,1
46,30000.0,0.1,4200.0,3.6,2,3200.0,0,194000.0,24,medical,0.431,0
42,22100.0,3.0,8800.0,4.4,0,6400.0,0,87000.0,24,vehicle,0.575,1
59,46800.0,5.3,23400.0,5.7,0,23700.0,0,163000.0,48,medical,0.578,0
22,20400.0,8.4,3100.0,0.4,0,51100.0,0,98000.0,60,medical,0.238,0
58,33500.0,1.6,3200.0,0.8,1,4200.0,0,335000.0,24,education,0.546,1
59,27800.0,3.6,4700.0,0.8,0,49600.0,0,127000.0,60,business,0.251,0
46,37100.0,5.4,13700.0,3.6,1,4800.0,0,196000.0,12,personal,0.845,1
35,57500.0,4.0,9300.0,8.8,1,41200.0,0,68000.0,12,personal,0.268,1
54,32200.0,1.6,8400.0,4.9,0,3700.0,0,201000.0,24,vehicle,0.542,1
62,46200.0,8.0,29800.0,1.5,3,30300.0,0,112000.0,24,medical,0.754,1
64,56000.0,1.0,1600.0,7.7,2,5800.0,0,189000.0,36,home_improvement,0.13,0
60,30500.0,11.8,1700.0,4.4,1,174500.0,0,154000.0,24,home_improvement,0.283,0
31,30700.0,15.2,3700.0,4.7,1,19300.0,1,158000.0,12,education,0.584,1
23,74300.0,2.3,4300.0,12.6,0,3500.0,0,280000.0,48,home_improvement,0.143,0
26,38700.0,2.4,19700.0,12.0,2,12500.0,0,138000.0,24,business,0.669,0
29,50500.0,6.8,18700.0,1.9,1,21800.0,0,392000.0,36,home_improvement,0.603,0
26,50300.0,3.0,26600.0,4.0,3,10000.0,0,138000.0,48,vehicle,0.591,0
29,23400.0,0.1,2400.0,0.9,1,17400.0,0,121000.0,12,personal,0.568,0
59,28500.0,12.6,6100.0,2.1,0,3100.0,0,308000.0,36,home_improvement,0.538,0
51,47500.0,2.8,15500.0,1.3,0,10500.0,0,90000.0,48,personal,0.369,0
52,15800.0,1.1,2900.0,1.8,1,2100.0,0,180000.0,24,business,0.696,0
61,36500.0,4.1,2200.0,4.5,0,9700.0,0,394000.0,36,medical,0.384,0
32,27200.0,1.2,4300.0,0.9,1,153000.0,0,93000.0,60,personal,0.22,1
28,66200.0,1.2,8200.0,0.8,0,17700.0,0,58000.0,48,business,0.144,0
28,46900.0,3.9,11900.0,1.9,0,3400.0,0,391000.0,24,vehicle,0.629,0
48,68600.0,2.5,27200.0,0.4,1,8800.0,0,374000.0,12,personal,0.887,1
40,39400.0,4.3,5000.0,6.7,2,7700.0,0,163000.0,24,personal,0.313,0
27,38100.0,28.8,2900.0,12.7,1,108400.0,0,73000.0,36,home_improvement,0.134,0
31,35000.0,9.8,4200.0,6.5,3,3600.0,0,417000.0,24,personal,0.656,0
40,32000.0,0.0,2700.0,3.0,2,8500.0,0,210000.0,24,vehicle,0.38,0
36,134300.0,0.3,53100.0,4.5,3,3700.0,0,252000.0,36,personal,0.452,0
24,57700.0,4.7,13100.0,6.6,1,60900.0,0,157000.0,60,personal,0.276,1
26,24800.0,4.9,5700.0,0.3,2,1500.0,0,341000.0,24,business,0.849,0
42,131600.0,10.5,3600.0,2.2,1,4000.0,0,282000.0,24,education,0.124,0
46,33400.0,5.0,2200.0,0.6,2,17400.0,0,321000.0,36,business,0.354,0
23,46400.0,1.3,13500.0,0.4,0,55700.0,0,193000.0,12,personal,0.665,0
61,61300.0,3.2,16600.0,5.7,2,45200.0,0,137000.0,24,home_improvement,0.371,0
62,20100.0,8.3,3900.0,7.8,0,38300.0,0,154000.0,24,personal,0.539,1
34,27700.0,12.8,9200.0,0.4,2,18100.0,0,146000.0,36,business,0.49,1
31,84300.0,1.4,3600.0,0.8,0,15400.0,0,91000.0,36,business,0.075,0
38,36300.0,3.9,1800.0,1.0,1,62900.0,0,86000.0,12,home_improvement,0.263,1
32,62900.0,0.9,8300.0,7.8,0,65200.0,0,45000.0,24,vehicle,0.164,0
43,32700.0,3.4,5200.0,9.8,2,8700.0,0,40000.0,36,business,0.196,0
32,38500.0,0.5,4800.0,5.8,2,9000.0,0,294000.0,24,home_improvement,0.468,0
33,89600.0,14.2,9900.0,6.4,1,2600.0,0,176000.0,36,vehicle,0.169,0
45,48900.0,5.1,14000.0,1.7,0,17800.0,0,247000.0,60,medical,0.377,0
39,34400.0,9.6,9900.0,2.1,1,18300.0,0,89000.0,60,medical,0.334,0
56,29500.0,31.9,1400.0,1.3,0,3100.0,0,155000.0,60,personal,0.142,0
28,30800.0,1.0,6300.0,12.7,1,25200.0,0,143000.0,12,education,0.622,1
49,70200.0,5.9,21300.0,5.2,3,3900.0,0,240000.0,48,vehicle,0.38,0
52,56600.0,10.9,12500.0,1.7,2,10500.0,0,110000.0,60,medical,0.256,0
64,23900.0,4.3,1500.0,0.6,1,50500.0,0,232000.0,60,vehicle,0.237,0
38,41700.0,5.1,3400.0,0.9,0,66400.0,0,191000.0,12,business,0.494,0
26,38900.0,2.6,6700.0,0.9,1,3800.0,0,221000.0,48,vehicle,0.3,0
38,46300.0,5.6,16900.0,3.8,0,6400.0,0,313000.0,36,home_improvement,0.568,1
39,30600.0,2.5,8000.0,9.3,2,41700.0,0,102000.0,48,medical,0.336,0
42,65800.0,3.2,14100.0,8.1,1,26800.0,0,89000.0,48,personal,0.245,0
57,40100.0,0.5,10500.0,0.3,2,30100.0,1,108000.0,36,home_improvement,0.343,1
52,47500.0,0.0,9500.0,4.9,3,400.0,0,115000.0,24,vehicle,0.309,0
61,28200.0,0.3,5900.0,0.7,1,3300.0,0,459000.0,12,vehicle,1.674,1
23,28800.0,1.1,5900.0,1.5,0,25000.0,0,41000.0,36,personal,0.248,0
48,132700.0,3.0,23200.0,3.1,0,82800.0,0,196000.0,24,personal,0.241,0
30,90200.0,0.1,44300.0,7.4,0,6300.0,0,179000.0,24,business,0.58,0
55,38900.0,0.8,13200.0,1.1,2,13100.0,0,204000.0,36,business,0.497,0
49,80000.0,7.6,29900.0,8.3,1,3500.0,0,85000.0,36,personal,0.406,0
35,69300.0,7.2,7300.0,5.3,0,88300.0,0,256000.0,36,home_improvement,0.216,0
53,30300.0,7.8,3300.0,4.5,0,3800.0,0,520000.0,36,personal,0.624,0
27,29000.0,12.7,9000.0,0.6,2,37900.0,1,116000.0,24,medical,0.49,1
32,54200.0,0.6,8500.0,2.6,1,4100.0,1,36000.0,24,personal,0.187,0
50,45100.0,0.9,12800.0,1.3,1,800.0,0,72000.0,36,personal,0.332,0
41,33500.0,2.0,7800.0,3.5,1,20900.0,0,77000.0,24,business,0.336,0
51,55500.0,12.3,16700.0,4.5,1,11900.0,0,136000.0,48,education,0.356,0
44,21000.0,7.5,8700.0,0.3,2,27100.0,0,98000.0,36,medical,0.554,1
40,42300.0,2.0,3600.0,4.1,2,17000.0,0,84000.0,36,medical,0.145,0
57,23000.0,0.5,10900.0,2.8,1,3800.0,0,164000.0,36,vehicle,0.688,1
24,23300.0,4.8,1100.0,7.3,0,9700.0,0,226000.0,48,education,0.265,1
48,29200.0,1.5,7400.0,6.3,2,52800.0,0,104000.0,48,education,0.334,0
64,47300.0,3.8,18100.0,2.1,2,32700.0,0,262000.0,36,business,0.549,0
40,29600.0,14.2,1400.0,15.0,1,26200.0,0,448000.0,12,personal,1.409,1
44,23200.0,4.3,7500.0,3.5,1,164300.0,0,73000.0,48,vehicle,0.394,0
52,49700.0,12.9,3600.0,13.3,2,26300.0,0,110000.0,48,personal,0.122,1
61,78600.0,2.5,16500.0,5.1,1,42200.0,0,70000.0,36,business,0.237,0
56,53500.0,5.0,14900.0,2.1,2,2100.0,0,340000.0,48,personal,0.421,0
54,90300.0,11.2,48000.0,1.1,3,43800.0,0,155000.0,24,personal,0.609,0
56,75700.0,4.4,6100.0,2.5,0,20800.0,0,224000.0,12,personal,0.347,0
22,32200.0,4.8,11700.0,11.0,2,32000.0,0,189000.0,24,vehicle,0.627,1
35,53300.0,6.3,5500.0,0.6,1,17500.0,0,160000.0,48,medical,0.171,0
54,38500.0,10.7,21900.0,2.5,2,36800.0,0,222000.0,48,home_improvement,0.699,0
56,64700.0,0.5,6200.0,1.7,3,18000.0,0,408000.0,36,personal,0.285,0
26,38500.0,2.1,6500.0,8.1,1,16900.0,0,48000.0,24,home_improvement,0.225,0
59,28100.0,2.5,15300.0,6.5,1,113600.0,0,234000.0,48,business,0.732,0
62,74500.0,12.0,27600.0,3.2,4,20200.0,0,122000.0,12,vehicle,0.518,0
32,46300.0,15.6,15000.0,2.1,1,96600.0,0,348000.0,12,vehicle,1.0,0
23,29800.0,0.6,18000.0,4.6,0,26500.0,1,171000.0,12,personal,1.12,1
38,32100.0,0.6,11900.0,12.2,0,73500.0,0,312000.0,24,vehicle,0.808,1
60,29700.0,13.7,5700.0,0.4,1,15200.0,0,223000.0,36,home_improvement,0.417,1
41,25600.0,1.8,10100.0,9.2,2,6700.0,1,148000.0,36,medical,0.568,0
35,32400.0,1.4,9000.0,1.4,0,6900.0,1,160000.0,36,vehicle,0.426,0
53,47500.0,0.2,6700.0,0.0,1,9700.0,0,159000.0,48,vehicle,0.216,0
55,41300.0,1.6,9900.0,5.4,0,1200.0,0,558000.0,12,business,1.456,1
46,33000.0,5.9,5200.0,6.2,0,4500.0,0,66000.0,36,vehicle,0.218,0
28,78700.0,2.8,14300.0,1.5,0,47700.0,0,280000.0,36,personal,0.288,0
56,16200.0,3.6,5500.0,6.0,0,39900.0,0,101000.0,36,personal,0.527,0
50,46100.0,12.5,22100.0,6.4,2,21100.0,0,163000.0,60,medical,0.543,1
43,37600.0,0.6,10900.0,4.5,1,146000.0,0,97000.0,24,education,0.406,0
62,25900.0,0.4,13500.0,0.2,1,6000.0,1,161000.0,24,vehicle,0.801,1
64,47300.0,9.6,10200.0,4.4,3,23500.0,1,60000.0,48,business,0.244,0
34,36400.0,7.5,12100.0,10.8,1,32100.0,0,237000.0,24,medical,0.625,1
34,70300.0,1.5,32700.0,3.9,1,10200.0,1,95000.0,48,medical,0.496,1
22,59300.0,2.0,6500.0,1.8,0,8000.0,0,208000.0,12,business,0.425,1
57,94600.0,1.9,19500.0,3.3,0,12600.0,0,139000.0,12,vehicle,0.338,0
25,32300.0,5.2,12600.0,19.9,1,7900.0,0,602000.0,36,medical,0.949,1
58,75200.0,0.3,25400.0,2.6,0,191600.0,0,329000.0,24,personal,0.535,0
61,23800.0,3.4,3000.0,7.4,1,11900.0,0,126000.0,24,education,0.364,0
34,38200.0,0.7,3600.0,0.6,0,25100.0,0,94000.0,12,business,0.316,0
59,32600.0,8.6,4300.0,0.2,0,8500.0,0,199000.0,36,business,0.315,0
45,52600.0,2.4,5500.0,2.0,0,141300.0,1,688000.0,12,personal,1.282,0
40,52100.0,3.7,5600.0,0.6,0,14100.0,0,331000.0,48,business,0.25,0
22,26800.0,0.1,9100.0,1.6,3,2900.0,1,220000.0,36,vehicle,0.586,0
59,54000.0,0.3,20000.0,5.0,3,4900.0,0,293000.0,36,personal,0.533,0
26,33800.0,5.6,1700.0,2.4,0,39500.0,0,191000.0,36,personal,0.22,0
37,27800.0,7.3,6900.0,1.5,0,16800.0,0,323000.0,36,education,0.597,0
45,39900.0,6.2,6200.0,8.9,0,43400.0,0,207000.0,24,personal,0.389,0
48,20600.0,6.7,7400.0,0.0,1,48400.0,0,115000.0,36,home_improvement,0.527,1
22,61000.0,0.6,13200.0,6.7,0,10100.0,0,70000.0,60,business,0.237,0
55,39100.0,5.9,13800.0,3.9,2,13300.0,0,348000.0,36,home_improvement,0.62,0
57,39500.0,1.0,6900.0,0.2,1,9000.0,1,170000.0,48,business,0.272,1
25,38600.0,0.5,6000.0,0.1,1,23900.0,0,168000.0,24,education,0.351,1
21,84200.0,7.1,3100.0,0.8,0,2500.0,0,152000.0,36,personal,0.091,0
60,79500.0,11.0,18300.0,15.2,1,11600.0,0,461000.0,24,personal,0.491,0
32,73700.0,6.3,22200.0,0.4,0,8200.0,0,87000.0,48,home_improvement,0.328,1
56,38600.0,8.2,16000.0,5.4,5,15800.0,0,105000.0,36,business,0.496,1
43,24300.0,23.6,4400.0,2.1,1,9300.0,0,216000.0,36,vehicle,0.448,0
51,39800.0,0.7,11900.0,1.1,2,23600.0,0,302000.0,12,personal,0.982,1
31,46200.0,16.8,13900.0,3.4,0,60400.0,0,81000.0,48,education,0.34,0
30,57900.0,4.6,13800.0,1.8,1,72200.0,0,226000.0,60,personal,0.309,0
23,46200.0,8.4,7600.0,1.5,1,9300.0,0,192000.0,48,personal,0.258,0
34,25300.0,5.3,4700.0,1.1,3,48900.0,1,166000.0,48,home_improvement,0.333,0
36,31500.0,4.2,2900.0,2.4,2,800.0,0,516000.0,48,medical,0.461,1
30,30300.0,6.1,6400.0,0.7,3,27200.0,0,50000.0,48,business,0.248,0
49,51200.0,1.9,20200.0,7.6,3,2800.0,0,75000.0,48,business,0.427,0
30,51700.0,12.9,3600.0,3.6,0,48400.0,0,349000.0,12,personal,0.677,0
32,54900.0,0.6,19300.0,0.3,0,63100.0,0,156000.0,12,vehicle,0.607,0
50,46000.0,1.9,3900.0,2.4,3,31500.0,0,421000.0,48,home_improvement,0.291,0
61,15900.0,0.2,3700.0,4.0,1,9200.0,0,572000.0,24,personal,1.851,1
21,18500.0,1.6,5300.0,7.9,1,4300.0,0,253000.0,48,personal,0.594,0
25,37700.0,1.2,4800.0,0.1,1,14500.0,0,151000.0,24,vehicle,0.308,0
40,41900.0,0.3,3800.0,2.4,0,11200.0,0,374000.0,36,personal,0.358,0
28,70600.0,3.4,25800.0,4.9,1,14300.0,0,244000.0,24,personal,0.521,0
63,41600.0,3.2,12200.0,0.9,2,17700.0,0,69000.0,36,vehicle,0.343,0
32,25900.0,0.4,6400.0,1.0,3,54100.0,0,255000.0,24,personal,0.69,1
21,54100.0,1.5,10000.0,2.7,0,5900.0,0,988000.0,36,home_improvement,0.733,0
40,39800.0,15.3,19700.0,8.6,1,3400.0,0,213000.0,60,personal,0.591,0
48,33500.0,0.6,12800.0,2.0,0,13800.0,0,145000.0,36,home_improvement,0.512,1
63,19400.0,1.8,1900.0,2.7,4,12600.0,0,121000.0,48,personal,0.238,0
57,41700.0,0.2,10700.0,4.0,0,16400.0,0,133000.0,36,vehicle,0.352,0
57,44500.0,0.8,29500.0,1.5,1,20200.0,0,140000.0,12,personal,0.946,1
32,25600.0,6.0,12700.0,8.1,2,14500.0,0,147000.0,48,personal,0.625,1
57,56100.0,2.3,3500.0,13.1,2,5300.0,0,135000.0,60,personal,0.106,1
64,53900.0,3.0,8800.0,4.2,3,18800.0,0,316000.0,24,personal,0.427,0
48,41000.0,0.9,11800.0,4.1,0,84400.0,0,213000.0,36,medical,0.444,0
35,40300.0,5.7,13000.0,4.5,1,13900.0,0,308000.0,36,education,0.552,0
26,61400.0,7.0,17400.0,0.9,2,17900.0,0,92000.0,36,personal,0.328,0
64,47400.0,1.0,11700.0,5.3,2,60400.0,0,157000.0,12,education,0.545,0
40,29300.0,0.2,3400.0,1.7,0,4600.0,1,169000.0,48,vehicle,0.246,1
34,36700.0,0.4,2800.0,20.1,2,12200.0,0,119000.0,48,home_improvement,0.149,0
22,51600.0,5.4,4800.0,5.6,2,52200.0,0,139000.0,12,vehicle,0.335,0
29,16100.0,0.7,1300.0,3.5,1,36300.0,1,71000.0,36,personal,0.213,1
57,26400.0,3.4,4800.0,9.7,1,34600.0,0,92000.0,48,personal,0.26,0
40,54600.0,0.8,14000.0,14.0,2,900.0,0,245000.0,60,vehicle,0.337,0
46,69100.0,0.9,14300.0,6.8,1,6100.0,0,246000.0,24,education,0.367,0
49,63500.0,0.0,16000.0,5.7,1,2400.0,0,75000.0,24,medical,0.305,0
21,60000.0,1.9,3100.0,0.3,1,76200.0,0,136000.0,48,business,0.103,0
55,42500.0,0.5,16400.0,4.9,1,25200.0,0,91000.0,48,home_improvement,0.434,1
26,25300.0,2.5,2800.0,1.6,1,13200.0,0,100000.0,60,home_improvement,0.182,0
57,36700.0,4.6,8800.0,10.6,2,5700.0,0,44000.0,36,medical,0.276,0
25,16400.0,2.3,9400.0,3.8,1,9200.0,0,82000.0,36,home_improvement,0.723,0
53,72100.0,6.1,18000.0,1.9,1,191700.0,0,94000.0,12,business,0.367,0
34,27800.0,6.8,2600.0,1.7,1,13900.0,0,187000.0,60,home_improvement,0.215,0
32,31600.0,6.0,5700.0,3.2,1,6600.0,0,188000.0,24,personal,0.448,1
62,64600.0,13.8,12600.0,2.7,1,3400.0,0,153000.0,36,personal,0.266,0
40,19400.0,1.4,7200.0,2.0,0,125200.0,0,268000.0,36,medical,0.786,0
44,23500.0,1.1,5300.0,0.9,2,13600.0,0,271000.0,36,vehicle,0.571,0
63,45300.0,4.7,1400.0,6.4,1,9100.0,0,213000.0,48,vehicle,0.137,0
54,50700.0,4.5,7300.0,2.3,4,2800.0,0,193000.0,36,vehicle,0.258,0
45,38900.0,3.6,9200.0,0.4,3,4600.0,0,71000.0,24,vehicle,0.319,0
49,39400.0,0.0,5600.0,0.4,0,58100.0,0,247000.0,24,personal,0.424,0
59,71000.0,4.1,13100.0,1.1,1,2100.0,0,248000.0,60,home_improvement,0.247,0
51,53400.0,13.5,20100.0,3.2,1,3100.0,0,177000.0,48,vehicle,0.451,0
63,50300.0,2.0,2000.0,0.6,2,8900.0,0,288000.0,60,business,0.143,0
43,56900.0,17.1,8300.0,1.0,3,24600.0,0,101000.0,24,personal,0.226,0
64,35100.0,2.2,20700.0,2.8,0,15900.0,0,174000.0,36,personal,0.738,1
58,106700.0,0.8,55500.0,1.0,2,7300.0,0,152000.0,12,vehicle,0.648,1
40,14200.0,2.5,1300.0,7.8,0,7000.0,0,421000.0,36,home_improvement,0.981,1
43,77300.0,3.4,40900.0,3.6,3,6500.0,0,131000.0,24,education,0.605,0
36,60200.0,5.0,5600.0,0.4,1,12400.0,0,138000.0,36,vehicle,0.162,0
62,44900.0,3.5,9600.0,0.6,0,5100.0,0,182000.0,24,vehicle,0.396,0
28,41600.0,3.8,10300.0,0.9,2,19100.0,0,287000.0,12,vehicle,0.868,0
41,37400.0,0.1,7800.0,4.0,2,63300.0,1,72000.0,24,business,0.295,1
21,65900.0,1.5,29900.0,0.4,2,51100.0,0,236000.0,36,vehicle,0.561,0
28,39400.0,1.9,11600.0,0.2,0,2000.0,0,79000.0,12,vehicle,0.475,1
49,28900.0,21.7,15900.0,5.2,1,4000.0,1,181000.0,36,personal,0.738,1
52,60200.0,1.8,3800.0,2.6,0,25000.0,0,66000.0,36,personal,0.096,0
58,81900.0,11.3,24900.0,7.6,1,16700.0,0,122000.0,24,business,0.371,0
25,16900.0,1.8,6300.0,6.3,1,18100.0,0,212000.0,60,business,0.599,1
42,115900.0,0.5,14500.0,1.3,1,84300.0,0,121000.0,12,personal,0.219,0
54,25200.0,1.4,4800.0,0.9,1,202800.0,0,313000.0,36,personal,0.563,1
21,26100.0,1.6,5200.0,2.9,1,35300.0,0,232000.0,48,business,0.399,0
46,22900.0,19.1,7400.0,0.3,1,2300.0,1,131000.0,48,personal,0.452,1
63,40200.0,5.6,3400.0,4.0,1,11200.0,0,318000.0,36,personal,0.322,0
30,22600.0,13.4,8100.0,0.0,0,72600.0,0,265000.0,24,business,0.886,1
50,23800.0,9.0,3100.0,6.5,0,115100.0,0,278000.0,60,medical,0.34,0
38,29400.0,4.3,4900.0,8.9,1,10700.0,0,265000.0,60,vehicle,0.329,0
37,42700.0,5.6,8100.0,22.3,1,25400.0,0,85000.0,60,personal,0.226,0
46,44600.0,4.9,12100.0,1.7,1,32100.0,0,185000.0,48,vehicle,0.365,0
28,70200.0,5.5,18100.0,3.3,1,39400.0,0,217000.0,48,personal,0.327,0
60,69400.0,1.5,25700.0,7.9,1,53800.0,0,336000.0,60,medical,0.457,0
32,63600.0,2.6,9800.0,2.5,1,600.0,0,88000.0,36,education,0.196,0
47,35700.0,4.5,17800.0,1.6,2,32100.0,0,357000.0,24,education,0.949,0
28,17500.0,0.2,4600.0,0.2,1,12400.0,0,200000.0,36,home_improvement,0.606,0
45,17400.0,3.3,3900.0,2.0,0,17400.0,0,104000.0,36,home_improvement,0.403,0
24,63400.0,9.8,22600.0,0.3,3,4400.0,0,120000.0,48,personal,0.399,0
53,58700.0,3.4,25500.0,1.8,0,5100.0,1,532000.0,48,business,0.638,1
21,30400.0,4.0,11900.0,1.7,1,10200.0,0,86000.0,24,personal,0.519,0
39,21000.0,1.1,3900.0,4.2,0,28000.0,0,139000.0,12,home_improvement,0.781,0
51,25100.0,7.9,7500.0,1.8,1,2500.0,0,125000.0,36,medical,0.448,0
36,43400.0,2.2,5000.0,1.9,2,14700.0,0,219000.0,36,vehicle,0.267,0
34,43500.0,15.7,23500.0,1.3,1,99000.0,0,113000.0,36,business,0.618,0
25,64200.0,25.3,8700.0,3.7,0,192700.0,0,279000.0,36,medical,0.266,0
61,32800.0,12.4,8400.0,2.0,2,15400.0,0,391000.0,48,vehicle,0.524,0
46,36000.0,0.4,14500.0,11.9,0,9300.0,0,40000.0,36,medical,0.436,1
48,66600.0,2.0,6500.0,8.9,0,9000.0,0,61000.0,36,business,0.125,1
22,15400.0,14.5,1300.0,1.1,1,30300.0,0,363000.0,36,vehicle,0.792,1
26,46300.0,8.2,18100.0,2.1,1,29100.0,0,170000.0,36,personal,0.501,1
29,34500.0,12.1,8900.0,4.0,1,10000.0,0,397000.0,36,education,0.603,0
53,55300.0,4.2,6300.0,0.1,1,5400.0,1,231000.0,24,personal,0.302,0
61,50500.0,3.3,5900.0,1.0,0,3400.0,0,148000.0,36,vehicle,0.205,0
45,29300.0,0.6,15600.0,1.3,1,11200.0,0,58000.0,24,personal,0.621,0
33,31900.0,9.1,3300.0,2.1,0,56700.0,0,68000.0,36,personal,0.167,0
29,14200.0,6.8,800.0,8.8,1,5400.0,0,301000.0,36,personal,0.692,0
33,56200.0,0.3,7100.0,0.4,0,7400.0,0,342000.0,36,medical,0.309,0
51,44700.0,1.2,9500.0,0.3,1,11400.0,0,170000.0,36,education,0.327,0
61,75300.0,4.1,22500.0,4.4,0,5200.0,0,67000.0,36,personal,0.325,0
31,33500.0,5.8,8800.0,1.8,0,155100.0,0,459000.0,24,home_improvement,0.879,0
24,60600.0,0.7,13500.0,0.8,0,25900.0,1,558000.0,60,medical,0.389,0
54,24800.0,1.4,7600.0,4.8,1,35600.0,0,332000.0,60,home_improvement,0.547,1
58,12000.0,1.1,2800.0,1.1,2,3500.0,0,239000.0,12,business,2.026,1
24,38500.0,1.2,16700.0,3.3,1,10100.0,0,233000.0,36,business,0.615,1
58,31100.0,12.7,12300.0,2.1,1,33500.0,0,49000.0,48,personal,0.431,1
39,25000.0,6.3,6700.0,1.8,1,19600.0,0,446000.0,60,vehicle,0.589,1
26,60100.0,6.7,3100.0,5.1,2,384300.0,0,503000.0,48,vehicle,0.24,0
54,69100.0,7.9,18300.0,3.8,0,33100.0,0,368000.0,48,business,0.385,0
38,42100.0,2.2,11900.0,2.9,4,6500.0,1,64000.0,24,home_improvement,0.351,0
33,37000.0,7.3,2900.0,0.5,2,14300.0,0,335000.0,48,personal,0.282,0
61,41300.0,19.2,1200.0,3.5,0,22400.0,1,134000.0,36,home_improvement,0.126,0
43,29900.0,6.0,12700.0,4.7,1,48000.0,0,159000.0,36,vehicle,0.584,1
39,51700.0,2.7,6600.0,6.7,1,700.0,0,67000.0,48,personal,0.157,0
31,20100.0,6.3,6800.0,1.4,0,4800.0,0,55000.0,24,home_improvement,0.461,0
21,24800.0,11.6,8600.0,1.2,1,20200.0,0,54000.0,60,personal,0.386,0
44,28100.0,0.7,6100.0,5.5,1,800.0,0,131000.0,36,business,0.357,0
27,51200.0,1.5,15700.0,2.5,1,58500.0,0,50000.0,48,vehicle,0.329,0
45,35000.0,12.6,5200.0,2.1,2,15800.0,0,95000.0,24,business,0.271,1
41,74000.0,14.6,3200.0,0.7,2,11600.0,0,154000.0,48,medical,0.09,0
35,57600.0,3.3,5700.0,2.3,1,2500.0,0,148000.0,36,vehicle,0.176,0
21,28000.0,2.3,20300.0,5.2,1,98600.0,0,143000.0,24,personal,0.955,0
32,53400.0,1.7,14300.0,2.4,2,2900.0,0,135000.0,36,vehicle,0.344,0
27,33400.0,3.5,13200.0,8.2,1,53900.0,0,136000.0,12,vehicle,0.762,0
35,49700.0,13.6,9300.0,0.0,0,202400.0,0,111000.0,24,personal,0.288,0
41,58900.0,0.8,9000.0,0.8,0,113800.0,0,148000.0,36,vehicle,0.228,0
39,66300.0,2.7,41700.0,3.8,2,18800.0,0,203000.0,36,medical,0.721,0
49,44000.0,12.1,13900.0,4.5,0,10200.0,0,74000.0,36,business,0.366,0
45,82500.0,2.1,17900.0,1.3,2,42300.0,0,318000.0,12,education,0.564,0
53,49000.0,7.3,5000.0,11.4,0,12300.0,0,119000.0,48,vehicle,0.157,0
52,42600.0,2.5,4600.0,1.6,0,20100.0,1,66000.0,12,home_improvement,0.247,0
55,35000.0,8.2,18100.0,2.1,1,3300.0,0,193000.0,60,home_improvement,0.616,1
64,30200.0,19.8,8900.0,15.0,4,39400.0,0,344000.0,36,business,0.636,1
58,48500.0,2.5,9200.0,2.6,1,6200.0,0,59000.0,60,vehicle,0.212,0
46,42000.0,9.3,1800.0,3.8,1,73800.0,0,55000.0,24,personal,0.102,0
31,45100.0,22.3,12200.0,3.1,2,3000.0,0,373000.0,48,vehicle,0.457,1
55,49800.0,20.6,12000.0,0.8,0,7400.0,0,72000.0,36,medical,0.284,0
28,45000.0,2.8,8800.0,19.1,3,10500.0,0,70000.0,48,personal,0.231,0
34,99300.0,3.3,44300.0,0.2,3,6700.0,0,227000.0,12,education,0.652,0
30,31600.0,1.8,3600.0,16.4,3,7100.0,0,63000.0,24,personal,0.204,0
22,48800.0,1.9,9900.0,2.5,0,15400.0,0,215000.0,36,education,0.335,0
29,36200.0,3.4,1200.0,0.8,2,6500.0,0,209000.0,24,vehicle,0.293,0
23,13300.0,1.1,900.0,0.7,1,5600.0,0,56000.0,60,vehicle,0.143,0
41,36800.0,6.2,26500.0,4.3,2,10100.0,0,41000.0,48,education,0.745,0
46,26300.0,3.8,5600.0,5.0,1,39500.0,0,75000.0,24,vehicle,0.341,0
28,38900.0,11.4,5700.0,9.2,1,61000.0,0,382000.0,12,education,1.03,1
22,39700.0,8.3,8900.0,1.1,0,6500.0,0,114000.0,36,business,0.31,0
26,47700.0,1.9,15200.0,2.3,0,18000.0,0,91000.0,48,personal,0.362,0
48,31600.0,3.5,10800.0,14.2,0,21500.0,0,83000.0,24,personal,0.46,0
49,33400.0,6.9,9700.0,2.2,2,76900.0,0,217000.0,12,vehicle,0.875,1
46,55000.0,1.1,4700.0,2.5,1,162300.0,0,171000.0,12,personal,0.365,0
45,27900.0,0.2,4500.0,1.4,2,900.0,0,109000.0,48,vehicle,0.249,1
32,17500.0,9.6,7900.0,8.2,0,1500.0,0,60000.0,24,vehicle,0.606,0
25,43100.0,0.7,12900.0,1.8,1,11900.0,0,200000.0,48,vehicle,0.404,0
54,65000.0,11.0,1800.0,4.0,2,3300.0,0,95000.0,24,vehicle,0.093,0
57,54700.0,12.2,12100.0,0.8,0,4800.0,0,181000.0,48,home_improvement,0.296,0
35,43400.0,3.1,9100.0,3.8,1,2300.0,1,60000.0,48,vehicle,0.241,0
64,70500.0,8.2,21300.0,10.9,2,19100.0,0,384000.0,24,vehicle,0.547,0
56,65300.0,2.3,21700.0,6.0,2,8800.0,0,127000.0,60,personal,0.367,0
35,34600.0,9.8,1000.0,0.3,1,52200.0,1,222000.0,24,vehicle,0.318,1
63,44900.0,8.7,12500.0,4.0,0,10700.0,1,252000.0,36,business,0.447,0
43,45700.0,0.4,3000.0,3.3,0,15300.0,0,43000.0,36,home_improvement,0.094,0
26,38600.0,4.4,4800.0,1.7,2,92400.0,0,75000.0,24,vehicle,0.212,0
64,66900.0,5.1,29100.0,7.4,1,18300.0,0,168000.0,12,personal,0.661,0
63,37500.0,0.0,11200.0,6.3,2,15700.0,0,33000.0,12,personal,0.378,0
41,32000.0,19.5,11000.0,4.2,2,3300.0,0,65000.0,12,business,0.527,1
43,12500.0,2.6,4400.0,5.5,1,15600.0,0,303000.0,36,personal,1.079,1
63,28000.0,3.6,12300.0,0.9,3,6600.0,0,213000.0,60,medical,0.576,0
36,22200.0,1.1,3900.0,10.1,2,14800.0,0,190000.0,36,business,0.432,0
35,39400.0,4.7,6900.0,4.4,1,2200.0,0,321000.0,48,home_improvement,0.358,0
45,22800.0,8.3,4600.0,2.5,1,9900.0,0,369000.0,12,personal,1.658,1
56,52800.0,4.4,13800.0,0.9,1,3300.0,0,350000.0,24,home_improvement,0.56,0
31,66100.0,7.8,2900.0,4.6,0,99900.0,1,148000.0,24,business,0.145,0
35,39600.0,6.6,2700.0,0.4,1,43600.0,0,55000.0,36,business,0.11,0
24,25800.0,1.4,7300.0,1.5,1,14000.0,0,86000.0,60,business,0.343,0
41,45700.0,2.9,4700.0,3.4,3,14900.0,0,121000.0,24,medical,0.222,0
33,94100.0,0.8,54800.0,4.2,1,13200.0,0,237000.0,24,personal,0.696,0
42,81800.0,0.2,23800.0,0.1,3,55700.0,0,55000.0,36,vehicle,0.311,0
39,21300.0,0.3,3000.0,0.0,1,6900.0,0,230000.0,12,home_improvement,1.113,0
54,21000.0,14.3,3400.0,0.5,2,891700.0,0,159000.0,48,vehicle,0.332,0
34,18700.0,20.8,2300.0,5.8,2,10700.0,0,136000.0,60,vehicle,0.254,0
24,24100.0,0.5,6400.0,3.3,1,2000.0,1,960000.0,12,home_improvement,3.85,1
47,44900.0,2.0,21600.0,3.8,1,17100.0,0,84000.0,24,education,0.565,0
49,31200.0,0.6,11000.0,3.7,1,16100.0,0,255000.0,48,personal,0.536,0
48,27500.0,9.0,13200.0,0.2,1,7800.0,0,107000.0,24,education,0.655,0
55,64100.0,3.4,12600.0,0.8,0,4200.0,0,274000.0,36,vehicle,0.325,0
28,50900.0,4.9,24000.0,5.2,0,1900.0,0,54000.0,24,personal,0.519,0
36,18600.0,3.9,4400.0,4.2,0,6300.0,0,125000.0,48,vehicle,0.388,1
62,62400.0,6.2,6400.0,2.4,2,23000.0,0,142000.0,36,personal,0.171,1
56,50400.0,1.9,8400.0,0.1,0,40200.0,0,250000.0,60,education,0.256,0
50,50900.0,0.7,15000.0,2.2,1,128700.0,0,117000.0,36,vehicle,0.364,0
38,31000.0,0.1,4800.0,1.1,0,119800.0,0,235000.0,36,business,0.382,1
22,36900.0,3.0,8000.0,4.8,1,3100.0,0,49000.0,36,personal,0.257,0
33,16500.0,11.9,11300.0,7.0,4,2700.0,0,164000.0,36,business,0.983,1
24,59300.0,1.8,14200.0,2.8,1,5200.0,0,134000.0,60,home_improvement,0.28,0
46,25600.0,1.1,7500.0,2.1,1,16600.0,0,232000.0,12,personal,1.109,1
45,27100.0,13.0,13300.0,1.3,0,5000.0,0,429000.0,36,medical,0.966,0
50,27000.0,0.6,6400.0,0.4,0,11400.0,1,141000.0,36,business,0.394,0
31,90200.0,0.3,31600.0,1.9,0,10600.0,0,197000.0,60,medical,0.39,0
27,29700.0,10.6,7500.0,4.5,2,22100.0,0,85000.0,48,vehicle,0.317,0
51,61300.0,6.0,17000.0,4.4,1,14300.0,0,79000.0,48,personal,0.306,0
64,39700.0,2.7,16900.0,2.1,1,34000.0,0,201000.0,12,home_improvement,0.881,0
30,27600.0,7.0,8300.0,13.5,1,9400.0,0,207000.0,48,personal,0.469,1
59,25500.0,6.8,4200.0,11.3,1,41700.0,0,76000.0,48,home_improvement,0.232,0
33,30200.0,0.2,13200.0,8.3,6,1500.0,0,116000.0,36,vehicle,0.552,0
51,38800.0,5.6,6300.0,2.3,0,8300.0,0,131000.0,24,education,0.314,0
27,52600.0,5.1,11600.0,5.5,0,22200.0,0,184000.0,24,personal,0.378,0
62,32500.0,16.6,4000.0,10.6,1,11100.0,0,282000.0,36,business,0.383,0
62,31900.0,17.0,6400.0,5.4,1,1700.0,0,109000.0,12,vehicle,0.508,0
56,27000.0,2.4,4200.0,1.5,4,3200.0,0,95000.0,24,vehicle,0.314,0
40,23500.0,4.5,5900.0,0.3,0,4800.0,0,208000.0,36,personal,0.517,1
24,22600.0,0.8,5400.0,12.7,2,3900.0,0,75000.0,24,vehicle,0.388,0
27,62600.0,0.3,35900.0,19.5,2,13600.0,1,192000.0,48,home_improvement,0.642,0
21,31600.0,2.8,20100.0,4.7,1,3400.0,0,120000.0,48,business,0.721,0
64,32900.0,5.9,6900.0,1.5,1,45900.0,0,1690000.0,36,business,1.751,1
62,29700.0,4.2,12200.0,8.0,1,5500.0,0,138000.0,48,home_improvement,0.515,0
33,34800.0,2.8,20600.0,12.3,1,3900.0,0,151000.0,24,medical,0.787,1
42,47400.0,8.5,9800.0,2.8,1,44000.0,0,151000.0,48,vehicle,0.278,0
41,32200.0,7.9,12700.0,1.5,1,11800.0,0,394000.0,24,vehicle,0.945,1
42,43500.0,6.6,7800.0,2.1,2,4300.0,0,261000.0,36,education,0.359,0
48,76000.0,0.4,20900.0,0.3,2,25600.0,0,204000.0,36,medical,0.356,0
29,27800.0,8.0,11200.0,3.3,1,4500.0,0,220000.0,36,vehicle,0.64,0
46,32900.0,12.6,6400.0,1.9,2,22900.0,1,64000.0,36,medical,0.253,0
29,53600.0,0.3,4900.0,8.6,1,8300.0,0,185000.0,48,personal,0.169,0
35,78700.0,2.6,1500.0,1.3,1,1300.0,0,241000.0,36,home_improvement,0.111,0
30,22900.0,22.3,1000.0,0.0,2,7500.0,0,145000.0,24,home_improvement,0.329,0
44,18700.0,4.6,8500.0,5.3,1,188900.0,0,300000.0,48,medical,0.815,1
62,40100.0,3.6,18600.0,0.0,0,107400.0,0,193000.0,24,home_improvement,0.68,0
28,38300.0,1.0,9000.0,3.2,2,34600.0,0,265000.0,24,personal,0.546,1
44,55000.0,4.2,20500.0,0.8,0,102600.0,1,201000.0,48,business,0.455,1
36,51300.0,2.9,8900.0,3.8,0,14100.0,0,365000.0,60,personal,0.302,0
46,39500.0,0.7,16600.0,0.9,2,24100.0,0,229000.0,60,business,0.525,0
47,64400.0,3.1,18800.0,2.8,3,12400.0,0,56000.0,24,education,0.331,0
57,29500.0,0.9,17900.0,1.6,1,4700.0,0,279000.0,48,education,0.82,0
24,44100.0,6.6,10900.0,0.8,1,4200.0,0,337000.0,36,home_improvement,0.476,1
44,23200.0,18.2,9100.0,3.7,2,31100.0,1,128000.0,36,business,0.558,0
39,39400.0,3.2,6500.0,0.3,2,2200.0,0,160000.0,36,medical,0.287,0
56,20800.0,5.0,1200.0,11.3,0,7200.0,0,255000.0,48,personal,0.334,0
59,24300.0,2.8,7800.0,6.0,2,37700.0,1,177000.0,36,business,0.539,1
30,86600.0,0.7,37500.0,9.9,1,109300.0,1,182000.0,12,home_improvement,0.622,1
45,17700.0,17.6,1600.0,0.2,1,43600.0,0,680000.0,12,medical,3.548,1
38,36400.0,0.7,17600.0,0.0,3,4700.0,0,162000.0,36,personal,0.617,1
39,58200.0,0.6,15800.0,1.8,0,15700.0,0,160000.0,36,personal,0.354,0
56,109100.0,3.1,21000.0,3.8,1,5600.0,0,146000.0,48,medical,0.223,0
30,43500.0,5.4,9500.0,1.1,2,12900.0,0,182000.0,24,education,0.407,1
53,44600.0,2.2,16000.0,3.2,3,46900.0,0,112000.0,36,personal,0.434,0
25,40900.0,1.1,9700.0,3.7,4,3400.0,0,268000.0,36,personal,0.434,0
55,64600.0,8.5,10900.0,0.7,1,10200.0,0,55000.0,24,vehicle,0.207,0
64,48700.0,2.3,14200.0,5.9,0,700.0,0,208000.0,24,home_improvement,0.484,0
54,31000.0,1.1,12300.0,11.0,0,7900.0,0,238000.0,48,home_improvement,0.569,0
53,66300.0,2.3,12300.0,4.1,0,14900.0,0,129000.0,24,business,0.273,0
41,32600.0,1.2,17900.0,11.8,1,4500.0,0,88000.0,24,home_improvement,0.671,1
37,19500.0,3.7,1300.0,1.1,0,1400.0,0,245000.0,24,personal,0.632,0
42,19600.0,5.5,3300.0,0.1,1,5600.0,0,452000.0,36,vehicle,0.86,0
57,36700.0,8.0,5300.0,1.1,0,2500.0,0,27000.0,36,business,0.166,0
35,42000.0,1.3,11000.0,4.2,1,310900.0,0,280000.0,60,medical,0.382,0
55,61700.0,0.9,4500.0,3.6,2,10500.0,0,325000.0,36,business,0.231,0
48,53500.0,0.1,22600.0,1.2,1,45400.0,0,87000.0,24,home_improvement,0.496,0
27,41600.0,1.3,7600.0,2.1,0,3700.0,1,408000.0,36,personal,0.477,0
52,63300.0,0.1,33200.0,1.8,2,4200.0,0,164000.0,36,business,0.602,0
31,40400.0,2.1,4300.0,12.0,3,2800.0,1,63000.0,24,medical,0.177,1
30,22500.0,0.8,3300.0,1.5,1,17900.0,0,207000.0,48,home_improvement,0.354,0
29,20400.0,4.3,6600.0,0.9,1,4800.0,0,190000.0,12,home_improvement,1.162,1
34,71400.0,2.4,15100.0,3.3,2,14400.0,0,109000.0,12,education,0.349,0
33,14600.0,0.5,5300.0,0.5,2,12700.0,0,399000.0,24,home_improvement,1.593,1
45,36700.0,2.6,9500.0,2.8,0,22100.0,1,138000.0,12,personal,0.597,1
22,153600.0,1.2,23700.0,4.6,2,6000.0,0,222000.0,12,personal,0.284,0
55,49300.0,5.7,26200.0,11.5,3,8100.0,0,124000.0,12,vehicle,0.758,0
27,36500.0,2.3,10100.0,8.9,1,164200.0,0,118000.0,36,education,0.374,0
41,18800.0,0.8,5400.0,7.4,1,3000.0,0,83000.0,48,business,0.387,0
38,83100.0,2.2,25200.0,2.0,0,14400.0,0,448000.0,24,personal,0.546,0
23,69300.0,1.3,17200.0,9.0,0,14700.0,0,219000.0,24,medical,0.39,0
62,54600.0,7.9,23700.0,5.0,3,7400.0,0,109000.0,48,personal,0.479,0
59,40100.0,20.5,14800.0,2.3,1,2200.0,0,176000.0,24,personal,0.567,1
61,51900.0,0.1,10100.0,3.3,2,4500.0,0,322000.0,24,business,0.474,0
31,37500.0,5.9,17200.0,2.3,0,7200.0,0,153000.0,36,personal,0.581,0
59,25900.0,1.5,3600.0,0.9,1,7800.0,0,225000.0,36,vehicle,0.4,0
44,61700.0,0.3,2500.0,2.4,0,4000.0,0,106000.0,36,vehicle,0.092,0
39,39200.0,0.1,7100.0,6.6,2,8800.0,0,162000.0,36,home_improvement,0.305,0
24,50800.0,10.6,11400.0,1.2,2,17200.0,0,55000.0,36,vehicle,0.257,0
46,38000.0,2.2,9300.0,4.1,0,2600.0,0,154000.0,24,home_improvement,0.427,0
58,49400.0,26.1,17400.0,3.2,0,11300.0,0,107000.0,24,vehicle,0.45,0
62,39900.0,2.9,17500.0,10.1,2,12000.0,0,354000.0,36,personal,0.705,0
52,38500.0,1.0,8200.0,5.5,0,10600.0,0,109000.0,12,business,0.468,0
59,40700.0,7.5,6300.0,1.8,0,48500.0,0,97000.0,24,vehicle,0.262,0
56,152100.0,13.1,51900.0,3.3,2,50700.0,0,264000.0,12,home_improvement,0.497,0
60,57600.0,8.5,3700.0,9.7,2,23700.0,0,102000.0,24,personal,0.144,0
57,128500.0,6.8,36900.0,1.0,2,36700.0,0,167000.0,36,vehicle,0.326,0
53,40000.0,2.0,4800.0,2.6,2,23800.0,0,149000.0,24,personal,0.288,0
56,34900.0,0.3,10600.0,1.0,1,21800.0,0,144000.0,48,education,0.397,1
23,24800.0,1.1,11100.0,2.2,1,3800.0,0,90000.0,36,vehicle,0.556,0
29,82600.0,3.0,35300.0,0.2,1,12000.0,0,302000.0,24,vehicle,0.592,0
28,26700.0,15.6,3100.0,8.3,0,69000.0,0,107000.0,60,home_improvement,0.188,0
53,90600.0,6.4,8300.0,15.3,1,8500.0,0,214000.0,36,vehicle,0.162,1
26,25400.0,8.8,3800.0,3.4,0,11100.0,0,204000.0,48,vehicle,0.33,0
61,59800.0,1.6,30800.0,3.2,1,48500.0,0,240000.0,48,personal,0.605,1
59,19600.0,5.8,2700.0,12.5,0,12400.0,0,121000.0,24,home_improvement,0.416,0
24,32900.0,9.9,2600.0,2.0,2,11800.0,0,123000.0,36,business,0.191,0
33,40500.0,3.3,14400.0,3.9,2,13300.0,0,230000.0,36,personal,0.526,1
22,30700.0,2.8,5200.0,7.3,1,8700.0,1,110000.0,24,medical,0.331,0
25,37200.0,6.4,1300.0,2.8,1,18800.0,0,121000.0,12,home_improvement,0.328,0
64,37300.0,4.1,7900.0,1.0,0,7400.0,0,125000.0,12,home_improvement,0.513,1
47,57700.0,24.9,6900.0,6.7,3,6400.0,0,152000.0,48,home_improvement,0.179,0
52,15700.0,2.8,3000.0,1.3,2,28200.0,0,132000.0,12,vehicle,0.948,0
41,31200.0,1.0,4900.0,7.4,1,4700.0,0,150000.0,60,vehicle,0.244,1
28,70600.0,3.2,8400.0,11.6,2,79800.0,0,89000.0,24,home_improvement,0.176,0
58,51700.0,1.3,3300.0,3.2,1,1900.0,1,166000.0,36,personal,0.16,0
28,71100.0,4.1,11200.0,0.2,2,1000.0,0,275000.0,48,business,0.245,0
23,56500.0,0.7,10600.0,12.5,1,8400.0,0,103000.0,24,medical,0.27,0
64,24600.0,15.0,4500.0,7.1,0,18800.0,0,220000.0,24,vehicle,0.585,0
23,54000.0,9.8,15900.0,0.5,0,2200.0,0,538000.0,12,personal,1.191,1
42,42000.0,0.8,17700.0,4.0,1,18300.0,0,79000.0,60,business,0.455,0
26,111400.0,0.9,44600.0,1.5,0,13400.0,0,151000.0,36,personal,0.441,0
22,57600.0,3.6,10100.0,1.6,1,45000.0,0,181000.0,48,personal,0.246,0
43,50800.0,7.4,26600.0,3.5,2,11900.0,0,143000.0,36,personal,0.608,1
64,54200.0,1.2,9500.0,5.0,2,11000.0,0,79000.0,48,personal,0.208,0
22,49600.0,0.3,8600.0,0.0,1,21900.0,0,170000.0,12,personal,0.482,0
58,49000.0,3.9,4900.0,0.7,2,19400.0,0,109000.0,36,vehicle,0.167,0
37,35600.0,5.9,2100.0,9.3,0,11300.0,0,228000.0,36,personal,0.251,0
55,51100.0,1.4,7200.0,2.7,1,2800.0,0,557000.0,60,home_improvement,0.337,0
54,61500.0,6.7,9700.0,2.7,1,19800.0,0,178000.0,36,vehicle,0.245,0
43,64700.0,15.0,11000.0,7.3,2,46100.0,0,425000.0,12,education,0.761,1
50,61200.0,0.7,21300.0,0.6,0,2200.0,0,88000.0,60,personal,0.374,0
28,79100.0,3.6,50000.0,5.0,2,3800.0,0,188000.0,60,vehicle,0.675,1
42,66500.0,0.3,2700.0,2.8,0,5500.0,0,213000.0,36,business,0.137,0
64,53300.0,1.2,36700.0,5.4,0,31200.0,0,83000.0,48,home_improvement,0.724,0
56,24000.0,0.5,9500.0,4.5,2,18100.0,0,72000.0,12,vehicle,0.666,0
25,24000.0,2.6,2500.0,4.4,1,3500.0,0,140000.0,36,business,0.279,0
33,35900.0,8.6,6100.0,7.8,1,14600.0,0,47000.0,36,home_improvement,0.209,0
49,41000.0,4.3,14600.0,3.2,0,6300.0,0,287000.0,48,vehicle,0.514,0
51,75300.0,1.3,3900.0,2.1,0,7900.0,1,116000.0,12,education,0.19,0
36,12000.0,0.2,3900.0,0.9,0,5500.0,0,205000.0,36,home_improvement,0.837,1
62,25200.0,4.0,1700.0,1.7,2,4800.0,0,229000.0,36,personal,0.34,0
50,36800.0,0.7,4100.0,8.2,2,2100.0,0,160000.0,36,personal,0.242,0
36,25600.0,2.1,13400.0,1.6,0,25700.0,0,72000.0,12,education,0.777,0
32,28000.0,3.6,5900.0,16.9,3,195900.0,0,71000.0,24,vehicle,0.325,0
37,32100.0,11.7,5200.0,3.7,0,11400.0,0,166000.0,12,home_improvement,0.627,1
36,26200.0,0.4,8300.0,6.7,2,21000.0,0,70000.0,12,personal,0.557,0
32,28400.0,5.5,2900.0,2.7,0,18600.0,0,94000.0,36,business,0.201,0
28,74100.0,0.1,5300.0,4.3,0,22300.0,0,116000.0,24,personal,0.142,0
40,52900.0,5.0,13800.0,18.2,1,4000.0,0,66000.0,36,business,0.298,0
23,56600.0,4.0,27000.0,2.8,0,9500.0,0,219000.0,48,vehicle,0.564,1
36,39500.0,8.4,14700.0,1.2,2,8100.0,0,144000.0,24,medical,0.536,1
50,63300.0,3.8,3000.0,4.2,0,28200.0,0,325000.0,48,home_improvement,0.163,0
43,58800.0,2.2,12500.0,10.1,1,15000.0,0,492000.0,48,personal,0.401,0
48,52500.0,1.4,43700.0,0.1,1,41800.0,0,77000.0,36,personal,0.876,0
60,29900.0,0.4,9100.0,19.6,1,18600.0,0,42000.0,24,medical,0.368,0
25,32900.0,3.8,14900.0,3.1,0,54200.0,0,132000.0,48,home_improvement,0.543,1
40,64600.0,11.0,8600.0,6.4,0,35000.0,0,159000.0,24,home_improvement,0.244,0
60,31800.0,3.6,6900.0,0.5,0,12200.0,0,64000.0,36,vehicle,0.277,0
64,22500.0,6.7,3600.0,1.4,1,2100.0,0,192000.0,36,vehicle,0.416,1
21,31500.0,1.8,6300.0,15.1,3,26500.0,0,128000.0,36,personal,0.322,0
50,81000.0,3.0,6600.0,1.4,0,48900.0,0,406000.0,48,business,0.194,1
41,31500.0,2.0,7200.0,2.1,2,14000.0,0,101000.0,24,business,0.373,0
40,46500.0,0.6,10700.0,1.3,0,11600.0,1,60000.0,60,personal,0.253,1
26,30400.0,2.7,12600.0,2.5,0,10500.0,1,50000.0,12,education,0.562,0
42,56600.0,7.2,10500.0,0.7,0,11000.0,0,81000.0,24,home_improvement,0.25,0
38,51100.0,2.5,7700.0,2.8,1,12700.0,0,277000.0,60,personal,0.248,0
28,20500.0,5.3,700.0,1.4,0,43800.0,0,200000.0,12,home_improvement,0.912,0
59,45300.0,7.1,13400.0,6.8,3,8300.0,0,157000.0,36,education,0.4,0
52,18800.0,1.9,5000.0,2.0,1,25100.0,0,124000.0,24,vehicle,0.563,1
53,31300.0,8.0,13000.0,6.3,0,24200.0,0,193000.0,48,home_improvement,0.554,0
36,39900.0,2.1,2500.0,4.1,0,16600.0,0,100000.0,12,home_improvement,0.288,0
32,92100.0,1.5,32900.0,9.9,1,58300.0,0,348000.0,12,home_improvement,0.697,1
58,46300.0,1.3,9100.0,6.7,2,2900.0,0,69000.0,24,home_improvement,0.264,0
54,28400.0,1.1,4900.0,9.3,3,2600.0,0,226000.0,24,personal,0.531,0
34,34800.0,6.7,5000.0,3.0,2,5300.0,0,128000.0,48,business,0.226,1
56,60800.0,10.9,10100.0,9.8,0,7400.0,1,411000.0,48,business,0.318,0
53,28600.0,1.3,3000.0,0.7,0,24300.0,0,96000.0,24,education,0.256,0
43,65800.0,0.4,17500.0,0.4,1,9100.0,0,134000.0,36,personal,0.327,0
22,31700.0,1.9,10100.0,3.0,0,6900.0,0,75000.0,36,education,0.39,1
61,26600.0,5.4,1000.0,7.0,1,70600.0,0,153000.0,36,business,0.21,0
41,32200.0,2.3,9400.0,1.0,0,10000.0,0,289000.0,60,education,0.453,1
22,19400.0,4.0,4200.0,13.8,0,18600.0,0,145000.0,36,medical,0.441,0
47,15100.0,6.8,2100.0,0.8,0,10800.0,0,232000.0,36,home_improvement,0.6,0
29,38700.0,2.6,8900.0,4.9,0,111600.0,0,75000.0,36,medical,0.288,0
21,38900.0,35.0,6500.0,9.9,2,21900.0,0,571000.0,48,personal,0.497,0
31,45000.0,1.8,16800.0,13.5,1,29400.0,0,157000.0,24,education,0.53,0
23,38600.0,19.1,4600.0,4.3,2,7500.0,0,85000.0,60,personal,0.159,1
43,114500.0,1.1,23800.0,3.4,0,88300.0,0,81000.0,24,vehicle,0.24,1
46,43300.0,0.6,8100.0,0.4,2,29400.0,0,118000.0,36,home_improvement,0.269,0
24,21600.0,6.9,16200.0,0.1,1,4500.0,0,60000.0,48,vehicle,0.812,0
38,24200.0,6.1,4600.0,17.0,1,16300.0,0,114000.0,60,personal,0.275,0
26,40100.0,8.3,4200.0,1.3,1,96800.0,0,237000.0,36,business,0.282,0
55,33000.0,2.1,14700.0,0.3,2,77000.0,0,126000.0,60,medical,0.514,0
42,23100.0,13.4,6200.0,3.1,2,900.0,0,253000.0,48,education,0.515,1
63,39100.0,0.6,7600.0,1.5,1,9900.0,0,317000.0,48,vehicle,0.377,1
35,39300.0,0.2,13900.0,1.8,1,10900.0,1,76000.0,48,medical,0.397,1
42,82300.0,1.8,10900.0,1.7,0,11800.0,0,111000.0,36,education,0.173,0
57,26600.0,8.0,6600.0,1.1,5,3300.0,0,70000.0,48,home_improvement,0.307,0
62,33300.0,5.6,2700.0,13.7,2,14800.0,1,268000.0,24,personal,0.443,1
32,82200.0,2.9,23800.0,1.2,3,6100.0,1,151000.0,24,vehicle,0.372,0
62,46500.0,1.5,11200.0,3.3,0,62900.0,0,440000.0,24,education,0.667,1
58,26500.0,0.3,2500.0,1.1,1,9000.0,0,232000.0,36,home_improvement,0.357,1
38,29100.0,2.1,9800.0,5.7,0,1500.0,0,156000.0,60,medical,0.433,0
55,23200.0,3.1,5700.0,1.0,2,51300.0,0,309000.0,36,personal,0.645,1
50,41600.0,5.8,22200.0,3.8,1,3700.0,0,435000.0,48,home_improvement,0.769,1
44,63800.0,5.2,3200.0,7.2,0,38800.0,0,140000.0,12,business,0.248,0
62,83600.0,14.7,11900.0,1.3,3,2200.0,0,125000.0,48,personal,0.176,1
50,20600.0,0.5,8400.0,6.5,1,2900.0,0,144000.0,60,personal,0.534,1
34,59300.0,2.0,7300.0,0.4,3,1600.0,0,78000.0,36,personal,0.163,0
26,43200.0,3.3,4700.0,0.5,2,15000.0,0,191000.0,48,personal,0.208,0
23,35700.0,5.6,5600.0,2.0,1,81100.0,0,165000.0,36,personal,0.296,0
36,33300.0,3.4,3100.0,2.1,0,1700.0,0,94000.0,48,home_improvement,0.157,0
27,16900.0,12.2,7300.0,2.9,1,4400.0,0,386000.0,36,vehicle,1.117,0
34,53500.0,4.7,5700.0,0.1,1,56800.0,0,154000.0,24,education,0.236,0
29,22200.0,0.2,500.0,0.5,1,79100.0,0,390000.0,24,personal,0.813,1
35,28700.0,0.6,2900.0,0.0,3,18000.0,0,174000.0,24,vehicle,0.374,1
41,48400.0,7.0,20200.0,12.4,2,6600.0,0,129000.0,60,medical,0.465,0
55,17700.0,6.3,3700.0,1.5,1,22600.0,0,137000.0,36,vehicle,0.441,0
22,22200.0,0.8,1700.0,4.7,1,12700.0,0,110000.0,36,personal,0.225,0
47,69500.0,0.3,21500.0,3.8,2,30400.0,0,275000.0,24,education,0.487,0
22,42400.0,4.3,4300.0,5.2,1,12600.0,0,361000.0,48,home_improvement,0.293,0
55,29800.0,5.0,13100.0,8.6,0,6400.0,0,71000.0,24,vehicle,0.547,0
38,42500.0,0.7,11300.0,1.1,1,3600.0,0,170000.0,36,business,0.386,0
34,54200.0,3.2,18300.0,2.2,0,4800.0,0,195000.0,12,personal,0.661,0
40,66600.0,1.8,17100.0,1.6,0,16700.0,0,119000.0,24,education,0.337,0
38,24300.0,13.4,3200.0,0.3,0,4000.0,0,125000.0,48,vehicle,0.247,0
30,25300.0,1.2,7100.0,0.1,0,40500.0,0,267000.0,12,home_improvement,1.23,0
45,52800.0,6.6,12800.0,5.8,1,4000.0,0,87000.0,12,personal,0.391,0
22,53500.0,3.7,11100.0,0.6,0,10100.0,0,52000.0,36,business,0.237,0
45,21900.0,0.1,15900.0,0.1,1,600.0,0,246000.0,36,medical,1.063,1
53,25700.0,3.6,6000.0,2.3,0,12900.0,0,116000.0,12,business,0.64,0
56,36800.0,0.5,23200.0,1.6,0,22400.0,0,345000.0,36,vehicle,0.912,1
51,40600.0,5.4,15300.0,0.3,0,31700.0,0,142000.0,12,vehicle,0.692,0
34,41100.0,4.2,16500.0,0.2,1,15900.0,0,227000.0,36,personal,0.567,1
21,21800.0,0.1,4300.0,9.8,1,14100.0,0,240000.0,48,vehicle,0.445,0
36,40900.0,1.1,9000.0,11.2,3,13100.0,0,148000.0,48,home_improvement,0.301,0
23,29100.0,7.5,7900.0,2.6,0,6200.0,0,122000.0,60,personal,0.347,0
55,23700.0,1.6,3000.0,7.5,3,18300.0,0,93000.0,48,medical,0.215,0
61,39900.0,3.5,20400.0,6.4,0,107000.0,0,236000.0,36,education,0.689,0
26,38100.0,1.9,10200.0,3.5,1,39000.0,0,635000.0,24,education,1.018,1
45,57600.0,12.7,9900.0,5.6,1,20900.0,0,229000.0,36,education,0.291,0
33,27200.0,3.8,3200.0,10.7,1,12300.0,0,221000.0,60,personal,0.264,0
54,44600.0,6.0,22400.0,3.3,2,13900.0,0,94000.0,48,medical,0.55,1
28,19800.0,0.4,10900.0,2.9,1,47200.0,0,263000.0,36,medical,0.949,1
41,35500.0,0.2,16700.0,0.0,0,38900.0,0,348000.0,60,vehicle,0.647,0
54,49400.0,1.5,7700.0,3.1,0,41800.0,0,142000.0,24,medical,0.285,0
24,51400.0,1.8,5200.0,6.8,3,108600.0,0,121000.0,36,home_improvement,0.172,0
45,51500.0,5.8,3600.0,5.7,1,29100.0,0,136000.0,36,education,0.149,0
35,57600.0,4.2,8700.0,4.2,1,104900.0,0,106000.0,36,education,0.206,0
24,32800.0,2.3,3300.0,0.1,0,353700.0,0,472000.0,60,business,0.36,0
32,50200.0,5.3,2900.0,10.4,1,2000.0,0,555000.0,24,vehicle,0.555,0
52,93100.0,0.9,15500.0,2.2,0,14100.0,0,242000.0,12,personal,0.4,0
52,32500.0,0.3,4100.0,3.4,2,5200.0,0,225000.0,12,personal,0.749,0
48,74700.0,9.6,22200.0,2.0,2,12500.0,1,103000.0,24,vehicle,0.359,1
33,59500.0,4.1,11600.0,1.7,1,129700.0,0,190000.0,36,vehicle,0.291,0
51,35600.0,5.2,13000.0,2.9,3,84200.0,0,108000.0,48,education,0.433,1
34,37000.0,1.8,7000.0,2.7,2,19900.0,0,176000.0,24,personal,0.403,0
40,42300.0,2.3,5500.0,1.8,0,22100.0,0,512000.0,24,vehicle,0.675,1
38,58100.0,0.4,9400.0,6.5,2,6500.0,1,122000.0,24,vehicle,0.256,0
49,48100.0,9.7,4400.0,0.2,0,60200.0,0,165000.0,48,vehicle,0.169,0
26,32400.0,4.5,4200.0,0.5,2,6900.0,0,105000.0,24,education,0.275,1
52,15700.0,0.4,5000.0,0.3,1,29500.0,0,137000.0,36,education,0.58,0
49,54300.0,8.2,7500.0,3.3,1,6300.0,0,175000.0,36,education,0.235,0
63,16800.0,2.9,2400.0,2.1,1,6200.0,0,132000.0,12,business,0.85,0
22,21700.0,7.2,4300.0,2.4,3,47200.0,0,278000.0,36,personal,0.582,0
43,33500.0,0.1,6000.0,3.4,1,9000.0,0,104000.0,24,home_improvement,0.319,0
39,23200.0,0.1,6300.0,1.6,3,18200.0,0,131000.0,36,personal,0.441,0
51,46300.0,0.9,9300.0,0.8,1,8500.0,0,167000.0,36,personal,0.309,0
25,35100.0,1.2,16900.0,1.5,0,19800.0,0,190000.0,60,home_improvement,0.579,1
39,57100.0,7.2,7700.0,20.5,2,14000.0,0,482000.0,36,business,0.388,1
54,19500.0,6.1,4200.0,12.2,3,17600.0,0,370000.0,12,personal,1.923,1
30,29800.0,4.8,1400.0,12.6,2,19700.0,0,54000.0,36,vehicle,0.101,0
45,40200.0,10.8,6100.0,0.1,2,75700.0,0,75000.0,48,business,0.194,0
22,40900.0,1.4,13100.0,0.4,0,6700.0,0,78000.0,36,personal,0.377,0
31,54800.0,11.7,14200.0,0.2,2,317400.0,0,181000.0,36,personal,0.358,0
51,26600.0,12.0,4300.0,6.8,2,8100.0,0,157000.0,36,home_improvement,0.339,0
35,32500.0,2.8,13800.0,19.0,2,6000.0,0,787000.0,12,vehicle,2.604,1
29,50400.0,0.5,11700.0,3.1,0,10800.0,0,208000.0,24,vehicle,0.418,1
43,14900.0,6.5,5100.0,4.8,4,27300.0,0,120000.0,36,personal,0.584,0
39,47700.0,2.1,16500.0,1.7,0,4000.0,0,156000.0,48,business,0.419,1
29,56600.0,7.9,13500.0,5.8,0,50300.0,0,152000.0,36,personal,0.319,0
55,22000.0,0.9,5300.0,4.3,1,11100.0,0,148000.0,36,business,0.443,0
41,34800.0,3.9,4800.0,6.5,2,800.0,0,76000.0,36,personal,0.203,0
29,78600.0,3.5,16900.0,2.8,0,44400.0,0,89000.0,24,vehicle,0.266,0
48,54000.0,0.5,19800.0,0.9,0,8900.0,0,264000.0,24,vehicle,0.587,0
27,49100.0,2.3,1700.0,2.6,0,7000.0,0,185000.0,24,business,0.204,0
36,62700.0,0.4,4200.0,1.5,2,33000.0,0,82000.0,36,personal,0.106,0
36,90400.0,3.1,24300.0,4.7,1,11800.0,0,204000.0,36,business,0.337,0
53,40500.0,9.3,6500.0,0.6,0,5100.0,0,177000.0,48,business,0.259,0
24,33400.0,1.6,7500.0,1.6,0,6900.0,0,343000.0,12,business,1.149,1
24,62600.0,7.2,16800.0,0.0,3,2800.0,0,533000.0,24,vehicle,0.652,0
59,36900.0,1.0,17100.0,6.8,0,16100.0,0,56000.0,48,personal,0.498,0
60,26400.0,5.6,8600.0,2.1,1,33900.0,0,142000.0,48,vehicle,0.447,0
37,31500.0,12.4,17000.0,6.0,0,120100.0,0,168000.0,60,medical,0.636,0
57,46200.0,2.0,10900.0,0.4,1,2200.0,0,175000.0,60,home_improvement,0.304,0
59,32800.0,11.5,10600.0,0.9,3,18200.0,0,704000.0,12,medical,2.255,1
49,33900.0,3.5,4600.0,7.6,0,8400.0,0,49000.0,48,vehicle,0.168,0
56,25300.0,1.9,9600.0,3.6,1,23000.0,0,161000.0,36,vehicle,0.57,0
58,76600.0,11.3,15400.0,0.0,0,14400.0,0,232000.0,12,home_improvement,0.474,0
59,34400.0,0.2,3500.0,9.4,0,3100.0,0,164000.0,60,education,0.188,0
57,29100.0,0.1,11500.0,16.4,1,8100.0,0,174000.0,36,home_improvement,0.575,0
55,30600.0,4.6,13100.0,4.3,0,19200.0,0,186000.0,48,vehicle,0.565,0
27,57600.0,8.0,7900.0,5.2,1,9700.0,0,208000.0,36,personal,0.245,0
47,51900.0,7.0,26600.0,0.6,2,1500.0,0,190000.0,24,medical,0.677,1
48,32000.0,0.4,6400.0,5.8,0,8900.0,0,97000.0,36,vehicle,0.291,0
42,40700.0,15.0,8400.0,0.4,1,30400.0,0,151000.0,48,education,0.29,0
34,45500.0,6.1,12100.0,8.8,3,36400.0,0,201000.0,24,business,0.465,0
27,29200.0,14.9,5100.0,2.8,0,42100.0,0,99000.0,36,personal,0.276,0
57,20100.0,2.0,5600.0,0.6,2,11900.0,0,135000.0,36,education,0.48,0
42,50600.0,5.9,11000.0,0.4,0,6700.0,0,52000.0,36,home_improvement,0.248,0
25,30000.0,9.8,11100.0,2.3,2,21100.0,0,174000.0,24,personal,0.631,1
22,48900.0,2.4,5500.0,0.0,1,11100.0,1,107000.0,24,vehicle,0.211,0
47,46400.0,16.7,32300.0,13.0,1,2600.0,0,239000.0,24,business,0.928,0
41,41200.0,1.5,10600.0,0.7,2,4100.0,0,115000.0,36,business,0.341,0
58,33100.0,1.9,10200.0,2.2,0,27700.0,0,409000.0,24,business,0.864,0
35,30200.0,12.6,3000.0,3.7,2,9900.0,0,174000.0,48,vehicle,0.229,0
41,24000.0,17.5,2200.0,4.5,1,3900.0,0,244000.0,24,vehicle,0.549,0
30,30400.0,1.7,1900.0,3.3,0,5100.0,0,134000.0,24,personal,0.261,0
43,51800.0,0.7,12800.0,0.8,1,21500.0,0,221000.0,24,personal,0.439,0
59,75300.0,7.1,15600.0,2.6,0,1500.0,0,231000.0,24,personal,0.345,0
25,70500.0,13.3,39100.0,1.6,0,12200.0,0,83000.0,48,personal,0.581,0
21,42800.0,4.6,8700.0,0.4,2,23400.0,0,76000.0,48,business,0.243,0
33,75300.0,5.0,24800.0,2.0,1,42300.0,0,59000.0,36,vehicle,0.353,0
41,35000.0,7.2,4500.0,3.8,2,13900.0,0,271000.0,36,home_improvement,0.361,0
46,22400.0,0.8,4500.0,0.4,1,1400.0,0,103000.0,24,personal,0.408,0
41,95300.0,18.1,31400.0,0.7,0,25700.0,0,208000.0,24,medical,0.428,0
38,51000.0,2.3,9100.0,0.4,2,21100.0,0,170000.0,24,personal,0.328,0
57,20100.0,4.9,4800.0,0.0,2,76500.0,0,112000.0,24,medical,0.49,1
52,80900.0,3.2,25000.0,11.0,0,82600.0,0,88000.0,36,personal,0.342,0
56,28700.0,3.2,9100.0,7.3,2,14200.0,0,200000.0,36,vehicle,0.526,1
37,31700.0,6.1,5000.0,1.1,0,4200.0,1,132000.0,12,home_improvement,0.532,1
55,63600.0,26.2,29700.0,3.4,1,26300.0,0,87000.0,36,business,0.508,1
31,74100.0,5.4,3400.0,6.5,1,43000.0,0,115000.0,36,business,0.092,0
41,25600.0,7.9,6100.0,1.8,2,14800.0,0,57000.0,12,medical,0.439,1
46,77800.0,0.1,31400.0,5.4,0,10600.0,0,357000.0,48,vehicle,0.507,0
24,59500.0,8.3,4000.0,8.1,0,97300.0,0,230000.0,36,vehicle,0.183,0
54,28000.0,1.8,6600.0,2.8,1,4700.0,0,246000.0,24,personal,0.631,1
38,35900.0,0.7,5300.0,8.8,3,7600.0,0,208000.0,36,vehicle,0.321,1
60,79400.0,0.6,25900.0,0.9,2,22800.0,0,372000.0,60,education,0.411,0
55,19900.0,5.7,3100.0,9.3,3,9800.0,0,160000.0,12,business,0.879,0
61,74700.0,30.2,11300.0,6.5,0,19400.0,0,103000.0,60,vehicle,0.176,0
49,58700.0,5.5,12200.0,7.3,1,43700.0,0,107000.0,36,business,0.263,0
49,50500.0,1.5,30400.0,0.0,1,3300.0,0,266000.0,36,home_improvement,0.76,0
58,42600.0,1.1,9800.0,4.4,0,7000.0,0,74000.0,24,vehicle,0.308,0
62,97400.0,3.7,15800.0,2.0,0,94800.0,0,314000.0,12,business,0.452,0
41,104100.0,0.3,69100.0,3.7,0,17900.0,0,131000.0,12,education,0.777,0
62,30400.0,2.5,6100.0,0.3,2,12100.0,0,287000.0,36,business,0.484,1
33,52900.0,5.5,24800.0,1.1,2,7600.0,1,173000.0,36,personal,0.567,1
61,93300.0,17.2,5700.0,1.7,1,34600.0,0,117000.0,60,personal,0.084,0
37,28200.0,2.8,6600.0,5.1,4,4800.0,0,391000.0,36,personal,0.65,1
29,44800.0,1.1,23400.0,3.2,1,40800.0,0,163000.0,48,medical,0.604,0
61,63100.0,8.5,33200.0,0.1,1,7400.0,0,81000.0,36,home_improvement,0.565,1
21,16200.0,6.8,600.0,1.6,2,4700.0,0,89000.0,48,personal,0.161,0
22,58300.0,9.8,5600.0,11.3,0,3200.0,1,184000.0,36,personal,0.191,0
49,24600.0,1.2,12900.0,0.8,2,12200.0,0,93000.0,24,personal,0.694,1
53,43800.0,2.6,19000.0,1.1,2,13700.0,0,140000.0,24,medical,0.578,0
30,67200.0,20.0,8400.0,1.5,2,4400.0,1,164000.0,24,home_improvement,0.235,0
60,13700.0,0.9,1800.0,1.2,2,5800.0,0,131000.0,24,education,0.562,0
41,57200.0,5.6,18300.0,0.5,1,1200.0,0,492000.0,48,home_improvement,0.513,0
48,100400.0,1.4,33000.0,1.5,1,8400.0,0,300000.0,24,business,0.463,0
31,31600.0,3.5,7200.0,3.1,1,259200.0,0,88000.0,24,personal,0.353,0
54,52000.0,8.1,17500.0,4.5,1,1000.0,0,205000.0,36,vehicle,0.455,0
28,73200.0,3.4,6600.0,4.1,0,20000.0,0,344000.0,24,vehicle,0.302,1
42,19600.0,8.2,5900.0,0.7,2,21400.0,0,103000.0,12,vehicle,0.774,1
28,56400.0,2.8,12700.0,3.8,2,8000.0,0,71000.0,48,personal,0.253,0
35,63600.0,35.0,14700.0,1.8,2,15800.0,0,257000.0,36,home_improvement,0.352,0
37,53500.0,2.9,18100.0,6.9,3,5500.0,0,138000.0,24,personal,0.454,1
43,41700.0,0.8,9600.0,1.8,0,5800.0,0,114000.0,12,personal,0.476,0
44,25600.0,2.6,9600.0,15.0,1,27300.0,0,231000.0,36,vehicle,0.646,1
39,75100.0,6.8,17400.0,3.8,0,700.0,0,150000.0,36,business,0.292,0
25,40800.0,9.4,19700.0,2.2,2,7700.0,0,212000.0,24,education,0.717,0
52,26700.0,3.1,8900.0,2.8,0,19800.0,0,507000.0,24,medical,1.188,1
64,34800.0,4.5,5600.0,0.8,1,9900.0,0,404000.0,48,personal,0.422,0
21,47400.0,9.3,7500.0,4.6,2,53300.0,0,334000.0,36,education,0.37,0
43,19900.0,8.4,1400.0,13.2,2,15100.0,0,399000.0,48,vehicle,0.521,0
57,40500.0,5.4,6700.0,2.9,2,16900.0,0,318000.0,36,personal,0.401,0
28,33300.0,8.4,7600.0,19.5,0,20500.0,0,272000.0,36,vehicle,0.473,0
33,73200.0,4.3,33700.0,0.7,0,4400.0,0,170000.0,36,education,0.53,0
28,17300.0,0.0,6300.0,4.1,2,24000.0,0,137000.0,12,business,1.077,0
43,61200.0,0.2,9200.0,4.5,3,105800.0,0,256000.0,12,personal,0.527,0
63,75900.0,19.5,43400.0,1.5,1,1300.0,0,71000.0,48,education,0.593,1
21,17600.0,0.8,500.0,1.7,0,4200.0,0,124000.0,36,vehicle,0.24,0
44,18500.0,2.6,8400.0,11.6,1,21300.0,0,139000.0,24,vehicle,0.792,1
55,89600.0,13.6,17500.0,3.8,1,9700.0,0,267000.0,36,personal,0.285,0
44,26700.0,1.1,1600.0,6.1,3,11900.0,0,151000.0,36,home_improvement,0.23,0
37,161600.0,9.3,30900.0,5.2,1,17100.0,0,288000.0,48,vehicle,0.231,0
25,17800.0,8.5,3000.0,3.8,1,3000.0,0,159000.0,36,personal,0.436,1
40,43300.0,21.5,24800.0,0.2,1,5300.0,0,51000.0,36,personal,0.608,0
41,39700.0,1.7,9000.0,4.3,2,18600.0,0,275000.0,36,vehicle,0.434,1
60,36500.0,1.9,4000.0,1.7,0,6700.0,0,114000.0,24,education,0.25,0
51,49400.0,11.7,7900.0,2.5,1,2400.0,0,76000.0,48,personal,0.195,0
56,50700.0,1.3,12500.0,7.6,1,7200.0,0,255000.0,36,vehicle,0.397,1
31,37200.0,4.0,8500.0,13.9,0,17400.0,0,49000.0,24,home_improvement,0.288,0
35,25400.0,6.1,17400.0,4.7,0,98400.0,0,163000.0,60,personal,0.801,0
39,64300.0,1.6,5500.0,1.1,1,8700.0,1,178000.0,36,personal,0.169,1
27,53200.0,13.9,19900.0,1.5,1,15900.0,0,285000.0,60,medical,0.47,0
48,42300.0,5.5,14300.0,0.6,1,3500.0,0,64000.0,24,home_improvement,0.406,0
63,52500.0,0.2,19600.0,3.5,0,1100.0,1,211000.0,36,personal,0.494,1
25,56700.0,0.7,6500.0,10.6,0,3500.0,0,329000.0,36,vehicle,0.289,0
25,28500.0,1.1,1200.0,6.7,0,11100.0,1,111000.0,12,home_improvement,0.393,1
50,51700.0,1.4,25300.0,3.1,0,29300.0,0,115000.0,36,personal,0.556,1
52,31300.0,6.6,11300.0,11.3,3,5700.0,0,256000.0,24,business,0.729,0
28,57600.0,0.5,12600.0,9.1,1,12100.0,0,216000.0,12,education,0.556,0
30,36800.0,2.2,5600.0,1.8,0,21400.0,0,116000.0,48,personal,0.223,0
58,52900.0,12.1,16700.0,3.2,0,900.0,0,192000.0,36,personal,0.425,0
52,33000.0,4.1,2600.0,1.4,1,34600.0,0,330000.0,12,vehicle,0.979,1
48,54100.0,1.5,30400.0,0.0,2,4800.0,0,83000.0,24,business,0.631,1
37,25800.0,15.7,17300.0,2.4,3,28600.0,0,135000.0,60,home_improvement,0.765,0
51,40800.0,1.4,15800.0,5.5,0,27300.0,0,484000.0,48,business,0.654,1
28,62400.0,11.8,20700.0,4.0,0,56200.0,0,117000.0,60,education,0.365,0
60,49500.0,6.5,20500.0,10.5,1,18300.0,0,138000.0,36,personal,0.498,0
45,43800.0,6.7,14900.0,4.6,3,21900.0,0,312000.0,48,personal,0.5,0
29,90400.0,7.2,14400.0,0.6,1,60700.0,0,62000.0,36,business,0.18,0
22,63600.0,3.5,12700.0,1.2,0,4300.0,0,124000.0,36,medical,0.258,0
35,59000.0,8.4,16000.0,0.5,2,16900.0,0,239000.0,24,education,0.453,0
23,54000.0,9.0,11600.0,6.3,3,13200.0,0,89000.0,48,business,0.252,0
56,57100.0,2.2,13400.0,12.0,0,73800.0,0,198000.0,36,business,0.339,0
24,84600.0,2.6,4500.0,1.0,0,7000.0,0,121000.0,24,personal,0.118,0
34,33300.0,11.0,3300.0,5.8,3,41700.0,0,65000.0,36,vehicle,0.158,0
61,63200.0,3.7,6200.0,2.3,1,13500.0,1,59000.0,36,personal,0.126,0
61,47100.0,10.1,10600.0,1.8,1,6100.0,0,51000.0,12,business,0.322,0
45,33800.0,4.9,3900.0,17.3,1,54700.0,0,196000.0,48,personal,0.246,0
30,38400.0,4.5,4100.0,1.7,1,9200.0,0,161000.0,12,education,0.484,1
41,44300.0,0.2,11000.0,4.3,1,5400.0,0,90000.0,36,education,0.309,1
56,27300.0,1.6,4500.0,5.0,1,4800.0,0,215000.0,36,personal,0.401,0
32,59200.0,3.5,16300.0,5.9,2,43000.0,0,170000.0,12,business,0.534,0
47,38300.0,4.4,13400.0,7.9,1,19700.0,1,251000.0,24,vehicle,0.645,1
60,41700.0,5.0,9200.0,3.3,0,4500.0,1,220000.0,48,business,0.339,1
22,73900.0,6.3,25400.0,3.7,3,16500.0,0,222000.0,12,vehicle,0.614,1
33,42500.0,5.3,3800.0,5.0,1,14400.0,0,358000.0,36,medical,0.342,0
52,80700.0,9.4,27500.0,0.6,1,33600.0,0,186000.0,12,medical,0.548,0
51,31700.0,1.8,4700.0,0.9,3,57800.0,0,174000.0,60,education,0.247,0
36,24500.0,5.1,2100.0,5.8,0,5400.0,0,177000.0,24,home_improvement,0.411,0
52,35200.0,0.3,14000.0,0.6,1,3500.0,0,333000.0,36,business,0.682,0
52,12000.0,3.3,1400.0,4.7,1,49800.0,1,475000.0,36,medical,1.304,1
54,60300.0,1.6,11600.0,0.1,1,14700.0,0,99000.0,36,personal,0.242,1
31,25100.0,2.4,1200.0,1.6,2,24200.0,0,156000.0,24,home_improvement,0.327,0
30,30400.0,2.2,15200.0,4.3,0,8900.0,0,638000.0,36,personal,1.13,1
35,55400.0,0.3,2700.0,4.9,2,9000.0,1,128000.0,60,personal,0.09,1
37,42300.0,3.1,8900.0,4.0,1,3400.0,0,43000.0,12,personal,0.302,0
60,32900.0,26.1,6700.0,2.3,1,44300.0,0,75000.0,12,personal,0.409,0
38,16100.0,1.8,8000.0,1.2,0,15000.0,0,110000.0,60,home_improvement,0.62,1
29,72100.0,6.7,25700.0,3.8,2,33700.0,0,75000.0,36,business,0.388,1
45,55600.0,4.0,11700.0,0.8,2,25500.0,0,288000.0,24,vehicle,0.444,0
60,101200.0,2.0,38100.0,0.2,0,8000.0,1,309000.0,24,business,0.514,1
34,30700.0,0.5,8800.0,0.1,4,34400.0,0,99000.0,36,personal,0.383,1
45,20900.0,1.2,7800.0,1.2,1,22600.0,0,166000.0,36,vehicle,0.611,1
42,62800.0,7.6,15400.0,0.1,2,25500.0,0,67000.0,24,vehicle,0.293,0
50,36900.0,1.6,18800.0,1.1,1,2200.0,0,259000.0,24,personal,0.825,0
40,53200.0,0.8,10100.0,1.4,1,1100.0,0,251000.0,48,personal,0.296,0
41,83200.0,2.0,4400.0,1.7,0,1800.0,1,82000.0,48,personal,0.075,0
64,47800.0,4.4,10200.0,5.0,0,130200.0,0,306000.0,48,personal,0.357,0
52,43300.0,6.1,10000.0,2.3,0,7200.0,0,121000.0,36,personal,0.315,0
41,44500.0,2.4,12000.0,16.9,1,3800.0,0,125000.0,24,home_improvement,0.396,0
55,19200.0,3.4,1100.0,11.8,0,80800.0,0,100000.0,36,business,0.214,0
52,66100.0,3.0,13800.0,16.0,0,23700.0,0,121000.0,36,vehicle,0.264,0
50,68000.0,0.0,5800.0,2.1,3,4700.0,0,75000.0,48,vehicle,0.11,0
59,51000.0,2.5,6900.0,0.2,1,1600.0,0,59000.0,36,vehicle,0.17,0
32,20300.0,4.4,6400.0,7.9,1,14900.0,0,219000.0,36,vehicle,0.639,1
61,38000.0,4.2,21600.0,2.3,3,6700.0,0,323000.0,36,education,0.823,1
38,76700.0,6.9,9800.0,4.1,1,29200.0,0,112000.0,24,medical,0.193,0
41,31100.0,5.5,4900.0,7.4,3,55900.0,0,178000.0,12,personal,0.673,0
33,68400.0,1.6,20100.0,3.7,1,37500.0,0,76000.0,36,personal,0.327,0
41,41100.0,1.5,15800.0,5.3,0,7600.0,0,85000.0,36,personal,0.446,1
28,55300.0,3.1,16800.0,1.1,1,11900.0,0,189000.0,24,home_improvement,0.458,1
60,33300.0,6.6,4300.0,0.9,1,44400.0,0,92000.0,36,personal,0.212,0
27,41700.0,0.5,19600.0,3.2,0,6600.0,0,238000.0,48,medical,0.598,1
43,48900.0,14.8,24800.0,4.1,1,10800.0,0,100000.0,24,home_improvement,0.599,0
64,24700.0,3.9,10500.0,8.2,0,156300.0,1,427000.0,36,medical,0.944,1
52,45400.0,1.8,27600.0,6.9,2,4300.0,0,364000.0,24,education,0.969,0
31,12000.0,5.9,4400.0,18.1,4,31000.0,0,485000.0,36,home_improvement,1.579,1
42,30600.0,0.2,13600.0,13.6,0,14200.0,0,239000.0,36,business,0.679,1
42,51300.0,3.3,2800.0,3.9,1,11400.0,0,63000.0,48,medical,0.082,1
63,66400.0,3.3,15900.0,2.8,0,12800.0,0,209000.0,48,education,0.31,0
45,49600.0,0.9,11800.0,5.7,0,1500.0,0,191000.0,24,medical,0.411,0
42,21500.0,9.1,3100.0,1.2,2,28500.0,0,137000.0,48,home_improvement,0.288,0
48,63900.0,8.0,9300.0,1.7,1,5000.0,0,119000.0,12,personal,0.313,1
49,24000.0,0.8,13100.0,5.8,0,14500.0,0,132000.0,36,home_improvement,0.711,1
33,52900.0,2.3,3900.0,12.0,3,6600.0,0,85000.0,24,vehicle,0.146,0
38,24400.0,0.5,5200.0,9.0,0,9000.0,0,150000.0,48,personal,0.351,1
22,28300.0,9.4,2300.0,0.3,1,6000.0,0,92000.0,12,home_improvement,0.374,0
49,26100.0,2.0,2800.0,1.1,1,9500.0,0,74000.0,48,business,0.171,0
41,42700.0,2.9,12700.0,1.3,1,2700.0,0,104000.0,48,personal,0.352,0
35,36800.0,2.0,7000.0,1.9,2,169900.0,0,116000.0,36,vehicle,0.285,0
47,50500.0,1.9,5500.0,0.3,1,9900.0,0,158000.0,60,medical,0.165,0
51,39800.0,6.9,3900.0,1.1,2,105100.0,0,235000.0,36,education,0.275,0
35,20300.0,6.9,3000.0,5.0,0,8400.0,0,44000.0,60,personal,0.187,0
43,45400.0,3.6,16000.0,1.1,2,10000.0,0,293000.0,12,home_improvement,0.933,0
44,18200.0,5.4,11100.0,11.4,1,4100.0,0,608000.0,36,vehicle,1.612,1
64,27000.0,3.6,9000.0,2.2,1,37500.0,0,631000.0,12,personal,2.437,1
33,34100.0,0.1,7900.0,0.4,0,4300.0,0,78000.0,24,personal,0.335,0
42,33000.0,0.3,3200.0,7.4,2,4000.0,1,139000.0,36,education,0.223,1
63,19100.0,2.4,2400.0,9.9,2,14000.0,0,115000.0,36,medical,0.306,0
57,74400.0,6.9,3400.0,10.5,0,13400.0,0,162000.0,24,business,0.144,0
53,84300.0,12.2,8400.0,2.7,1,5500.0,1,656000.0,24,personal,0.45,1
23,110500.0,0.2,38100.0,10.1,0,21200.0,0,110000.0,48,vehicle,0.367,1
39,67300.0,2.3,30500.0,4.9,0,1000.0,0,77000.0,12,vehicle,0.556,1
43,33600.0,1.3,8500.0,0.9,0,6300.0,0,315000.0,48,education,0.464,0
49,33300.0,8.4,10200.0,3.0,2,2500.0,0,222000.0,12,education,0.906,1
50,32500.0,9.4,10700.0,2.3,1,10400.0,0,141000.0,12,medical,0.72,0
59,98100.0,1.2,33100.0,2.4,0,70100.0,0,185000.0,60,home_improvement,0.371,1
64,38100.0,6.2,11300.0,2.1,2,1100.0,0,491000.0,24,vehicle,0.876,1
45,71100.0,6.6,29900.0,0.8,1,21700.0,0,167000.0,24,personal,0.526,0
57,68600.0,1.0,9500.0,2.0,0,7900.0,0,152000.0,24,personal,0.238,0
28,43700.0,2.8,5100.0,2.9,2,6000.0,0,86000.0,36,personal,0.176,0
62,20900.0,4.8,6300.0,1.3,2,34600.0,0,176000.0,48,education,0.491,0
36,38500.0,0.1,7200.0,0.8,1,1200.0,0,102000.0,36,personal,0.266,0
28,42900.0,2.6,3600.0,0.9,1,4200.0,0,120000.0,24,medical,0.21,1
21,71300.0,0.8,12700.0,0.9,1,3200.0,0,186000.0,24,personal,0.296,1
64,40500.0,3.9,5000.0,2.4,1,1600.0,0,215000.0,24,home_improvement,0.362,0
25,23300.0,9.3,8300.0,0.9,1,21300.0,0,166000.0,24,personal,0.677,1
23,62600.0,3.7,6400.0,5.1,2,12600.0,0,474000.0,36,medical,0.329,0
21,36200.0,0.2,3800.0,1.6,0,22900.0,0,205000.0,36,home_improvement,0.275,0
24,12800.0,0.2,4700.0,11.2,1,27000.0,0,117000.0,36,personal,0.641,1
60,46500.0,4.7,6200.0,0.3,1,44400.0,0,276000.0,24,vehicle,0.4,0
55,50300.0,2.0,6800.0,1.5,0,20300.0,0,317000.0,12,business,0.702,0
52,27500.0,4.3,14300.0,5.4,0,7800.0,0,111000.0,36,personal,0.641,1
62,36800.0,0.9,15400.0,4.6,1,22900.0,0,297000.0,48,vehicle,0.6,0
54,54000.0,7.5,2000.0,2.2,1,9400.0,1,143000.0,48,education,0.097,1
63,46600.0,9.9,8000.0,8.2,3,42600.0,0,171000.0,24,medical,0.337,0
45,19900.0,11.0,1400.0,0.3,0,43600.0,0,98000.0,36,home_improvement,0.218,0
30,70600.0,1.8,41000.0,2.8,1,4700.0,0,34000.0,24,education,0.602,0
41,86500.0,5.4,12400.0,0.9,1,2000.0,0,298000.0,24,personal,0.298,0
59,31900.0,1.6,17700.0,1.9,2,5100.0,0,107000.0,48,personal,0.63,0
47,17000.0,7.2,6400.0,4.8,0,68100.0,0,184000.0,24,education,0.863,1
47,56800.0,0.6,22300.0,0.4,2,176000.0,0,200000.0,36,vehicle,0.498,0
22,29600.0,7.2,10300.0,0.2,3,1700.0,0,268000.0,24,vehicle,0.755,0
61,51100.0,2.9,17500.0,2.2,0,45300.0,0,88000.0,24,business,0.42,0
33,108100.0,9.7,19300.0,1.3,1,5200.0,0,117000.0,60,personal,0.198,0
29,20000.0,6.7,3200.0,5.1,2,6800.0,0,200000.0,48,personal,0.385,0
56,28000.0,2.4,6300.0,0.3,0,59400.0,0,289000.0,24,home_improvement,0.689,0
42,36800.0,11.7,8400.0,13.6,0,20900.0,1,244000.0,36,home_improvement,0.427,1
62,71800.0,1.7,28400.0,3.9,2,46900.0,0,89000.0,48,vehicle,0.423,1
46,198800.0,17.1,140500.0,2.8,1,8300.0,0,225000.0,48,home_improvement,0.732,1
32,44900.0,7.3,6400.0,2.1,3,51100.0,0,133000.0,36,personal,0.231,0
37,19300.0,23.4,5100.0,5.5,0,9700.0,0,259000.0,60,business,0.506,0
34,34400.0,0.3,8200.0,1.8,2,13900.0,0,198000.0,36,personal,0.411,0
34,28300.0,1.6,16600.0,6.0,2,26300.0,0,108000.0,12,personal,0.93,0
54,55500.0,6.8,6800.0,5.0,0,8600.0,0,400000.0,60,personal,0.252,0
40,47600.0,12.8,3600.0,3.2,1,151200.0,0,216000.0,60,vehicle,0.157,0
31,25100.0,0.1,7200.0,8.8,1,4600.0,0,216000.0,48,vehicle,0.48,0
36,27600.0,0.0,7200.0,1.7,1,32100.0,0,171000.0,48,personal,0.4,0
51,34100.0,1.5,4100.0,0.2,0,7700.0,0,199000.0,36,vehicle,0.295,0
26,36000.0,9.6,16200.0,1.9,1,35800.0,0,145000.0,36,personal,0.571,1
39,39400.0,7.3,10700.0,8.3,0,16800.0,0,531000.0,24,vehicle,0.878,0
57,41000.0,2.1,3600.0,0.3,1,35500.0,1,129000.0,24,vehicle,0.229,0
24,70000.0,0.0,9200.0,5.8,1,4400.0,0,143000.0,36,home_improvement,0.193,0
24,33600.0,4.0,5900.0,7.0,2,14300.0,0,145000.0,24,business,0.37,1
40,31400.0,1.4,7400.0,2.2,2,9500.0,0,431000.0,24,home_improvement,0.853,0
30,22000.0,6.8,1900.0,0.9,1,5700.0,1,142000.0,36,home_improvement,0.28,0
44,36300.0,3.0,3100.0,1.8,1,8500.0,1,327000.0,36,personal,0.356,0
55,45000.0,5.7,18800.0,2.0,4,9300.0,0,148000.0,12,home_improvement,0.714,0
46,18500.0,9.6,3300.0,10.8,2,14700.0,0,226000.0,36,personal,0.545,0
57,34400.0,3.8,13500.0,1.3,0,8400.0,0,516000.0,36,personal,0.842,1
58,67700.0,2.0,13400.0,14.4,2,3800.0,1,102000.0,36,home_improvement,0.243,1
41,53700.0,7.3,21400.0,0.5,2,38100.0,1,302000.0,48,personal,0.525,1
60,47500.0,1.5,4800.0,14.6,0,11700.0,0,67000.0,24,vehicle,0.165,0
59,53100.0,11.1,19100.0,1.0,1,8300.0,0,128000.0,48,vehicle,0.414,0
41,31000.0,0.4,7900.0,0.7,0,11200.0,0,138000.0,60,personal,0.335,0
30,29200.0,9.0,8900.0,0.5,0,14800.0,0,156000.0,60,personal,0.401,0
58,71100.0,0.5,3100.0,1.5,0,2100.0,1,117000.0,60,vehicle,0.073,0
24,58300.0,0.3,10400.0,3.8,1,400.0,0,201000.0,48,personal,0.256,0
40,28700.0,2.3,6400.0,4.4,3,96000.0,1,131000.0,36,business,0.36,1
37,17200.0,15.7,7500.0,1.8,3,11300.0,0,135000.0,48,vehicle,0.613,0
27,29000.0,20.5,3500.0,1.0,1,15500.0,0,132000.0,12,vehicle,0.53,0
24,51300.0,1.1,2700.0,21.2,1,39400.0,0,127000.0,24,business,0.164,0
49,29800.0,0.8,3600.0,1.3,1,4500.0,0,187000.0,60,business,0.234,0
34,46600.0,2.2,4300.0,1.9,3,3600.0,0,158000.0,12,business,0.397,0
23,76000.0,2.1,29600.0,2.6,1,20700.0,0,207000.0,12,home_improvement,0.635,0
44,38500.0,7.1,23400.0,5.4,1,20100.0,0,240000.0,24,personal,0.888,0
57,44600.0,2.9,23900.0,0.7,1,9800.0,0,164000.0,36,business,0.646,1
36,54600.0,7.6,29800.0,1.2,2,15100.0,0,105000.0,24,personal,0.632,1
24,24700.0,6.9,2300.0,23.1,0,26700.0,0,104000.0,12,home_improvement,0.472,0
44,28300.0,4.3,6400.0,7.0,3,1000.0,0,133000.0,12,personal,0.649,1
54,55600.0,9.0,7700.0,2.3,0,8000.0,0,601000.0,36,business,0.463,1
50,40800.0,1.1,16700.0,0.5,2,11800.0,0,73000.0,36,business,0.463,0
38,42400.0,0.9,4500.0,8.1,2,800.0,0,130000.0,24,medical,0.244,0
39,40700.0,6.9,10300.0,6.1,1,8300.0,0,113000.0,60,home_improvement,0.303,0
51,62300.0,1.4,4400.0,3.5,1,9200.0,0,77000.0,48,medical,0.098,0
39,48800.0,0.0,9100.0,2.1,1,1800.0,1,126000.0,36,personal,0.264,0
39,49100.0,12.1,1500.0,11.0,2,180700.0,0,175000.0,24,medical,0.191,0
42,69600.0,4.9,3400.0,1.4,1,12100.0,0,385000.0,48,business,0.173,0
44,82700.0,2.9,5500.0,1.5,0,153700.0,1,111000.0,24,personal,0.127,1
32,110200.0,6.5,18100.0,8.3,0,1900.0,0,487000.0,36,vehicle,0.297,0
50,30900.0,2.0,14100.0,3.9,3,3500.0,0,67000.0,36,vehicle,0.521,0
58,121900.0,15.4,27300.0,12.1,2,1900.0,0,204000.0,48,vehicle,0.262,0
51,24500.0,0.4,3100.0,4.1,0,26600.0,0,94000.0,24,personal,0.299,1
56,95900.0,5.1,4700.0,0.1,2,24800.0,0,201000.0,24,vehicle,0.143,0
39,30200.0,7.5,3000.0,0.8,0,26100.0,0,634000.0,36,vehicle,0.729,0
56,38900.0,3.2,7800.0,1.3,3,3000.0,0,136000.0,48,home_improvement,0.279,1
50,40500.0,7.0,800.0,8.1,0,87600.0,1,196000.0,12,education,0.455,1
53,27200.0,13.1,5600.0,7.1,2,95600.0,0,203000.0,60,personal,0.34,0
38,41700.0,6.8,3900.0,6.2,0,69600.0,0,157000.0,36,vehicle,0.206,0
48,27800.0,1.9,7400.0,3.2,1,3900.0,0,656000.0,12,business,2.39,1
31,23000.0,4.1,6000.0,0.6,1,84300.0,0,175000.0,36,business,0.489,0
53,39400.0,12.1,4000.0,0.6,1,36000.0,0,161000.0,36,vehicle,0.224,0
37,82100.0,3.0,31200.0,0.5,2,11000.0,0,105000.0,36,vehicle,0.418,0
26,35800.0,5.7,8300.0,7.7,1,3900.0,0,92000.0,36,home_improvement,0.309,0
24,61300.0,3.1,22100.0,0.6,1,11700.0,1,332000.0,48,personal,0.482,1
40,27400.0,0.6,6600.0,6.6,1,57900.0,0,472000.0,48,personal,0.628,1
47,22500.0,0.3,4800.0,7.5,0,28700.0,1,460000.0,36,personal,0.827,0
35,49200.0,15.2,2200.0,0.4,0,6200.0,1,217000.0,12,business,0.442,1
26,88400.0,4.7,46000.0,9.3,1,14100.0,0,110000.0,36,personal,0.558,1
34,44100.0,0.5,3900.0,9.1,0,3100.0,0,88000.0,12,vehicle,0.268,1
31,58200.0,9.7,20000.0,4.1,1,14000.0,1,175000.0,12,personal,0.614,1
59,78700.0,3.7,16400.0,2.9,1,1700.0,0,236000.0,36,personal,0.298,1
29,39500.0,7.4,12000.0,4.2,1,6800.0,0,151000.0,60,medical,0.373,1
46,37500.0,0.7,14000.0,2.1,1,72100.0,0,88000.0,24,vehicle,0.479,0
36,49600.0,11.9,22200.0,3.6,1,132000.0,0,117000.0,48,personal,0.501,1
25,53800.0,4.5,11300.0,14.0,1,8500.0,0,243000.0,12,vehicle,0.617,1
30,21400.0,6.7,6300.0,0.5,1,27700.0,0,197000.0,12,home_improvement,1.123,1
23,45800.0,0.2,4200.0,1.1,2,834800.0,0,351000.0,48,vehicle,0.264,0
33,40100.0,1.9,7700.0,3.0,0,183800.0,0,398000.0,24,personal,0.639,0
63,28100.0,1.6,4400.0,1.2,0,8400.0,0,822000.0,60,business,0.683,1
50,38900.0,14.9,7900.0,19.7,1,3200.0,0,123000.0,12,vehicle,0.488,0
26,23800.0,1.0,7600.0,5.1,2,13500.0,0,285000.0,24,vehicle,0.858,0
37,20300.0,6.1,9300.0,2.3,0,203800.0,0,89000.0,36,personal,0.59,1
39,41400.0,0.2,4200.0,9.3,1,3800.0,0,203000.0,36,vehicle,0.249,0
62,60200.0,1.1,16200.0,0.6,0,1200.0,0,159000.0,36,business,0.348,0
55,34300.0,2.1,500.0,1.4,2,29100.0,0,165000.0,48,personal,0.123,0
46,26000.0,7.9,6400.0,12.5,2,17400.0,0,208000.0,36,education,0.486,0
25,27900.0,7.8,6200.0,3.3,2,17500.0,0,86000.0,60,home_improvement,0.278,0
49,51400.0,15.2,15500.0,10.1,0,13000.0,0,59000.0,48,medical,0.327,0
57,85000.0,12.4,24200.0,16.6,2,11300.0,0,119000.0,60,vehicle,0.31,0
40,56800.0,0.4,33300.0,1.8,1,3100.0,1,147000.0,48,business,0.644,1
41,72100.0,8.9,12600.0,3.4,1,22900.0,0,171000.0,24,personal,0.281,0
30,25000.0,3.0,2500.0,7.5,1,14000.0,0,113000.0,36,home_improvement,0.236,1
25,38800.0,10.0,12400.0,1.3,3,177300.0,0,104000.0,24,home_improvement,0.44,1
56,63500.0,0.5,21000.0,2.4,2,9700.0,0,176000.0,36,business,0.414,0
26,21400.0,8.7,3200.0,0.7,0,15800.0,0,251000.0,36,personal,0.501,0
46,29800.0,0.9,3200.0,4.2,0,2000.0,0,145000.0,60,personal,0.195,0
24,61300.0,2.0,51200.0,0.0,1,3200.0,0,50000.0,48,vehicle,0.854,1
59,45100.0,0.1,4700.0,2.4,0,30300.0,1,97000.0,48,vehicle,0.153,0
59,26000.0,0.7,6500.0,10.6,2,169600.0,0,80000.0,60,vehicle,0.305,0
55,19300.0,3.0,3900.0,9.1,2,19000.0,0,198000.0,12,vehicle,1.125,1
21,73300.0,8.5,18200.0,6.5,2,9600.0,0,422000.0,48,business,0.378,0
44,15900.0,7.4,6500.0,0.6,1,1600.0,0,115000.0,48,vehicle,0.572,1
56,53300.0,1.3,19200.0,2.9,0,16200.0,0,153000.0,36,vehicle,0.446,0
26,31600.0,0.8,5900.0,5.1,0,66900.0,0,58000.0,24,vehicle,0.269,0
61,64300.0,2.5,7800.0,0.4,4,6100.0,0,475000.0,12,personal,0.786,1
64,25100.0,10.7,4300.0,0.6,1,6100.0,0,202000.0,60,personal,0.316,0
51,130200.0,0.5,3800.0,0.2,1,3900.0,0,71000.0,36,education,0.046,0
40,48100.0,3.9,17800.0,1.6,2,43500.0,1,641000.0,12,medical,1.569,1
44,51800.0,0.5,4300.0,8.4,2,14000.0,0,118000.0,36,business,0.151,0
45,28300.0,3.2,5700.0,2.8,0,8700.0,0,94000.0,48,business,0.276,0
56,37800.0,0.7,2800.0,7.7,0,30900.0,0,256000.0,60,business,0.196,1
41,38200.0,0.4,8700.0,0.3,1,5800.0,0,144000.0,36,business,0.341,0
50,90100.0,1.1,12200.0,0.2,1,3100.0,0,224000.0,48,medical,0.191,0
44,48100.0,1.5,21600.0,6.5,1,18300.0,0,556000.0,48,business,0.709,1
64,51300.0,1.6,2400.0,2.8,1,10300.0,0,593000.0,24,personal,0.567,1
62,51000.0,5.2,8600.0,2.5,0,14500.0,0,177000.0,36,personal,0.273,0
50,53300.0,0.3,28300.0,2.6,2,78600.0,0,129000.0,36,medical,0.604,1
42,21500.0,0.4,11100.0,1.9,1,27600.0,0,67000.0,36,medical,0.61,0
48,100900.0,1.0,29800.0,8.7,0,3200.0,0,49000.0,60,personal,0.304,0
27,27000.0,10.3,1900.0,2.9,0,12300.0,0,291000.0,24,personal,0.555,0
55,39400.0,5.0,5700.0,14.6,0,8200.0,0,153000.0,48,personal,0.232,0
48,80000.0,6.6,47800.0,7.5,1,8800.0,0,112000.0,24,personal,0.66,1
34,95900.0,2.3,28600.0,5.4,2,3100.0,0,202000.0,60,vehicle,0.336,0
30,57700.0,1.2,19600.0,4.0,0,8700.0,0,124000.0,12,business,0.533,1
36,32000.0,0.2,12600.0,7.2,0,5400.0,0,223000.0,48,personal,0.551,0
36,42500.0,3.4,7800.0,8.5,2,8100.0,1,163000.0,36,home_improvement,0.299,1
51,43300.0,4.3,16800.0,0.6,1,13600.0,0,72000.0,12,vehicle,0.538,0
62,44000.0,11.4,17000.0,1.8,2,8900.0,0,102000.0,48,vehicle,0.439,0
45,23100.0,10.7,1400.0,6.5,1,1800.0,0,241000.0,36,home_improvement,0.374,0
33,70800.0,2.8,26300.0,1.0,2,7100.0,0,108000.0,48,medical,0.406,1
26,42600.0,2.8,5900.0,3.5,1,6400.0,0,103000.0,36,personal,0.211,0
64,29000.0,0.9,3400.0,6.1,1,29200.0,0,424000.0,60,personal,0.38,0
29,32100.0,1.5,3800.0,1.0,1,19700.0,0,171000.0,48,education,0.238,0
56,45300.0,13.0,12900.0,2.1,1,30600.0,0,267000.0,24,business,0.55,1
63,21300.0,0.8,8400.0,9.9,2,18200.0,0,332000.0,24,medical,1.096,1
40,59600.0,17.3,7900.0,1.8,2,14900.0,0,220000.0,12,education,0.465,0
38,44600.0,3.5,20400.0,3.7,2,12800.0,1,101000.0,12,personal,0.661,1
63,81200.0,3.0,22400.0,2.3,0,51100.0,0,214000.0,48,medical,0.335,0
41,41600.0,1.0,18600.0,8.4,0,75000.0,0,703000.0,24,vehicle,1.208,1
24,24600.0,5.4,4400.0,2.2,1,21600.0,1,119000.0,36,personal,0.324,1
53,23400.0,3.1,4600.0,1.8,1,26600.0,0,307000.0,48,business,0.492,0
47,33700.0,2.3,8700.0,0.8,0,3300.0,1,303000.0,48,business,0.46,0
27,35300.0,1.5,19500.0,1.7,1,9400.0,0,106000.0,48,home_improvement,0.62,0
26,31100.0,0.3,1900.0,4.4,0,11100.0,0,60000.0,48,personal,0.104,0
35,42500.0,3.7,9300.0,0.8,2,7200.0,0,151000.0,36,business,0.325,0
38,30700.0,1.9,3400.0,4.9,1,111800.0,0,74000.0,24,home_improvement,0.219,0
52,45000.0,6.2,8500.0,0.0,2,17500.0,0,30000.0,48,business,0.204,0
31,31800.0,6.4,2500.0,1.8,4,10800.0,0,107000.0,12,home_improvement,0.381,0
40,53300.0,2.0,1800.0,2.5,2,2700.0,0,173000.0,24,home_improvement,0.18,0
44,34900.0,5.5,5500.0,0.4,2,30800.0,0,446000.0,24,business,0.733,1
35,70300.0,1.5,15600.0,4.6,2,24600.0,0,83000.0,36,personal,0.257,0
27,53800.0,6.5,1100.0,0.4,0,5700.0,0,147000.0,60,business,0.07,0
41,43800.0,0.1,12000.0,0.4,1,7200.0,1,243000.0,36,personal,0.44,1
62,36600.0,0.8,18600.0,1.8,1,6600.0,0,61000.0,36,vehicle,0.558,1
46,20300.0,1.4,7000.0,5.4,1,18200.0,0,153000.0,36,vehicle,0.571,1
64,75800.0,7.4,25800.0,13.3,0,8200.0,0,137000.0,12,vehicle,0.503,0
34,29500.0,0.3,2900.0,6.0,1,3600.0,0,57000.0,24,home_improvement,0.185,0
57,41800.0,1.0,8300.0,2.5,2,129300.0,0,109000.0,60,education,0.245,0
41,46900.0,2.2,7100.0,1.3,2,17300.0,0,71000.0,24,medical,0.22,0
38,37000.0,0.0,2600.0,1.4,1,2900.0,0,199000.0,36,education,0.232,0
25,73800.0,7.2,21700.0,1.3,3,2900.0,0,148000.0,36,personal,0.354,1
23,23200.0,4.1,600.0,1.3,0,32300.0,0,161000.0,48,personal,0.182,0
43,87600.0,11.5,36700.0,0.3,2,3800.0,0,148000.0,36,education,0.47,1
46,54300.0,0.2,9600.0,1.0,1,6000.0,0,123000.0,36,personal,0.245,0
57,35900.0,1.6,3300.0,0.5,2,2900.0,0,175000.0,36,personal,0.238,0
44,36100.0,6.6,4500.0,0.0,0,5700.0,0,189000.0,36,personal,0.282,0
39,14800.0,5.6,2400.0,1.3,1,32000.0,0,105000.0,36,personal,0.375,0
45,27400.0,1.4,4800.0,1.7,3,13000.0,0,224000.0,36,education,0.42,0
41,34200.0,4.5,8100.0,10.5,0,6200.0,0,67000.0,36,business,0.296,0
32,43400.0,7.9,9200.0,21.1,1,1900.0,1,205000.0,36,vehicle,0.354,0
61,70700.0,0.2,8900.0,3.5,1,3200.0,0,369000.0,36,education,0.282,0
53,100400.0,6.3,17100.0,9.2,0,7300.0,1,171000.0,60,education,0.201,1
24,45400.0,1.5,11300.0,3.9,2,13700.0,0,67000.0,12,personal,0.382,0
62,44000.0,14.8,4800.0,2.8,0,23300.0,0,130000.0,36,education,0.198,0
27,32200.0,3.9,7200.0,0.2,0,3100.0,0,153000.0,24,business,0.437,0
42,18500.0,0.2,2100.0,0.2,0,21200.0,0,50000.0,24,medical,0.235,0
53,30600.0,2.6,4800.0,0.1,2,18600.0,0,219000.0,24,personal,0.479,0
37,36600.0,17.0,3600.0,0.7,0,17500.0,0,325000.0,48,personal,0.298,0
44,62300.0,6.6,400.0,0.3,1,1200.0,0,314000.0,24,education,0.233,0
54,50700.0,1.8,3200.0,0.9,3,15100.0,0,76000.0,36,education,0.108,0
48,44300.0,4.3,7700.0,2.9,2,8600.0,0,220000.0,36,business,0.323,0
63,30900.0,4.6,10500.0,2.8,1,10300.0,0,467000.0,36,personal,0.793,1
61,16400.0,0.1,2500.0,1.7,1,109100.0,0,112000.0,24,business,0.46,1
59,16900.0,1.0,3400.0,4.4,1,1800.0,0,272000.0,36,personal,0.684,1
42,19000.0,4.0,2600.0,2.0,0,142700.0,0,102000.0,36,home_improvement,0.298,0
37,35200.0,2.6,8000.0,1.0,1,600.0,0,267000.0,12,home_improvement,0.91,0
54,62800.0,1.1,11800.0,4.7,0,9100.0,0,90000.0,48,personal,0.22,0
26,62000.0,7.4,1000.0,15.7,1,25500.0,0,174000.0,48,medical,0.079,0
26,57400.0,3.4,10000.0,6.7,0,3500.0,0,268000.0,36,personal,0.314,0
54,31800.0,1.9,2500.0,2.1,2,18600.0,0,211000.0,12,medical,0.676,0
21,67200.0,0.9,24900.0,1.9,2,5500.0,1,161000.0,24,home_improvement,0.478,1
30,26400.0,4.7,9000.0,0.2,2,17700.0,0,192000.0,36,personal,0.559,0
41,58900.0,5.5,8800.0,4.3,1,11000.0,0,217000.0,48,vehicle,0.232,0
25,18900.0,5.5,9600.0,1.0,0,10900.0,0,102000.0,12,personal,0.994,0
22,23600.0,1.2,3800.0,4.6,1,79700.0,0,53000.0,36,personal,0.228,0
42,84400.0,4.5,19000.0,5.7,0,44900.0,0,76000.0,36,business,0.252,0
22,36600.0,11.8,18400.0,8.5,1,6500.0,0,152000.0,24,business,0.69,0
30,29500.0,2.2,3500.0,3.2,0,28800.0,0,423000.0,36,personal,0.549,0
54,65900.0,1.2,9900.0,7.1,0,16300.0,0,60000.0,12,personal,0.232,0
36,69400.0,7.4,8400.0,5.1,1,5000.0,0,76000.0,36,vehicle,0.154,1
59,33000.0,1.0,11300.0,1.7,1,8700.0,0,452000.0,12,education,1.575,1
42,45500.0,1.5,9400.0,0.5,0,38700.0,0,166000.0,12,personal,0.535,0
32,42700.0,0.5,9100.0,1.1,1,4400.0,1,96000.0,12,personal,0.415,0
44,12000.0,1.6,1000.0,7.4,2,8400.0,0,149000.0,48,business,0.363,0
60,21400.0,2.6,7100.0,3.1,1,38500.0,0,113000.0,24,vehicle,0.569,1
58,61300.0,0.3,18200.0,4.4,0,43500.0,0,128000.0,36,business,0.36,0
30,27600.0,10.3,6300.0,6.6,0,16300.0,0,190000.0,12,home_improvement,0.848,0
55,50900.0,3.6,26500.0,4.4,1,5500.0,0,143000.0,12,personal,0.773,0
52,45200.0,4.4,7700.0,7.8,1,24400.0,0,225000.0,48,personal,0.282,0
27,69400.0,2.3,26900.0,0.4,2,1700.0,0,102000.0,48,education,0.421,0
41,21700.0,5.5,3700.0,9.4,1,3600.0,0,233000.0,12,vehicle,1.137,0
40,47900.0,2.8,11700.0,6.7,1,66200.0,1,136000.0,36,home_improvement,0.329,1
46,39000.0,7.2,7900.0,9.3,2,60300.0,0,404000.0,24,vehicle,0.669,0
24,28100.0,8.6,12100.0,5.3,1,5300.0,0,307000.0,48,business,0.676,1
42,28000.0,5.6,13300.0,1.3,1,2700.0,0,261000.0,36,education,0.755,1
35,44500.0,3.4,11100.0,0.5,3,2800.0,0,167000.0,60,education,0.317,0
60,53300.0,7.6,4700.0,0.6,1,5900.0,0,121000.0,36,vehicle,0.156,0
41,41300.0,3.4,17100.0,2.8,0,16200.0,0,102000.0,24,personal,0.525,1
35,41900.0,0.6,3000.0,2.0,0,4800.0,1,106000.0,36,vehicle,0.147,0
42,32100.0,0.6,9300.0,4.2,2,8600.0,0,243000.0,36,vehicle,0.517,0
48,33000.0,14.8,3500.0,2.8,2,8800.0,0,137000.0,36,medical,0.231,0
34,28100.0,1.2,11000.0,0.5,3,34000.0,1,286000.0,36,home_improvement,0.697,1
47,31800.0,8.5,3800.0,0.0,1,4700.0,0,176000.0,12,home_improvement,0.618,0
61,52400.0,1.4,22400.0,0.5,1,12300.0,0,119000.0,36,business,0.496,1
60,55200.0,2.8,4400.0,0.6,0,175200.0,0,152000.0,24,home_improvement,0.204,0
48,22600.0,5.3,3800.0,5.1,1,12300.0,0,160000.0,24,vehicle,0.487,0
46,26800.0,0.9,9800.0,1.3,0,11600.0,0,149000.0,24,home_improvement,0.616,0
22,29200.0,6.7,10900.0,0.4,2,9100.0,0,80000.0,36,vehicle,0.455,0
45,39000.0,5.9,5600.0,5.6,1,14300.0,1,140000.0,36,medical,0.251,1
23,18800.0,3.9,7400.0,11.3,1,13500.0,0,171000.0,12,education,1.212,0
28,27000.0,4.2,9200.0,0.4,1,21000.0,0,112000.0,36,vehicle,0.465,0
64,21500.0,0.6,10000.0,13.2,1,81000.0,0,166000.0,24,home_improvement,0.813,0
53,48100.0,2.9,7400.0,12.0,1,7700.0,0,194000.0,36,vehicle,0.275,1
62,39600.0,0.5,2200.0,3.0,1,8300.0,0,228000.0,36,medical,0.228,0
55,32600.0,1.8,4400.0,1.4,0,89500.0,0,164000.0,12,personal,0.588,1
26,24900.0,11.5,2900.0,0.6,1,7400.0,0,97000.0,36,home_improvement,0.233,0
59,32800.0,4.3,6100.0,6.9,0,9900.0,0,95000.0,60,business,0.238,0
43,31100.0,6.8,6700.0,3.7,4,14400.0,0,297000.0,12,vehicle,1.075,0
45,83800.0,4.3,12400.0,4.2,0,7200.0,0,229000.0,60,business,0.197,0
63,62900.0,1.1,13300.0,7.9,2,16700.0,0,89000.0,48,personal,0.243,0
39,29400.0,4.5,4900.0,2.3,2,3300.0,1,122000.0,36,personal,0.291,1
25,43200.0,7.0,6200.0,1.8,2,1500.0,1,369000.0,12,vehicle,0.912,1
31,61400.0,0.7,34100.0,5.7,1,2600.0,0,98000.0,48,personal,0.591,0
32,29400.0,8.5,6100.0,1.4,0,53900.0,0,1050000.0,36,vehicle,1.279,1
30,21200.0,4.1,8500.0,1.6,2,151300.0,0,221000.0,36,vehicle,0.714,0
28,17900.0,0.0,5200.0,1.9,3,1900.0,0,194000.0,12,business,1.266,1
44,71100.0,3.7,7600.0,7.8,0,14900.0,0,286000.0,36,education,0.228,0
48,36800.0,2.5,7400.0,6.0,1,31500.0,0,115000.0,36,personal,0.295,0
61,45800.0,1.8,11300.0,1.4,1,4400.0,0,308000.0,36,medical,0.448,1
56,31000.0,7.4,6100.0,0.6,0,27400.0,1,253000.0,36,vehicle,0.442,1
57,22700.0,11.5,2400.0,2.0,2,28600.0,0,209000.0,36,personal,0.382,0
41,24700.0,7.2,2800.0,3.9,2,14900.0,0,219000.0,36,personal,0.379,0
28,22000.0,9.4,9200.0,4.5,1,40200.0,0,514000.0,24,education,1.469,1
29,58800.0,12.0,13500.0,0.9,1,12200.0,1,321000.0,48,vehicle,0.352,1
35,78600.0,12.2,16200.0,1.1,1,50000.0,0,110000.0,36,home_improvement,0.248,0
60,40800.0,0.6,10900.0,10.6,1,18500.0,0,116000.0,36,home_improvement,0.352,0
38,20300.0,3.0,7300.0,1.9,2,29900.0,0,291000.0,12,medical,1.65,1
62,50200.0,0.0,7500.0,1.5,1,94000.0,0,171000.0,48,medical,0.226,0
40,70900.0,3.5,30600.0,4.8,2,8800.0,0,188000.0,24,business,0.551,0
26,62100.0,12.9,37500.0,2.5,2,6200.0,0,144000.0,36,medical,0.673,0
32,39600.0,1.1,12300.0,1.1,0,15600.0,0,128000.0,36,business,0.408,0
22,36100.0,5.1,1200.0,2.1,0,3900.0,0,231000.0,12,personal,0.609,0
27,39500.0,5.2,19900.0,0.6,0,1300.0,0,179000.0,36,vehicle,0.64,0
36,69700.0,0.9,28700.0,1.3,0,1700.0,0,79000.0,48,home_improvement,0.437,0
23,56500.0,1.4,1000.0,2.2,0,36900.0,0,115000.0,48,home_improvement,0.063,0
23,33700.0,3.1,6400.0,2.9,1,6700.0,0,305000.0,36,business,0.461,0
47,33400.0,1.0,9200.0,5.4,2,1800.0,0,135000.0,12,medical,0.639,1
63,32300.0,4.4,10100.0,1.9,0,6800.0,0,152000.0,48,personal,0.419,0
60,24900.0,3.3,6000.0,3.2,0,4600.0,0,344000.0,24,home_improvement,0.863,1
58,73700.0,3.7,1900.0,12.1,2,3600.0,0,202000.0,24,personal,0.149,0
53,28200.0,0.7,1900.0,6.8,1,7900.0,0,165000.0,48,vehicle,0.199,0
48,50000.0,3.6,7800.0,1.1,4,49100.0,0,65000.0,24,home_improvement,0.214,0
21,29800.0,0.3,1800.0,1.0,0,22700.0,0,215000.0,36,vehicle,0.277,0
28,32400.0,10.7,2900.0,4.3,1,9400.0,0,89000.0,24,home_improvement,0.213,0
57,38100.0,2.1,7600.0,3.6,2,19400.0,0,229000.0,60,personal,0.308,0
52,51300.0,9.7,8700.0,3.2,0,30200.0,0,53000.0,36,personal,0.201,0
63,35700.0,6.0,2900.0,0.7,1,21200.0,0,82000.0,24,education,0.185,0
57,24000.0,7.3,6500.0,1.8,1,21000.0,1,194000.0,24,medical,0.635,0
24,40500.0,1.9,16900.0,5.7,2,9000.0,0,347000.0,36,medical,0.674,0
50,28400.0,1.3,9000.0,5.1,1,128400.0,0,45000.0,36,personal,0.364,0
26,80400.0,2.6,25700.0,0.7,0,11100.0,0,194000.0,36,medical,0.392,0
39,35700.0,0.1,17200.0,2.2,0,21600.0,0,202000.0,48,medical,0.609,0
52,29700.0,12.6,800.0,2.3,0,6100.0,0,316000.0,24,vehicle,0.506,0
29,97600.0,2.4,24200.0,2.8,2,30700.0,0,246000.0,60,home_improvement,0.293,0
32,56000.0,22.4,5000.0,2.5,2,45900.0,0,113000.0,36,medical,0.15,0
31,26800.0,7.2,5000.0,2.8,3,23500.0,0,84000.0,12,personal,0.469,0
36,28100.0,0.4,7700.0,6.7,1,42100.0,0,92000.0,48,business,0.348,1
21,49700.0,5.4,16400.0,2.0,0,45900.0,0,49000.0,48,home_improvement,0.352,0
41,40900.0,1.6,18000.0,3.2,0,41000.0,0,84000.0,36,personal,0.502,0
50,59900.0,1.4,15900.0,3.7,2,12100.0,0,495000.0,48,education,0.451,0
33,29800.0,1.5,12400.0,11.4,0,27700.0,0,679000.0,36,home_improvement,1.1,1
54,55000.0,12.4,6400.0,4.3,0,9600.0,0,95000.0,12,vehicle,0.272,1
24,14700.0,3.5,500.0,0.6,2,15000.0,0,142000.0,36,personal,0.324,0
48,37400.0,5.5,16100.0,3.5,0,7700.0,0,364000.0,48,home_improvement,0.649,1
58,30400.0,1.6,4300.0,4.3,0,2500.0,0,114000.0,36,personal,0.254,0
51,32700.0,3.7,10500.0,0.0,0,32000.0,0,613000.0,24,home_improvement,1.165,1
47,38300.0,2.2,2800.0,0.3,0,5600.0,0,362000.0,36,personal,0.357,0
25,67000.0,1.9,17300.0,0.1,1,27600.0,0,181000.0,12,personal,0.501,0
45,23900.0,1.4,6000.0,0.2,3,38300.0,0,192000.0,36,personal,0.492,1
23,15000.0,2.6,3500.0,0.4,0,10600.0,0,351000.0,36,personal,0.935,1
53,25200.0,5.4,9100.0,12.7,1,54300.0,1,164000.0,60,vehicle,0.478,1
24,63600.0,1.3,26400.0,0.9,0,8500.0,0,64000.0,24,business,0.46,0
45,19100.0,16.8,4200.0,0.9,2,8400.0,0,142000.0,36,vehicle,0.443,1
40,31000.0,0.7,9500.0,7.8,1,8500.0,0,376000.0,36,business,0.67,0
54,58600.0,3.3,12000.0,5.6,2,9700.0,0,139000.0,12,home_improvement,0.418,0
46,39100.0,0.4,5200.0,4.5,3,9500.0,0,235000.0,60,personal,0.241,1
25,66700.0,0.1,5300.0,2.2,2,10600.0,0,142000.0,36,personal,0.143,0
55,16100.0,12.8,6000.0,0.1,0,281500.0,0,334000.0,36,home_improvement,0.995,1
48,34700.0,8.3,12800.0,7.0,1,4600.0,0,197000.0,36,business,0.539,0
49,73300.0,5.9,10200.0,7.9,0,61500.0,1,330000.0,12,medical,0.544,1
29,24200.0,10.0,4100.0,2.6,0,11700.0,0,158000.0,60,personal,0.287,0
58,63900.0,8.1,24300.0,4.1,0,8900.0,1,280000.0,36,personal,0.512,1
26,36100.0,5.2,8900.0,2.6,0,28900.0,0,115000.0,36,vehicle,0.342,0
39,48800.0,9.4,16600.0,1.4,1,26100.0,0,238000.0,24,business,0.56,0
64,70900.0,2.5,15200.0,3.1,0,5700.0,0,266000.0,12,home_improvement,0.552,0
31,48700.0,4.0,16800.0,4.7,0,89900.0,0,360000.0,48,medical,0.511,1
22,30800.0,7.5,13100.0,0.7,1,3900.0,0,144000.0,36,home_improvement,0.566,0
64,51700.0,0.4,5600.0,3.0,1,19600.0,0,152000.0,24,personal,0.241,0
64,29800.0,9.8,7400.0,6.0,0,4900.0,0,69000.0,24,home_improvement,0.353,0
29,45400.0,0.9,15500.0,2.6,1,5000.0,0,322000.0,36,vehicle,0.554,0
41,22800.0,10.0,7600.0,0.7,2,46000.0,0,69000.0,12,vehicle,0.606,1
44,40700.0,1.9,17400.0,8.2,2,10700.0,0,34000.0,60,home_improvement,0.443,1
54,68500.0,2.0,31500.0,4.5,1,31100.0,0,167000.0,36,education,0.533,0
42,35100.0,0.4,16700.0,4.0,1,5500.0,0,115000.0,24,personal,0.623,0
23,65700.0,10.9,3400.0,4.2,0,1700.0,0,294000.0,48,personal,0.152,0
32,161500.0,1.0,93500.0,1.1,0,25600.0,0,289000.0,12,vehicle,0.74,0
48,39600.0,5.0,8900.0,2.7,2,23700.0,0,48000.0,24,personal,0.279,0
50,52900.0,5.2,10000.0,1.6,1,7600.0,0,284000.0,24,vehicle,0.431,0
46,49700.0,1.7,4200.0,7.2,0,22300.0,0,86000.0,60,home_improvement,0.116,1
41,44400.0,21.2,12200.0,3.6,1,8400.0,0,198000.0,24,personal,0.475,1
48,57200.0,0.3,13000.0,5.1,2,82300.0,0,525000.0,36,vehicle,0.503,0
46,35900.0,4.7,16500.0,4.3,3,53500.0,0,141000.0,36,business,0.577,1
53,29800.0,3.3,11700.0,2.6,1,7300.0,0,247000.0,48,business,0.579,0
41,20200.0,1.4,7000.0,6.5,1,12300.0,0,191000.0,36,education,0.63,0
55,34400.0,0.9,800.0,3.8,1,109400.0,0,131000.0,36,vehicle,0.137,0
54,60200.0,6.7,10000.0,1.0,1,22900.0,0,146000.0,48,home_improvement,0.221,0
61,26300.0,12.4,12600.0,1.4,1,18600.0,0,92000.0,36,personal,0.584,0
38,44800.0,0.6,10400.0,7.0,3,28200.0,0,134000.0,36,education,0.322,0
31,38000.0,1.1,6200.0,11.3,1,78200.0,1,335000.0,48,business,0.362,1
43,30400.0,21.4,9800.0,3.2,0,6600.0,0,226000.0,48,vehicle,0.49,0
42,17400.0,0.1,2800.0,1.9,2,43200.0,0,213000.0,36,business,0.528,0
37,74100.0,3.5,34100.0,3.9,1,13700.0,0,493000.0,48,education,0.61,0
25,50700.0,3.6,10700.0,2.6,2,43000.0,0,371000.0,24,personal,0.54,1
64,133200.0,1.5,43900.0,7.4,3,7300.0,0,168000.0,48,vehicle,0.358,1
31,65200.0,5.4,17300.0,7.2,0,45600.0,0,71000.0,24,vehicle,0.314,0
50,73400.0,14.5,14600.0,2.4,1,3900.0,0,116000.0,24,medical,0.27,0
35,18300.0,3.0,8900.0,6.5,1,2000.0,0,61000.0,24,education,0.636,0
47,18100.0,6.9,3900.0,0.9,4,25300.0,0,141000.0,12,personal,0.917,0
55,40900.0,5.2,18200.0,1.9,3,41000.0,0,429000.0,24,personal,0.917,0
53,23900.0,3.2,3000.0,0.3,1,16900.0,1,77000.0,24,personal,0.27,1
40,29500.0,0.3,9400.0,6.6,1,130500.0,0,225000.0,36,home_improvement,0.547,0
36,125100.0,6.8,26700.0,14.8,4,9400.0,0,101000.0,36,home_improvement,0.238,0
54,68600.0,2.3,25900.0,3.4,0,63400.0,0,140000.0,36,vehicle,0.439,0
22,26300.0,1.3,6500.0,5.8,0,4300.0,0,269000.0,36,business,0.554,1
55,13800.0,14.8,1100.0,2.1,0,16900.0,1,57000.0,12,personal,0.451,1
60,25400.0,7.4,11200.0,3.3,1,48000.0,0,243000.0,36,business,0.728,0
48,31200.0,16.4,5600.0,1.7,2,71300.0,0,158000.0,60,business,0.271,0
59,34700.0,1.5,7100.0,4.8,0,6300.0,0,139000.0,36,home_improvement,0.325,0
26,22600.0,9.0,4400.0,1.1,3,2700.0,0,127000.0,24,business,0.448,0
29,66700.0,4.7,20800.0,0.7,0,14500.0,0,187000.0,24,home_improvement,0.438,1
40,29100.0,20.0,15700.0,9.2,3,36000.0,0,276000.0,48,medical,0.753,0
21,53700.0,14.6,4200.0,8.0,1,2600.0,0,143000.0,12,personal,0.318,0
28,41100.0,18.1,15600.0,7.2,0,35200.0,0,214000.0,24,business,0.614,0
43,61200.0,15.2,20400.0,6.9,1,228300.0,0,386000.0,24,vehicle,0.617,0
23,36100.0,0.0,4300.0,5.2,1,1900.0,0,150000.0,24,personal,0.306,1
24,26500.0,6.8,2000.0,8.3,2,600.0,0,72000.0,12,business,0.32,0
45,30700.0,1.6,10200.0,0.9,1,1700.0,1,257000.0,48,personal,0.521,1
58,30900.0,6.1,4000.0,8.2,0,81800.0,0,496000.0,24,personal,0.852,0
35,101600.0,19.7,31900.0,10.0,2,7000.0,0,198000.0,24,business,0.402,1
41,41500.0,0.2,8600.0,5.0,1,5600.0,0,132000.0,12,vehicle,0.493,1
55,40200.0,4.2,4900.0,3.7,1,6200.0,0,128000.0,12,personal,0.408,0
34,59700.0,6.6,8200.0,1.1,0,24100.0,0,115000.0,24,personal,0.224,1
56,40100.0,1.5,13200.0,8.0,1,53600.0,0,122000.0,24,education,0.466,1
32,66500.0,1.3,9600.0,3.4,3,54000.0,0,113000.0,48,vehicle,0.183,0
37,33900.0,0.3,5800.0,3.8,2,43700.0,0,300000.0,60,vehicle,0.33,0
59,32400.0,0.5,8500.0,3.7,3,10700.0,0,211000.0,60,education,0.38,0
29,25800.0,5.3,14300.0,8.1,0,12400.0,0,58000.0,24,education,0.655,0
55,92300.0,3.5,16400.0,0.6,3,3800.0,0,213000.0,12,personal,0.385,1
33,38900.0,0.2,17300.0,0.3,2,73900.0,0,76000.0,36,business,0.503,0
35,23700.0,17.5,11900.0,1.0,2,26100.0,0,182000.0,24,personal,0.848,0
38,43900.0,5.3,8500.0,2.7,2,15300.0,0,205000.0,12,medical,0.614,0
53,30000.0,3.6,9100.0,2.5,2,3400.0,0,273000.0,36,personal,0.576,1
26,33700.0,1.6,900.0,2.9,1,900.0,0,257000.0,24,business,0.37,0
47,46200.0,5.4,14400.0,0.5,1,3100.0,1,231000.0,24,personal,0.537,0
43,79600.0,2.3,6100.0,6.3,1,25000.0,0,294000.0,36,business,0.187,0
47,42000.0,6.1,12200.0,1.4,0,5900.0,0,223000.0,36,vehicle,0.45,1
54,29100.0,5.7,8900.0,9.8,1,81100.0,0,168000.0,12,home_improvement,0.825,1
58,32000.0,0.5,2600.0,7.3,0,3000.0,0,109000.0,12,personal,0.388,0
34,53900.0,12.0,27100.0,0.3,2,13100.0,0,121000.0,48,home_improvement,0.553,1
56,16600.0,3.3,2100.0,0.2,1,19200.0,0,117000.0,24,personal,0.444,0
28,25100.0,2.5,17700.0,4.0,0,1100.0,0,149000.0,36,business,0.883,1
55,44200.0,15.6,2800.0,0.3,0,43100.0,0,337000.0,48,education,0.235,1
39,18600.0,2.9,2400.0,3.4,1,9200.0,0,231000.0,12,home_improvement,1.247,1
50,34900.0,6.4,6700.0,0.3,4,400.0,0,104000.0,48,personal,0.259,0
34,32400.0,5.3,10000.0,2.6,0,8700.0,0,197000.0,36,vehicle,0.491,0
40,59600.0,0.9,17500.0,2.2,0,48300.0,0,248000.0,12,medical,0.668,0
45,35900.0,23.6,8100.0,3.6,1,4100.0,0,143000.0,36,medical,0.345,0
60,68500.0,3.1,22800.0,1.8,1,2000.0,0,211000.0,12,vehicle,0.61,0
44,41600.0,2.5,16000.0,0.6,1,2000.0,0,93000.0,24,business,0.485,0
34,89300.0,12.6,28700.0,7.4,1,8200.0,0,148000.0,36,vehicle,0.371,1
46,21500.0,3.8,3400.0,1.4,2,34400.0,0,148000.0,36,personal,0.365,0
58,83100.0,6.1,28800.0,0.3,2,20000.0,0,106000.0,24,personal,0.404,0
43,33400.0,9.4,10800.0,2.8,2,1200.0,0,317000.0,24,education,0.75,1
42,77900.0,1.3,7500.0,8.4,0,6000.0,0,263000.0,48,vehicle,0.172,0
39,68400.0,0.9,10200.0,1.3,1,29500.0,0,200000.0,36,home_improvement,0.237,0
23,12000.0,0.4,4300.0,2.4,0,3500.0,0,86000.0,24,business,0.681,0
62,49800.0,11.4,26100.0,2.1,0,7800.0,0,373000.0,36,personal,0.749,1
39,62900.0,1.1,4400.0,0.2,0,2000.0,0,174000.0,24,personal,0.194,0
29,73000.0,1.8,13900.0,8.1,1,11500.0,0,163000.0,36,vehicle,0.257,0
48,23600.0,1.7,4500.0,5.7,0,17600.0,0,470000.0,48,home_improvement,0.639,1
40,52300.0,1.8,6800.0,0.4,1,106100.0,0,221000.0,12,vehicle,0.51,0
27,43800.0,5.5,11000.0,0.6,2,14700.0,0,132000.0,24,vehicle,0.387,0
34,48700.0,15.4,18900.0,0.0,1,18800.0,0,119000.0,24,business,0.498,0
29,62900.0,2.0,20300.0,17.0,0,16300.0,0,106000.0,48,vehicle,0.361,1
39,67500.0,2.6,3900.0,2.2,0,7500.0,0,198000.0,60,personal,0.111,0
34,29900.0,7.4,4500.0,10.7,1,15000.0,0,545000.0,36,business,0.697,0
58,45200.0,2.8,18800.0,2.2,2,108200.0,0,159000.0,36,business,0.521,0
56,40900.0,13.0,13600.0,0.4,2,8500.0,0,91000.0,36,home_improvement,0.399,1
60,36000.0,3.5,6900.0,1.7,1,3200.0,0,106000.0,36,home_improvement,0.28,0
37,37600.0,2.1,14400.0,2.2,2,24800.0,1,118000.0,36,personal,0.477,1
50,43800.0,17.8,8200.0,0.8,0,3100.0,0,256000.0,48,vehicle,0.319,0
29,30600.0,2.8,10500.0,0.2,1,38700.0,0,220000.0,48,home_improvement,0.505,0
53,59700.0,1.3,2600.0,1.5,0,2800.0,0,170000.0,12,medical,0.3,0
45,71100.0,1.0,22700.0,3.1,1,105900.0,0,287000.0,48,personal,0.41,1
34,27700.0,26.7,15200.0,1.2,1,18300.0,0,305000.0,24,education,1.044,1
31,72600.0,7.0,5700.0,12.7,2,7200.0,0,137000.0,48,personal,0.121,0
55,27800.0,2.6,2800.0,2.6,0,25800.0,0,133000.0,12,home_improvement,0.531,0
61,60100.0,8.8,7100.0,0.6,1,24000.0,0,293000.0,24,home_improvement,0.338,0
34,72600.0,4.0,11900.0,2.1,1,22700.0,0,301000.0,48,business,0.257,0
50,38500.0,1.9,11000.0,4.9,1,13200.0,0,142000.0,60,education,0.352,0
61,27900.0,6.8,4400.0,2.7,3,9600.0,0,40000.0,36,home_improvement,0.201,0
24,30800.0,6.9,5000.0,1.6,2,69600.0,0,289000.0,24,education,0.585,0
24,47200.0,3.5,8600.0,0.4,0,9800.0,0,144000.0,48,personal,0.251,0
48,97200.0,0.2,38500.0,2.5,2,8000.0,0,81000.0,48,personal,0.415,0
28,18700.0,0.4,1400.0,0.4,1,22200.0,0,282000.0,36,medical,0.527,0
22,42000.0,7.8,13500.0,1.9,1,19200.0,0,317000.0,24,business,0.661,0
61,38600.0,8.7,13500.0,0.5,0,3600.0,0,248000.0,24,vehicle,0.639,0
42,32700.0,5.7,9200.0,4.5,1,89700.0,0,259000.0,36,personal,0.519,1
61,38700.0,9.1,9700.0,5.9,2,2700.0,0,302000.0,60,business,0.391,1
36,31400.0,6.4,6400.0,1.1,1,2600.0,0,126000.0,12,personal,0.565,0
49,70200.0,11.4,13600.0,0.3,1,113200.0,0,318000.0,24,education,0.398,0
50,73400.0,0.8,3300.0,1.7,2,12300.0,0,135000.0,48,home_improvement,0.086,0
32,41800.0,2.5,19000.0,3.3,0,17500.0,0,88000.0,60,business,0.492,0
55,37700.0,3.1,9300.0,5.8,0,6700.0,0,216000.0,12,home_improvement,0.762,1
31,32100.0,1.8,9100.0,2.1,2,9400.0,1,106000.0,36,vehicle,0.383,1
41,41800.0,6.5,17900.0,1.8,1,50200.0,0,156000.0,36,business,0.54,0
41,92200.0,12.2,9000.0,9.6,0,27500.0,0,84000.0,36,home_improvement,0.125,1
25,38300.0,2.7,20600.0,2.4,0,25300.0,0,112000.0,12,home_improvement,0.801,1
40,27500.0,14.2,900.0,2.4,3,3200.0,0,228000.0,24,vehicle,0.406,0
57,33600.0,3.6,11500.0,2.1,1,10600.0,0,257000.0,36,vehicle,0.572,1
23,56300.0,3.7,16600.0,1.8,0,30600.0,0,169000.0,36,personal,0.385,0
64,29100.0,4.6,100.0,5.2,1,1300.0,0,106000.0,60,home_improvement,0.069,0
53,39500.0,1.6,8200.0,1.3,1,4600.0,0,260000.0,24,personal,0.504,0
29,49700.0,2.4,19900.0,1.9,3,33600.0,0,384000.0,12,business,1.096,0
29,30100.0,4.0,4800.0,1.3,0,3500.0,1,92000.0,12,personal,0.435,0
24,18100.0,14.2,5300.0,3.4,0,6300.0,0,136000.0,24,personal,0.631,0
55,24800.0,5.1,7400.0,12.9,1,46500.0,1,133000.0,48,personal,0.419,0
37,27300.0,2.0,4800.0,2.0,4,24100.0,0,87000.0,36,vehicle,0.271,0
54,36200.0,0.1,13200.0,13.8,2,32700.0,0,103000.0,48,vehicle,0.429,0
44,40900.0,20.0,3100.0,4.3,0,23500.0,0,161000.0,60,personal,0.147,0
52,58100.0,3.4,20400.0,6.3,0,23900.0,0,197000.0,12,personal,0.656,0
21,23100.0,13.9,8700.0,1.6,0,14700.0,0,455000.0,36,home_improvement,0.967,1
28,54500.0,4.0,8300.0,1.0,4,2900.0,0,99000.0,36,home_improvement,0.207,0
43,34000.0,4.7,8500.0,3.4,0,8400.0,0,78000.0,36,personal,0.319,0
60,18000.0,6.2,7200.0,18.7,1,10000.0,0,53000.0,36,personal,0.488,1
32,40400.0,1.9,14600.0,5.0,3,2100.0,0,210000.0,12,vehicle,0.829,1
32,72600.0,6.0,7900.0,4.6,2,6800.0,0,260000.0,12,vehicle,0.431,0
35,59700.0,3.7,12100.0,2.4,1,8600.0,0,126000.0,12,personal,0.393,0
61,38800.0,5.6,15800.0,8.5,1,74300.0,0,163000.0,36,home_improvement,0.533,0
39,66600.0,9.0,9200.0,4.8,1,1500.0,0,93000.0,12,personal,0.264,0
46,43800.0,1.0,10100.0,4.5,0,14900.0,0,140000.0,24,personal,0.374,0
49,62400.0,4.8,7300.0,1.4,1,20500.0,1,199000.0,60,education,0.174,0
42,19000.0,0.3,4400.0,12.7,1,31600.0,1,669000.0,24,business,1.816,1
60,22900.0,0.5,11300.0,1.2,1,48700.0,0,82000.0,36,home_improvement,0.601,1
41,55700.0,5.6,6500.0,3.0,0,3200.0,0,80000.0,48,personal,0.149,1
58,80200.0,0.4,36000.0,1.7,2,7800.0,0,82000.0,24,personal,0.495,0
40,48400.0,4.5,4200.0,0.8,0,29000.0,0,138000.0,12,business,0.343,0
49,32100.0,1.2,3300.0,0.6,1,8500.0,0,396000.0,48,personal,0.38,0
24,27400.0,1.8,6900.0,1.4,2,16100.0,0,141000.0,48,personal,0.368,0
27,34800.0,0.7,5100.0,4.7,1,53300.0,0,193000.0,60,personal,0.246,0
48,69300.0,1.4,17000.0,14.7,3,41400.0,0,68000.0,36,education,0.275,0
48,34400.0,8.6,8700.0,7.7,1,25200.0,0,75000.0,24,personal,0.351,1
24,64300.0,5.1,2200.0,1.0,3,57500.0,1,137000.0,12,business,0.226,0
42,53800.0,15.0,13400.0,0.3,2,5300.0,1,718000.0,12,education,1.45,1
32,86800.0,0.2,21100.0,4.6,2,10100.0,1,61000.0,36,home_improvement,0.264,1
23,43900.0,7.9,17000.0,0.1,0,14400.0,0,334000.0,24,personal,0.73,1
42,39200.0,6.0,3100.0,7.8,0,4500.0,0,134000.0,48,home_improvement,0.156,0
64,65800.0,1.5,5500.0,7.0,0,62300.0,1,70000.0,12,home_improvement,0.179,0
22,26300.0,6.5,3600.0,6.3,0,27200.0,0,73000.0,60,personal,0.187,1
44,32900.0,6.3,2800.0,3.2,2,22700.0,0,421000.0,12,personal,1.237,1
54,18800.0,3.1,4300.0,14.5,0,2600.0,0,127000.0,48,personal,0.381,0
47,22800.0,5.8,8000.0,2.5,1,3400.0,0,160000.0,48,vehicle,0.509,0
61,95400.0,2.9,50500.0,17.2,0,3600.0,0,342000.0,36,education,0.637,0
21,54800.0,2.0,7900.0,8.5,1,700.0,1,177000.0,60,business,0.202,0
28,21700.0,3.1,10600.0,0.5,0,15500.0,0,274000.0,12,vehicle,1.625,1
43,68700.0,11.3,22700.0,9.0,1,800.0,0,154000.0,36,home_improvement,0.398,0
58,29200.0,2.4,11600.0,1.5,0,10100.0,0,111000.0,12,education,0.739,0
26,53600.0,2.6,1700.0,5.8,1,72000.0,0,113000.0,36,personal,0.095,0
42,53200.0,4.7,26200.0,0.0,1,16800.0,1,344000.0,24,business,0.783,1
45,84900.0,7.0,22300.0,1.3,4,5900.0,0,207000.0,36,vehicle,0.336,1
38,31500.0,6.6,7100.0,5.7,1,10800.0,0,171000.0,12,vehicle,0.714,1
37,28800.0,0.1,1500.0,14.4,4,40400.0,0,60000.0,36,personal,0.115,0
32,12000.0,5.8,4400.0,0.7,0,18300.0,0,264000.0,36,personal,1.027,1
26,38000.0,3.0,4400.0,2.5,1,4300.0,0,615000.0,48,personal,0.48,0
46,55600.0,3.7,8900.0,3.5,0,14400.0,0,224000.0,60,medical,0.233,0
47,59200.0,4.1,16400.0,12.2,4,12400.0,0,131000.0,24,home_improvement,0.377,1
28,70500.0,6.6,30500.0,2.4,0,2900.0,0,236000.0,48,medical,0.508,0
39,45700.0,8.9,13100.0,10.8,3,46000.0,0,346000.0,48,personal,0.457,0
62,50400.0,5.2,29300.0,15.3,0,600.0,1,67000.0,60,personal,0.605,1
21,41400.0,4.1,2000.0,11.4,0,14100.0,1,84000.0,36,personal,0.109,0
49,55200.0,2.3,14400.0,5.5,0,10400.0,0,116000.0,48,education,0.308,1
55,26400.0,0.7,2500.0,0.5,3,5600.0,0,202000.0,24,vehicle,0.439,0
60,21300.0,15.9,4500.0,3.7,0,4600.0,0,94000.0,48,business,0.311,0
34,27600.0,3.1,9700.0,5.6,1,224700.0,0,174000.0,48,vehicle,0.493,0
55,44200.0,4.2,17700.0,12.4,1,6000.0,0,42000.0,48,vehicle,0.422,1
40,22400.0,7.0,2800.0,6.0,0,7800.0,0,163000.0,48,home_improvement,0.289,0
33,30200.0,0.4,1700.0,3.1,2,17800.0,1,277000.0,48,education,0.263,0
58,30600.0,9.7,1800.0,0.9,0,7500.0,0,181000.0,36,home_improvement,0.236,0
28,57100.0,8.0,11000.0,2.4,2,5200.0,0,362000.0,12,vehicle,0.763,1
63,54000.0,7.4,4900.0,4.1,0,5300.0,0,150000.0,24,personal,0.216,0
40,41400.0,0.1,4000.0,1.6,0,8700.0,0,239000.0,24,home_improvement,0.356,0
53,49200.0,3.7,12700.0,2.4,2,46800.0,0,161000.0,36,personal,0.356,0
46,49600.0,0.3,21600.0,0.1,0,14300.0,0,488000.0,60,vehicle,0.613,0
59,34100.0,4.0,4600.0,8.4,1,88000.0,0,141000.0,36,personal,0.259,0
41,31400.0,6.3,6400.0,0.1,0,54600.0,0,41000.0,12,home_improvement,0.321,0
62,80100.0,0.6,15700.0,2.1,2,50600.0,1,89000.0,24,vehicle,0.246,1
63,13100.0,5.9,8000.0,2.9,1,18900.0,0,270000.0,48,vehicle,1.074,1
61,28800.0,3.0,2900.0,14.4,2,17000.0,0,272000.0,24,personal,0.526,1
29,36600.0,8.3,4500.0,10.9,1,30200.0,0,125000.0,12,personal,0.43,0
44,51600.0,3.8,13500.0,4.2,0,41800.0,0,71000.0,48,personal,0.293,0
57,66900.0,2.0,15200.0,3.5,1,3000.0,0,209000.0,12,personal,0.508,0
61,92600.0,2.0,31800.0,1.8,0,25100.0,0,116000.0,12,vehicle,0.456,0
37,38500.0,11.4,10800.0,0.2,0,8400.0,1,182000.0,36,home_improvement,0.422,1
44,39700.0,3.0,9200.0,1.2,2,10500.0,0,149000.0,36,vehicle,0.344,0
41,47200.0,2.6,7500.0,7.5,2,19200.0,1,154000.0,24,home_improvement,0.306,1
59,31600.0,0.2,9800.0,4.2,2,1800.0,0,233000.0,24,vehicle,0.642,0
61,23600.0,2.3,2400.0,6.7,1,90000.0,0,49000.0,12,business,0.289,1
59,38400.0,9.5,8400.0,7.3,1,8600.0,0,190000.0,12,vehicle,0.664,0
33,56100.0,7.2,10300.0,0.3,1,6700.0,0,165000.0,48,vehicle,0.25,0
31,36000.0,1.2,16400.0,1.6,2,25900.0,0,287000.0,60,vehicle,0.599,1
39,48300.0,2.7,20200.0,4.5,0,21700.0,0,150000.0,36,personal,0.511,0
31,17300.0,1.1,1500.0,7.7,1,3300.0,0,211000.0,36,education,0.453,1
33,40500.0,15.4,14100.0,6.5,0,87200.0,0,188000.0,60,medical,0.432,0
21,33500.0,4.6,11900.0,2.2,2,3400.0,0,114000.0,12,personal,0.661,0
60,22600.0,7.0,5300.0,10.8,0,10600.0,0,133000.0,24,vehicle,0.499,0
64,53900.0,6.3,33300.0,1.4,1,1800.0,0,275000.0,36,home_improvement,0.771,1
39,92100.0,10.3,21300.0,1.9,1,180900.0,0,96000.0,12,personal,0.325,0
32,62700.0,14.9,44900.0,0.8,3,26100.0,0,194000.0,24,business,0.855,0
28,64500.0,0.2,17200.0,1.0,0,8200.0,0,129000.0,24,home_improvement,0.357,1
28,55300.0,18.5,25300.0,0.0,0,12000.0,1,165000.0,48,vehicle,0.525,0
32,53700.0,10.2,28800.0,1.5,1,3500.0,0,185000.0,12,home_improvement,0.846,1
53,17900.0,2.4,9500.0,1.5,1,39100.0,0,81000.0,36,education,0.666,1
46,37900.0,9.1,5700.0,0.3,2,2000.0,0,395000.0,12,vehicle,1.088,0
59,50500.0,6.7,5200.0,1.7,1,29600.0,1,213000.0,36,vehicle,0.23,0
48,51000.0,7.9,20200.0,1.4,1,4100.0,0,154000.0,12,personal,0.668,0
25,71100.0,1.2,31700.0,6.4,2,70800.0,0,121000.0,36,business,0.497,0
28,25200.0,5.2,6900.0,0.7,0,5900.0,0,381000.0,36,personal,0.727,0
45,52700.0,0.1,3300.0,5.2,0,14900.0,0,828000.0,24,personal,0.77,1
47,24900.0,9.4,9000.0,0.6,0,95300.0,0,94000.0,48,personal,0.446,0
43,36500.0,15.1,8600.0,2.7,1,22300.0,0,159000.0,36,education,0.366,0
50,39000.0,5.4,7400.0,5.3,0,26600.0,0,178000.0,24,business,0.395,0
43,59200.0,3.6,29700.0,3.7,1,12800.0,0,154000.0,48,personal,0.56,0
40,56100.0,6.5,29300.0,4.2,1,8100.0,0,225000.0,36,personal,0.643,0
38,42400.0,2.0,4900.0,0.9,2,19200.0,0,114000.0,60,business,0.164,0
38,15200.0,4.9,800.0,7.0,0,15100.0,0,213000.0,36,vehicle,0.473,0
22,49000.0,6.3,12400.0,12.2,0,27200.0,0,110000.0,48,vehicle,0.304,0
24,35600.0,0.8,5000.0,0.7,0,74000.0,0,122000.0,12,personal,0.449,1
50,75100.0,0.8,10400.0,8.8,1,10000.0,0,105000.0,24,vehicle,0.201,1
53,67400.0,6.3,23200.0,2.0,0,7200.0,0,183000.0,12,personal,0.589,0
56,26300.0,2.8,5100.0,4.8,1,4800.0,0,332000.0,36,vehicle,0.573,0
38,52200.0,11.0,8400.0,2.8,1,18000.0,1,95000.0,36,vehicle,0.216,0
57,52600.0,1.9,2200.0,6.3,1,38900.0,0,125000.0,48,vehicle,0.095,0
39,50900.0,0.2,8800.0,0.2,1,8800.0,1,98000.0,12,education,0.346,1
48,48000.0,5.2,15300.0,1.6,0,21900.0,0,866000.0,48,personal,0.725,0
60,53300.0,5.8,4300.0,0.2,0,7300.0,0,245000.0,12,personal,0.494,1
40,78900.0,4.0,9300.0,11.4,0,23800.0,0,73000.0,48,home_improvement,0.139,0
53,31300.0,5.7,5800.0,0.7,2,6000.0,0,228000.0,36,education,0.404,0
32,26700.0,3.7,1000.0,2.2,1,23600.0,0,504000.0,12,personal,1.736,1
35,57100.0,5.9,4000.0,4.1,2,9100.0,0,79000.0,12,home_improvement,0.195,1
61,17200.0,0.2,1700.0,2.5,3,1100.0,0,265000.0,48,vehicle,0.445,0
59,53900.0,2.3,23800.0,3.1,0,17000.0,1,121000.0,24,vehicle,0.543,1
22,49700.0,1.2,7400.0,0.9,2,20700.0,0,114000.0,60,business,0.19,0
49,14000.0,0.5,6000.0,0.3,1,8000.0,0,159000.0,60,home_improvement,0.633,1
61,30100.0,1.3,9300.0,1.2,1,1700.0,0,257000.0,48,personal,0.501,0
30,81600.0,1.1,6800.0,1.5,1,24700.0,0,90000.0,48,personal,0.108,0
22,20800.0,18.1,1900.0,2.2,5,10800.0,0,290000.0,48,medical,0.405,0
31,44200.0,1.7,16300.0,1.4,0,11200.0,0,251000.0,24,vehicle,0.624,0
33,25500.0,1.3,1400.0,0.1,0,15600.0,1,206000.0,24,home_improvement,0.418,1
30,29200.0,9.0,1100.0,0.4,1,41400.0,0,266000.0,36,education,0.311,1
34,95100.0,2.7,3300.0,4.5,0,3900.0,0,178000.0,60,vehicle,0.068,0
38,42400.0,2.7,13900.0,0.3,0,4100.0,0,413000.0,12,business,1.204,1
29,50600.0,2.9,6600.0,0.2,1,33700.0,0,69000.0,48,home_improvement,0.161,0
59,38200.0,2.7,5000.0,6.7,1,74700.0,0,105000.0,36,home_improvement,0.213,0
48,20300.0,2.0,2500.0,0.2,1,45600.0,0,124000.0,12,business,0.673,0
23,23500.0,1.7,7400.0,0.3,0,10700.0,0,144000.0,24,personal,0.591,1
40,68200.0,10.7,17200.0,3.2,1,6000.0,1,79000.0,60,personal,0.273,0
26,43000.0,0.9,7200.0,2.3,0,58800.0,0,148000.0,48,vehicle,0.245,1
47,28400.0,1.0,3000.0,13.3,3,64300.0,0,200000.0,48,business,0.264,0
22,39700.0,4.2,20300.0,11.0,1,8200.0,0,152000.0,36,home_improvement,0.626,0
49,54100.0,2.1,10700.0,4.3,0,40100.0,0,96000.0,12,education,0.357,1
58,49200.0,2.7,22500.0,0.3,0,50600.0,0,131000.0,48,vehicle,0.517,0
23,28400.0,8.2,11500.0,2.8,3,3100.0,0,125000.0,36,education,0.537,0
36,19800.0,11.7,10100.0,0.2,0,3300.0,0,188000.0,48,home_improvement,0.724,1
50,33400.0,7.8,3100.0,9.5,1,12800.0,0,248000.0,48,business,0.26,0
60,66100.0,1.3,29300.0,4.3,2,2000.0,0,65000.0,12,personal,0.532,1
22,59000.0,19.6,19300.0,3.4,2,7000.0,0,174000.0,24,medical,0.46,0
37,48300.0,2.3,9200.0,2.2,1,13600.0,0,85000.0,48,personal,0.23,0
61,37200.0,0.9,6100.0,2.9,1,9900.0,0,173000.0,36,business,0.303,0
32,31800.0,3.5,7200.0,2.0,1,1500.0,0,632000.0,12,personal,2.015,1
55,37500.0,6.5,20500.0,0.4,0,27200.0,1,104000.0,60,home_improvement,0.597,1
63,57100.0,0.4,24300.0,4.3,3,7700.0,0,114000.0,36,home_improvement,0.485,0
21,63200.0,5.0,31900.0,22.5,1,1600.0,0,192000.0,24,business,0.641,1
35,35700.0,9.8,4100.0,0.5,2,20600.0,0,293000.0,60,personal,0.263,0
46,125700.0,1.5,14300.0,20.6,2,14900.0,0,252000.0,12,personal,0.294,0
57,41800.0,5.9,5600.0,9.2,0,32900.0,0,388000.0,60,vehicle,0.301,0
41,34300.0,2.6,11100.0,9.0,0,12800.0,0,83000.0,24,vehicle,0.432,0
51,78000.0,2.7,30400.0,7.1,1,14600.0,0,126000.0,36,personal,0.438,0
45,16000.0,1.6,4200.0,10.3,1,19500.0,0,139000.0,48,home_improvement,0.458,0
43,49800.0,4.9,4800.0,1.1,0,5900.0,0,210000.0,24,personal,0.286,0
44,38800.0,2.2,26600.0,2.3,2,15000.0,0,99000.0,24,medical,0.8,1
58,77000.0,8.9,4500.0,2.6,0,35400.0,0,302000.0,36,personal,0.176,0
48,52700.0,16.5,9000.0,0.3,1,55600.0,0,165000.0,12,personal,0.453,0
41,42700.0,13.7,14500.0,15.8,3,119400.0,0,163000.0,48,home_improvement,0.425,0
63,54100.0,0.9,11300.0,4.7,0,29700.0,0,92000.0,24,medical,0.285,0
38,25000.0,0.1,3400.0,2.4,3,3700.0,0,297000.0,60,home_improvement,0.35,0
56,62000.0,2.9,23300.0,19.4,2,30800.0,0,196000.0,24,vehicle,0.518,0
55,21900.0,6.5,2700.0,1.3,2,10800.0,0,74000.0,60,personal,0.184,1
29,47200.0,19.0,14100.0,1.6,1,78900.0,0,186000.0,12,home_improvement,0.653,0
58,40800.0,7.6,17200.0,0.8,0,4000.0,0,187000.0,36,business,0.559,0
50,18200.0,4.3,2900.0,0.8,2,64900.0,0,297000.0,36,personal,0.649,1
64,41400.0,0.1,2300.0,0.8,5,90300.0,0,169000.0,24,home_improvement,0.239,0
54,45600.0,8.7,3700.0,3.8,1,25100.0,0,223000.0,48,vehicle,0.191,0
52,29900.0,1.0,16300.0,1.4,0,88400.0,1,135000.0,60,medical,0.626,1
23,25400.0,0.3,3200.0,12.1,2,65100.0,0,85000.0,60,medical,0.186,1
23,50100.0,9.5,22300.0,6.8,2,13800.0,0,125000.0,60,personal,0.49,0
48,47200.0,4.2,8600.0,0.7,1,2600.0,0,309000.0,12,business,0.771,1
64,44400.0,0.7,6300.0,7.2,1,5100.0,1,315000.0,36,vehicle,0.355,1
35,40300.0,2.4,22100.0,1.7,1,2500.0,0,85000.0,48,personal,0.596,0
61,31100.0,0.4,3800.0,1.0,0,35400.0,0,64000.0,48,vehicle,0.168,0
43,111600.0,5.1,31100.0,6.1,2,5900.0,0,111000.0,36,business,0.309,0
60,35100.0,1.7,10800.0,7.8,0,8100.0,1,71000.0,12,personal,0.49,0
31,27200.0,10.1,4400.0,12.9,1,24400.0,0,1066000.0,48,business,1.044,1
52,41100.0,2.2,12700.0,2.2,1,22600.0,0,226000.0,60,vehicle,0.408,0
56,37000.0,3.4,1200.0,3.3,3,7400.0,0,280000.0,12,personal,0.713,0
53,34700.0,0.3,11600.0,3.8,1,24300.0,0,292000.0,12,vehicle,1.092,0
44,93300.0,1.6,20400.0,4.0,1,103900.0,0,113000.0,48,home_improvement,0.246,0
59,24100.0,5.6,4000.0,2.1,2,47300.0,0,59000.0,48,education,0.221,0
54,40800.0,6.7,17200.0,0.7,0,11600.0,0,302000.0,24,vehicle,0.755,0
48,24900.0,1.4,1700.0,0.3,0,38600.0,0,122000.0,48,vehicle,0.179,1
57,31500.0,3.5,14600.0,9.5,2,2700.0,0,327000.0,48,vehicle,0.697,0
27,87700.0,8.5,6100.0,1.8,0,10200.0,0,52000.0,24,education,0.096,0
24,45600.0,2.4,11700.0,0.8,0,10700.0,0,114000.0,36,personal,0.332,0
57,45300.0,0.7,21600.0,16.4,2,23800.0,0,145000.0,36,vehicle,0.573,0
21,26300.0,2.8,7000.0,6.5,0,1900.0,0,198000.0,36,personal,0.492,1
21,33200.0,4.6,5900.0,15.9,0,29600.0,0,124000.0,24,personal,0.346,0
40,91200.0,0.0,4000.0,1.3,0,1400.0,0,181000.0,60,education,0.08,0
39,50200.0,2.1,25000.0,2.5,1,410500.0,0,131000.0,36,personal,0.576,1
49,34400.0,4.7,11400.0,6.6,0,2000.0,0,533000.0,48,personal,0.68,1
30,48900.0,15.2,18200.0,3.2,1,9300.0,0,234000.0,12,personal,0.803,1
38,45300.0,2.6,25400.0,1.8,1,154700.0,0,505000.0,36,business,0.895,1
48,27500.0,0.9,10600.0,0.7,1,39700.0,1,213000.0,48,medical,0.56,1
55,34000.0,3.8,2000.0,3.3,1,97800.0,0,240000.0,48,vehicle,0.218,0
63,110700.0,1.7,37800.0,3.6,2,17200.0,0,89000.0,24,home_improvement,0.378,0
51,47900.0,1.2,9500.0,5.1,1,92300.0,1,232000.0,48,home_improvement,0.307,0
47,19800.0,4.5,3200.0,6.3,0,47100.0,0,146000.0,12,home_improvement,0.825,0
31,50500.0,12.4,6500.0,0.5,1,39400.0,0,584000.0,60,business,0.337,0
58,72100.0,9.0,16500.0,4.0,2,7400.0,0,141000.0,48,medical,0.273,0
25,26700.0,1.0,8800.0,6.1,1,18600.0,0,399000.0,60,home_improvement,0.599,0
28,32700.0,7.3,3600.0,2.0,1,9400.0,0,33000.0,48,personal,0.133,0
54,77200.0,1.3,19400.0,1.3,0,20100.0,0,156000.0,48,personal,0.297,0
32,40800.0,1.7,6100.0,2.6,2,1700.0,0,167000.0,36,personal,0.272,1
58,37600.0,12.6,6500.0,1.5,2,34500.0,0,187000.0,48,personal,0.285,0
21,22000.0,12.1,3800.0,2.9,3,41800.0,0,166000.0,12,business,0.852,1
51,65000.0,0.9,30800.0,1.5,1,16700.0,0,438000.0,24,personal,0.777,0
24,36900.0,0.3,5900.0,2.2,2,17200.0,0,253000.0,48,personal,0.314,1
25,15100.0,1.7,1400.0,9.9,3,18900.0,0,169000.0,36,medical,0.428,0
50,19800.0,4.4,5800.0,9.9,1,13900.0,0,250000.0,24,medical,0.861,1
44,31200.0,10.5,8700.0,19.4,0,68300.0,0,108000.0,36,home_improvement,0.383,0
23,24800.0,0.6,5000.0,2.7,1,11900.0,0,135000.0,48,vehicle,0.324,1
31,26600.0,2.7,9200.0,0.7,0,49600.0,0,150000.0,48,business,0.473,1
24,115300.0,1.6,40400.0,8.8,1,16700.0,0,222000.0,48,business,0.394,0
46,55200.0,0.1,4400.0,3.6,2,11300.0,0,38000.0,12,personal,0.142,0
47,12600.0,7.8,3200.0,5.5,1,209500.0,0,205000.0,12,home_improvement,1.718,1
63,34800.0,8.4,7600.0,0.7,2,4400.0,0,115000.0,12,home_improvement,0.516,1
47,38600.0,1.3,7400.0,1.5,1,5700.0,0,275000.0,36,personal,0.405,0
62,20600.0,0.8,700.0,1.3,2,17300.0,0,282000.0,60,personal,0.28,1
26,51000.0,0.8,1300.0,3.3,1,2700.0,0,160000.0,24,vehicle,0.167,0
35,16000.0,3.1,2900.0,23.5,2,2600.0,0,48000.0,48,vehicle,0.249,0
50,65800.0,1.4,12800.0,3.8,0,42500.0,0,141000.0,36,medical,0.259,0
62,76800.0,3.6,13500.0,3.4,0,55000.0,1,77000.0,60,home_improvement,0.194,1
57,115700.0,2.4,55800.0,5.7,1,6100.0,0,156000.0,24,education,0.543,0
57,19800.0,1.2,9100.0,1.6,2,3200.0,0,179000.0,36,business,0.731,1
62,21700.0,7.0,2000.0,1.2,1,16800.0,0,152000.0,12,home_improvement,0.723,1
57,54800.0,0.8,19400.0,7.3,0,10800.0,0,137000.0,24,vehicle,0.467,1
55,68300.0,8.0,14200.0,12.9,0,3000.0,0,162000.0,36,education,0.279,0
43,57800.0,4.1,11600.0,2.2,2,37600.0,0,138000.0,60,vehicle,0.244,0
26,65200.0,8.9,15100.0,0.2,2,9300.0,0,368000.0,24,personal,0.486,0
24,74600.0,0.0,12700.0,0.8,3,24900.0,0,273000.0,36,vehicle,0.28,0
38,44000.0,6.9,4600.0,7.8,1,9900.0,0,110000.0,12,personal,0.33,0
29,36500.0,0.3,10800.0,0.5,1,12400.0,0,64000.0,12,medical,0.454,0
49,21700.0,15.0,5200.0,5.8,1,1900.0,0,402000.0,24,home_improvement,1.073,0
33,35100.0,6.1,13900.0,3.9,2,138500.0,0,210000.0,36,vehicle,0.575,0
37,37600.0,1.9,13800.0,5.2,0,18300.0,0,96000.0,48,personal,0.424,1
52,26200.0,1.9,3300.0,1.2,0,14700.0,0,60000.0,24,personal,0.229,0
42,39500.0,9.9,6900.0,0.1,0,19400.0,0,144000.0,48,home_improvement,0.257,1
24,24900.0,11.7,4400.0,0.2,1,1500.0,0,164000.0,36,business,0.374,0
25,66200.0,11.1,1900.0,5.2,1,15900.0,0,203000.0,48,personal,0.098,0
57,48600.0,8.3,17900.0,3.8,1,2400.0,0,304000.0,12,home_improvement,0.931,0
61,32600.0,8.5,3500.0,7.3,0,7800.0,0,142000.0,36,business,0.238,0
33,43700.0,4.3,25400.0,2.0,1,7800.0,0,110000.0,60,medical,0.627,1
54,24400.0,0.1,6100.0,3.2,0,23800.0,0,256000.0,12,home_improvement,1.194,1
42,25500.0,0.5,6000.0,6.1,1,10800.0,0,129000.0,24,personal,0.463,0
43,30200.0,5.2,6900.0,2.7,2,3200.0,0,219000.0,24,vehicle,0.555,0
23,36800.0,2.6,5200.0,20.1,1,78200.0,0,129000.0,36,personal,0.246,1
62,42800.0,4.2,6200.0,5.4,2,3300.0,0,202000.0,48,vehicle,0.251,0
54,42800.0,1.3,14500.0,4.6,1,25500.0,0,101000.0,36,personal,0.41,0
52,22200.0,5.2,2400.0,6.5,0,29700.0,0,227000.0,36,personal,0.415,1
41,38700.0,1.4,8400.0,6.0,1,17400.0,0,257000.0,24,personal,0.516,0
64,27800.0,3.1,9900.0,1.0,1,15700.0,0,248000.0,60,education,0.517,1
41,12000.0,3.3,6400.0,0.9,1,29700.0,0,159000.0,24,education,1.129,1
64,160200.0,1.0,77300.0,3.7,2,9600.0,0,178000.0,48,medical,0.508,0
31,28000.0,10.4,2600.0,2.3,1,40600.0,1,151000.0,24,business,0.336,1
59,28700.0,3.7,2900.0,8.2,2,9000.0,0,136000.0,36,vehicle,0.243,0
24,21900.0,10.1,500.0,1.4,0,33600.0,0,63000.0,24,medical,0.152,0
21,24900.0,1.5,2800.0,1.6,2,23800.0,0,55000.0,24,vehicle,0.212,0
48,36900.0,0.9,7500.0,0.7,1,17700.0,0,134000.0,24,home_improvement,0.367,1
44,73700.0,0.1,12800.0,16.0,0,1800.0,0,98000.0,48,medical,0.204,0
55,36800.0,0.5,9700.0,0.5,0,23800.0,0,69000.0,24,home_improvement,0.348,0
33,34700.0,0.8,12900.0,16.3,1,6000.0,1,157000.0,24,business,0.575,0
54,68900.0,0.4,28400.0,4.9,3,20100.0,0,500000.0,24,personal,0.739,1
31,31700.0,11.4,6300.0,0.4,4,32900.0,0,84000.0,36,vehicle,0.278,0
56,40500.0,12.1,11600.0,0.7,1,9400.0,0,434000.0,36,business,0.608,1
37,26500.0,13.9,3200.0,1.6,1,2100.0,0,110000.0,36,home_improvement,0.245,0
55,85700.0,16.1,23100.0,1.2,2,23000.0,0,241000.0,60,personal,0.32,0
38,64300.0,3.4,9400.0,14.5,0,7400.0,1,78000.0,24,personal,0.201,0
60,37500.0,3.8,8500.0,3.8,1,70500.0,0,363000.0,12,personal,1.098,1
42,33500.0,0.7,15900.0,0.3,1,2400.0,0,142000.0,24,home_improvement,0.665,0
44,39600.0,0.7,11700.0,3.0,2,21500.0,0,340000.0,36,education,0.553,0
39,37700.0,7.4,11100.0,9.1,1,11200.0,0,168000.0,48,medical,0.395,0
57,20000.0,9.7,2200.0,2.2,0,11700.0,1,105000.0,48,vehicle,0.228,0
59,65300.0,7.7,12900.0,4.4,0,40800.0,0,62000.0,60,education,0.215,1
41,36200.0,9.0,1800.0,5.9,1,18600.0,0,289000.0,48,personal,0.229,0
28,94300.0,1.6,25000.0,0.8,0,14200.0,0,176000.0,60,personal,0.299,0
48,48500.0,3.1,6600.0,7.7,3,8300.0,0,143000.0,36,home_improvement,0.225,0
25,12900.0,3.1,3900.0,2.4,3,13600.0,0,68000.0,60,business,0.397,0
37,22500.0,26.8,8500.0,0.2,0,1600.0,0,184000.0,36,home_improvement,0.623,0
57,15300.0,14.9,6000.0,8.4,1,9700.0,0,183000.0,12,personal,1.469,1
56,22400.0,4.6,4900.0,3.3,1,7500.0,1,73000.0,48,personal,0.292,1
39,19200.0,0.7,1700.0,0.9,2,13600.0,0,317000.0,48,medical,0.46,0
47,45000.0,1.5,8500.0,1.5,1,14600.0,0,84000.0,36,medical,0.245,0
54,34800.0,2.3,17300.0,3.4,1,12300.0,0,127000.0,12,vehicle,0.826,1
31,56000.0,10.3,28300.0,1.9,0,17400.0,0,45000.0,60,business,0.52,1
32,39500.0,0.9,3900.0,1.1,1,8700.0,0,157000.0,60,vehicle,0.17,1
41,36000.0,1.2,6600.0,2.6,1,1100.0,0,107000.0,24,personal,0.317,1
31,98900.0,2.1,2100.0,0.8,0,900.0,0,311000.0,24,vehicle,0.163,0
59,44400.0,13.1,13400.0,1.1,1,10100.0,0,101000.0,12,personal,0.507,0
48,38700.0,3.5,22200.0,7.0,1,1700.0,0,125000.0,24,education,0.719,1
25,27300.0,5.2,3000.0,1.0,2,488200.0,0,389000.0,48,business,0.43,0
37,23600.0,2.4,5100.0,4.8,0,11300.0,0,207000.0,36,education,0.479,1
40,56800.0,1.0,9500.0,1.2,1,151200.0,0,126000.0,36,vehicle,0.234,0
61,55300.0,1.3,32500.0,1.0,1,2500.0,0,70000.0,48,vehicle,0.616,0
32,81400.0,8.1,28400.0,1.2,0,35300.0,0,167000.0,24,education,0.441,0
26,49800.0,11.2,12600.0,2.5,2,9800.0,0,109000.0,36,business,0.319,0
37,33600.0,3.4,8400.0,0.6,0,2000.0,0,138000.0,60,personal,0.324,1
39,50500.0,2.2,10400.0,0.5,1,13200.0,1,160000.0,24,personal,0.349,0
46,38700.0,8.2,12100.0,5.7,1,4500.0,0,519000.0,36,personal,0.715,1
64,59200.0,5.6,10500.0,0.1,2,42500.0,1,103000.0,24,business,0.256,0
64,73200.0,0.2,18500.0,1.9,0,7300.0,0,174000.0,36,personal,0.324,0
52,37200.0,2.2,12400.0,2.0,2,3700.0,0,86000.0,48,personal,0.385,1
26,88500.0,5.7,24100.0,8.9,2,37500.0,0,303000.0,24,business,0.426,0
56,68500.0,4.3,41900.0,6.0,1,117800.0,0,139000.0,24,business,0.703,1
58,40500.0,19.1,14100.0,2.9,2,10800.0,0,80000.0,48,personal,0.393,0
31,54300.0,10.1,13800.0,2.6,2,13200.0,0,131000.0,24,education,0.363,0
53,46000.0,0.3,11900.0,3.3,2,8600.0,0,296000.0,60,education,0.375,0
44,40500.0,6.5,9100.0,1.8,2,4100.0,0,71000.0,48,education,0.264,0
43,94900.0,2.0,17900.0,4.8,4,13000.0,0,293000.0,24,medical,0.328,0
35,50700.0,5.7,25100.0,4.6,2,17000.0,0,99000.0,48,medical,0.539,1
47,27500.0,4.8,600.0,3.4,0,1900.0,0,180000.0,24,business,0.316,0
31,25300.0,3.5,5000.0,0.2,1,2000.0,0,352000.0,24,business,0.824,0
37,25700.0,9.6,9000.0,0.5,3,3900.0,0,190000.0,48,home_improvement,0.517,0
34,50000.0,6.2,10200.0,0.2,0,3900.0,0,180000.0,36,personal,0.312,1
47,34400.0,11.0,9300.0,5.1,0,5300.0,0,146000.0,48,business,0.366,0
38,46600.0,1.7,15100.0,2.6,0,133500.0,1,72000.0,24,personal,0.394,0
48,61200.0,2.1,27000.0,12.4,2,21200.0,0,187000.0,48,personal,0.51,0
24,100000.0,4.9,30400.0,12.2,2,10400.0,0,198000.0,36,personal,0.363,0
27,34800.0,17.0,18200.0,6.4,1,14800.0,0,141000.0,36,vehicle,0.645,0
55,21300.0,2.3,900.0,2.3,1,12700.0,0,55000.0,36,personal,0.12,1
29,89900.0,0.2,39900.0,1.5,3,8900.0,0,144000.0,60,vehicle,0.473,1
28,20800.0,3.0,3200.0,0.9,2,12000.0,0,114000.0,36,medical,0.318,0
37,20500.0,3.9,4700.0,1.1,2,6200.0,0,67000.0,36,personal,0.327,1
37,88900.0,8.1,30900.0,18.6,0,7700.0,0,150000.0,60,personal,0.378,1
53,64800.0,6.5,9100.0,3.0,0,10900.0,0,92000.0,48,medical,0.172,0
52,49900.0,16.7,15700.0,0.0,0,14900.0,0,157000.0,12,education,0.598,1
28,39200.0,7.6,11000.0,0.2,1,11300.0,0,135000.0,24,home_improvement,0.436,1
39,36000.0,1.8,3400.0,2.5,1,4300.0,0,112000.0,36,personal,0.188,1
58,29900.0,5.1,6400.0,2.3,1,44400.0,0,77000.0,36,personal,0.291,0
23,35300.0,5.6,4000.0,2.1,1,8800.0,0,390000.0,60,personal,0.312,0
25,39300.0,31.1,13100.0,6.9,0,4600.0,0,297000.0,24,business,0.673,0
33,21600.0,0.7,7000.0,4.9,2,292800.0,0,96000.0,60,home_improvement,0.404,0
51,27700.0,1.1,3100.0,0.5,2,800.0,0,173000.0,12,medical,0.674,0
36,15500.0,0.8,7300.0,1.8,2,14500.0,0,204000.0,60,medical,0.708,1
52,41600.0,4.4,8000.0,3.6,0,9000.0,0,215000.0,36,personal,0.347,0
42,41600.0,0.7,13900.0,1.9,2,75400.0,0,200000.0,36,personal,0.478,0
49,89400.0,5.3,27200.0,0.9,0,64500.0,0,184000.0,60,business,0.341,0
42,47500.0,8.1,22800.0,4.0,2,22800.0,0,284000.0,60,home_improvement,0.588,0
63,31300.0,2.8,24500.0,3.7,1,15500.0,0,53000.0,36,education,0.834,1
23,36700.0,4.1,12800.0,14.7,0,4000.0,0,137000.0,24,home_improvement,0.517,1
30,50000.0,12.2,18600.0,3.3,2,53300.0,0,390000.0,36,home_improvement,0.606,1
62,44500.0,4.2,5400.0,8.3,2,9500.0,0,81000.0,48,vehicle,0.162,0
41,52100.0,1.2,17000.0,11.9,0,64100.0,0,173000.0,48,personal,0.401,0
36,47600.0,2.1,6900.0,2.3,1,16500.0,0,68000.0,12,vehicle,0.274,0
32,35800.0,3.8,16000.0,0.2,1,7200.0,1,165000.0,24,education,0.654,1
22,31500.0,0.8,12400.0,0.6,1,29200.0,0,65000.0,36,personal,0.456,1
61,30800.0,4.7,12200.0,2.8,2,10800.0,0,113000.0,60,business,0.462,0
44,26500.0,35.0,5400.0,8.9,3,8600.0,0,114000.0,36,vehicle,0.333,1
55,24700.0,5.3,8500.0,4.2,1,11500.0,0,258000.0,12,vehicle,1.284,0
50,91800.0,2.3,12300.0,0.9,1,28600.0,0,114000.0,24,education,0.19,0
50,42500.0,2.0,7500.0,4.8,1,22400.0,0,175000.0,60,personal,0.251,0
55,37400.0,13.4,8000.0,9.0,2,4300.0,0,134000.0,36,business,0.321,0
39,32100.0,10.3,6000.0,0.1,0,62700.0,1,423000.0,12,home_improvement,1.373,1
28,48700.0,3.2,10900.0,1.1,1,3600.0,1,65000.0,36,personal,0.264,0
46,69000.0,2.2,11000.0,0.7,1,12100.0,0,50000.0,36,business,0.181,0
60,55600.0,6.2,14700.0,6.1,0,7000.0,0,117000.0,48,medical,0.312,0
27,60800.0,1.9,3600.0,8.9,0,28800.0,0,453000.0,24,home_improvement,0.394,0
50,30800.0,0.6,8900.0,3.2,0,7500.0,0,95000.0,48,medical,0.358,0
27,40100.0,1.9,2900.0,7.5,1,51300.0,0,293000.0,24,vehicle,0.401,0
23,31000.0,2.8,6200.0,4.3,1,40700.0,0,164000.0,36,medical,0.359,0
21,42100.0,1.5,10000.0,4.3,1,6000.0,0,229000.0,12,business,0.727,1
56,71200.0,1.2,12700.0,3.5,1,40300.0,0,452000.0,36,personal,0.369,1
45,48900.0,0.0,9400.0,0.2,0,72200.0,0,252000.0,24,medical,0.424,0
57,83500.0,5.0,18800.0,11.1,0,21500.0,0,401000.0,48,personal,0.333,0
21,35200.0,4.8,7100.0,1.8,0,19700.0,0,535000.0,60,education,0.475,0
35,27900.0,1.0,12600.0,6.5,1,15800.0,0,162000.0,12,medical,0.974,0
57,50500.0,14.4,11900.0,6.6,0,24800.0,0,155000.0,48,home_improvement,0.305,0
33,42300.0,2.6,12800.0,13.5,0,9900.0,0,299000.0,24,personal,0.621,0
60,46400.0,0.1,33100.0,1.6,3,5700.0,0,88000.0,24,personal,0.799,0
28,43400.0,1.2,9300.0,23.8,2,36700.0,0,146000.0,24,home_improvement,0.366,0
25,32300.0,5.9,9900.0,1.4,0,31400.0,0,318000.0,12,education,1.193,1
29,43800.0,1.1,5200.0,2.4,0,10600.0,0,451000.0,24,business,0.582,1
21,62200.0,0.3,29200.0,4.9,0,13300.0,0,332000.0,48,business,0.59,1
56,65100.0,4.8,9200.0,0.7,0,16300.0,0,160000.0,48,personal,0.197,0
55,32200.0,3.7,4700.0,1.2,1,86400.0,0,241000.0,60,personal,0.281,0
22,44500.0,7.2,10000.0,5.2,0,3400.0,0,112000.0,12,personal,0.451,0
60,78000.0,7.4,30300.0,14.7,0,19000.0,0,228000.0,24,vehicle,0.52,0
43,32500.0,16.1,14500.0,5.3,3,17800.0,0,80000.0,48,vehicle,0.502,0
29,30000.0,0.3,5200.0,7.9,1,41200.0,0,639000.0,36,business,0.812,0
54,57400.0,0.2,4400.0,0.2,0,8200.0,0,349000.0,36,home_improvement,0.259,0
34,53000.0,21.8,4800.0,3.4,0,9800.0,0,204000.0,48,business,0.177,0
24,27500.0,5.2,2500.0,9.8,0,38800.0,0,125000.0,36,personal,0.227,0
50,21400.0,6.3,14800.0,4.6,0,5300.0,0,340000.0,12,medical,2.121,1
51,44100.0,0.5,5800.0,4.5,2,43000.0,0,65000.0,48,home_improvement,0.165,0
58,33200.0,0.4,9500.0,0.9,1,6500.0,0,79000.0,12,medical,0.5,0
31,18800.0,0.9,3600.0,7.9,0,6400.0,0,85000.0,36,home_improvement,0.327,0
55,29500.0,2.8,8000.0,8.0,0,20800.0,0,560000.0,24,education,1.125,1
28,52600.0,0.6,27000.0,3.8,1,11000.0,0,75000.0,24,business,0.577,1
23,37500.0,3.0,16000.0,2.2,1,18000.0,0,81000.0,24,personal,0.524,0
34,81200.0,4.1,42700.0,7.0,2,30400.0,0,423000.0,60,personal,0.62,1
33,15700.0,0.0,5300.0,2.5,1,57300.0,0,93000.0,12,education,0.871,1
52,73300.0,0.6,1400.0,6.9,2,4700.0,0,145000.0,48,education,0.064,0
54,34400.0,2.4,11100.0,2.7,1,12300.0,0,291000.0,24,personal,0.703,0
39,32200.0,0.3,8900.0,3.5,2,14600.0,0,88000.0,12,business,0.522,0
58,20000.0,0.7,4600.0,5.5,1,43000.0,0,259000.0,36,personal,0.618,0
36,49500.0,1.3,11100.0,1.2,0,12400.0,1,142000.0,24,vehicle,0.353,1
22,17600.0,2.8,2300.0,1.1,2,4000.0,0,34000.0,24,personal,0.218,0
60,58000.0,6.3,5600.0,4.4,0,9800.0,0,143000.0,24,personal,0.207,0
37,20300.0,0.7,3200.0,12.3,1,5000.0,0,520000.0,60,vehicle,0.619,0
54,21800.0,6.7,6200.0,2.4,2,8800.0,0,65000.0,48,business,0.351,1
62,23500.0,9.7,3900.0,9.1,1,6900.0,0,583000.0,48,business,0.724,0
36,29100.0,5.3,12400.0,2.9,2,6700.0,0,171000.0,36,home_improvement,0.602,1
58,61300.0,0.2,5700.0,14.6,2,30000.0,0,105000.0,24,vehicle,0.17,0
22,79000.0,2.9,26800.0,6.3,1,2900.0,0,135000.0,36,business,0.391,1
22,30500.0,5.4,3700.0,7.9,1,29000.0,1,522000.0,36,business,0.635,1
46,39300.0,19.2,6400.0,4.6,3,73100.0,0,76000.0,12,medical,0.337,0
33,50000.0,15.2,8100.0,8.1,0,30000.0,0,178000.0,36,personal,0.269,0
51,34600.0,2.5,12400.0,3.6,1,10200.0,0,122000.0,48,home_improvement,0.438,0
54,49200.0,4.8,7400.0,3.4,1,31900.0,1,185000.0,36,vehicle,0.263,0
59,40100.0,11.1,10000.0,8.3,3,3200.0,0,208000.0,24,business,0.483,0
23,35800.0,8.9,300.0,0.1,1,9800.0,0,140000.0,36,home_improvement,0.126,0
28,21200.0,3.3,5400.0,2.6,1,6100.0,0,195000.0,36,vehicle,0.531,0
43,42900.0,1.5,23800.0,8.2,0,16600.0,0,135000.0,12,home_improvement,0.838,0
34,61800.0,0.7,11300.0,0.9,0,7700.0,0,127000.0,24,vehicle,0.275,0
47,28300.0,3.3,6900.0,12.7,0,3900.0,0,172000.0,60,personal,0.353,1
49,16600.0,6.4,3800.0,5.4,1,5600.0,0,165000.0,12,home_improvement,1.123,1
59,34800.0,17.5,2100.0,5.7,1,3800.0,0,149000.0,24,medical,0.253,0
59,79200.0,9.9,7800.0,4.4,1,3200.0,0,243000.0,48,personal,0.168,0
21,69200.0,1.1,19000.0,2.4,0,14100.0,0,281000.0,12,medical,0.64,1
37,30900.0,6.4,9900.0,2.5,2,34300.0,1,305000.0,60,business,0.498,1
61,49300.0,1.7,6800.0,7.3,0,25700.0,0,92000.0,36,vehicle,0.194,0
50,52900.0,5.8,24300.0,0.6,0,3400.0,0,159000.0,24,personal,0.595,0
33,78500.0,5.5,19500.0,3.0,0,5200.0,0,55000.0,12,business,0.311,0
41,20000.0,1.6,3400.0,1.5,2,4000.0,0,131000.0,12,medical,0.759,1
39,24800.0,1.3,9500.0,16.6,2,2300.0,0,139000.0,24,business,0.635,0
39,16200.0,0.5,2200.0,0.0,0,1000.0,1,174000.0,36,personal,0.458,0
45,29600.0,0.3,8500.0,0.3,3,1900.0,0,201000.0,12,personal,0.898,1
42,64900.0,9.8,18400.0,13.7,0,18500.0,0,126000.0,48,personal,0.327,1
51,31200.0,0.3,8300.0,3.1,1,9900.0,0,135000.0,48,home_improvement,0.363,0
37,22300.0,0.5,6400.0,0.6,1,16200.0,0,105000.0,24,education,0.499,1
43,44400.0,1.4,11300.0,2.4,1,15200.0,0,72000.0,24,personal,0.327,0
52,45000.0,10.9,7700.0,1.6,1,153300.0,0,207000.0,36,home_improvement,0.309,0
30,25400.0,2.0,4300.0,9.7,0,19200.0,0,264000.0,24,personal,0.637,0
30,32000.0,1.1,9200.0,4.7,1,25700.0,0,70000.0,60,home_improvement,0.327,0
56,42900.0,6.3,5100.0,0.6,4,77800.0,0,83000.0,36,personal,0.177,0
28,56100.0,1.9,30300.0,3.1,1,19400.0,0,126000.0,48,home_improvement,0.591,1
40,30000.0,2.0,700.0,0.6,0,123400.0,0,137000.0,36,personal,0.16,0
52,28100.0,6.7,13100.0,4.4,3,17600.0,0,154000.0,48,medical,0.589,0
34,94900.0,1.4,13200.0,5.2,1,12600.0,0,321000.0,12,personal,0.444,1
48,35500.0,11.4,7300.0,3.3,1,59600.0,0,87000.0,48,home_improvement,0.261,0
44,44900.0,4.1,9000.0,13.5,0,12100.0,0,358000.0,48,personal,0.38,0
35,53700.0,3.9,14400.0,11.6,2,2100.0,0,63000.0,24,education,0.321,0
42,18000.0,1.5,3300.0,0.9,1,29600.0,0,146000.0,12,personal,0.913,1
50,39800.0,9.0,9300.0,0.0,0,2900.0,0,148000.0,36,education,0.345,0
24,19100.0,4.3,5400.0,4.3,1,4000.0,0,380000.0,24,vehicle,1.178,1
33,37800.0,0.8,22300.0,2.6,1,33200.0,0,115000.0,36,vehicle,0.681,0
43,74500.0,1.2,10300.0,1.6,1,62300.0,0,139000.0,48,personal,0.18,0
28,25600.0,3.2,3800.0,10.0,3,4800.0,0,421000.0,48,business,0.518,0
38,19000.0,7.6,6900.0,15.4,3,20900.0,0,239000.0,36,personal,0.74,1
32,93900.0,14.0,27200.0,10.7,3,12900.0,0,116000.0,12,home_improvement,0.401,0
51,24000.0,5.4,9200.0,2.8,3,1800.0,0,344000.0,36,education,0.813,1
34,20400.0,3.5,9500.0,4.9,3,10400.0,1,115000.0,48,personal,0.592,1
54,83200.0,1.4,51900.0,0.8,1,46800.0,0,89000.0,36,vehicle,0.656,0
38,23500.0,5.6,8900.0,12.1,1,9400.0,0,302000.0,24,education,0.957,1
54,84100.0,20.2,45700.0,1.3,0,3800.0,0,104000.0,24,vehicle,0.599,0
31,45400.0,3.2,17700.0,0.9,2,73200.0,0,120000.0,36,home_improvement,0.469,0
61,71500.0,0.9,8000.0,0.2,1,2200.0,0,263000.0,36,medical,0.222,1
32,43600.0,0.5,2100.0,3.2,0,3100.0,0,293000.0,36,personal,0.25,0
35,65200.0,1.6,7500.0,11.9,0,18600.0,1,83000.0,60,personal,0.138,0
51,26500.0,4.2,5300.0,0.6,1,22100.0,0,301000.0,48,home_improvement,0.456,0
49,30500.0,14.7,3100.0,0.5,0,6000.0,0,103000.0,24,vehicle,0.254,1
46,15500.0,1.8,4100.0,1.3,1,2500.0,0,67000.0,24,personal,0.459,1
38,62100.0,1.8,6300.0,4.4,0,37600.0,0,152000.0,60,education,0.146,0
52,48500.0,3.3,22500.0,3.2,1,4300.0,0,111000.0,24,personal,0.567,0
42,25500.0,12.5,16800.0,0.4,1,3000.0,0,192000.0,60,business,0.794,0
58,18300.0,2.7,4900.0,2.3,1,4100.0,0,250000.0,24,home_improvement,0.882,0
37,45600.0,1.3,11100.0,0.3,3,12600.0,0,159000.0,12,personal,0.557,0
43,85300.0,0.9,16400.0,7.6,0,10200.0,0,104000.0,24,personal,0.247,1
44,37700.0,3.1,1000.0,0.5,0,6100.0,0,190000.0,60,medical,0.117,0
28,29800.0,8.1,3600.0,2.5,1,10800.0,0,106000.0,48,business,0.201,0
61,26300.0,1.7,5000.0,2.9,3,32500.0,0,221000.0,36,medical,0.442,0
26,70400.0,3.6,2300.0,3.0,2,25900.0,0,351000.0,48,business,0.145,0
25,28300.0,4.6,2500.0,3.8,2,75700.0,0,224000.0,36,vehicle,0.326,0
64,34000.0,3.0,3500.0,4.8,1,9000.0,0,91000.0,24,home_improvement,0.223,0
49,64100.0,1.1,17400.0,0.0,1,33200.0,1,342000.0,36,education,0.432,1
48,53500.0,12.7,25200.0,0.1,1,24600.0,0,48000.0,24,personal,0.511,1
31,34600.0,4.2,2000.0,3.8,1,7200.0,0,70000.0,48,personal,0.103,0
21,29300.0,6.5,3900.0,0.8,0,75100.0,0,149000.0,24,home_improvement,0.362,0
63,77600.0,5.1,37800.0,7.1,0,197400.0,0,184000.0,36,vehicle,0.558,1
39,24300.0,31.2,1100.0,4.0,1,11600.0,0,182000.0,12,education,0.719,1
29,36500.0,3.0,7900.0,15.7,1,11300.0,0,411000.0,12,home_improvement,1.23,0
47,20400.0,2.8,2900.0,5.2,1,29300.0,0,142000.0,24,business,0.455,0
54,68500.0,2.2,2100.0,0.4,0,5300.0,0,168000.0,24,medical,0.141,0
64,32400.0,2.2,19600.0,0.8,0,31900.0,0,84000.0,48,personal,0.663,0
24,29300.0,1.6,9600.0,0.2,3,102800.0,0,248000.0,24,education,0.709,0
56,54100.0,19.7,36400.0,5.4,0,31600.0,0,70000.0,36,education,0.712,0
38,21100.0,10.2,4300.0,0.5,1,7100.0,0,33000.0,36,medical,0.251,0
35,53400.0,1.9,19200.0,4.4,1,22500.0,1,159000.0,24,medical,0.494,1
33,34100.0,1.8,16100.0,3.2,2,17700.0,0,226000.0,12,personal,1.069,0
39,23300.0,0.5,6200.0,4.0,0,2800.0,0,396000.0,36,personal,0.776,0
26,25700.0,10.5,7400.0,2.8,2,36400.0,0,123000.0,36,vehicle,0.432,0
32,29500.0,2.3,4100.0,0.1,0,7500.0,0,298000.0,12,home_improvement,1.048,0
57,32900.0,4.3,3500.0,1.2,3,84900.0,1,143000.0,60,vehicle,0.185,1
37,23400.0,11.5,6700.0,8.7,3,70600.0,0,311000.0,12,vehicle,1.482,1
43,45800.0,2.6,6500.0,10.6,1,73500.0,0,171000.0,48,personal,0.226,0
46,23100.0,8.2,11900.0,0.4,0,20300.0,0,335000.0,48,education,0.841,1
49,13800.0,2.8,4100.0,12.2,1,33400.0,0,360000.0,48,vehicle,0.884,1
53,95200.0,6.0,41100.0,4.4,0,41900.0,0,148000.0,12,medical,0.572,0
47,43900.0,2.8,3400.0,10.2,2,100900.0,0,899000.0,36,personal,0.692,1
45,99100.0,2.5,56600.0,2.1,4,9300.0,0,329000.0,24,personal,0.721,0
30,25100.0,23.4,8600.0,0.4,0,6500.0,0,118000.0,36,personal,0.484,0
43,49800.0,4.7,16000.0,1.4,2,1900.0,0,104000.0,24,home_improvement,0.415,0
41,60000.0,2.3,19000.0,4.7,0,9700.0,0,190000.0,12,personal,0.602,1
41,36900.0,1.5,15200.0,6.3,3,14100.0,0,134000.0,24,personal,0.575,0
63,21000.0,0.2,2800.0,0.2,1,2900.0,0,176000.0,60,education,0.284,0
33,35600.0,6.1,16300.0,2.7,1,22200.0,0,136000.0,24,medical,0.63,1
57,53200.0,2.3,9700.0,0.3,0,47700.0,1,126000.0,24,personal,0.289,1
53,52300.0,8.6,27400.0,8.0,0,5200.0,0,162000.0,48,vehicle,0.594,0
44,40100.0,2.3,14700.0,2.6,1,22400.0,0,240000.0,24,vehicle,0.636,1
64,60100.0,2.3,4000.0,9.9,0,10200.0,0,142000.0,36,personal,0.137,0
31,58800.0,7.6,10500.0,0.3,0,16500.0,0,241000.0,48,business,0.271,0
37,31700.0,3.4,2300.0,1.6,2,28900.0,0,78000.0,24,home_improvement,0.183,0
24,20200.0,10.8,12500.0,4.5,1,8500.0,0,265000.0,24,home_improvement,1.209,1
45,43700.0,4.5,18500.0,1.4,1,8000.0,0,113000.0,24,vehicle,0.54,0
50,28700.0,1.4,12400.0,7.4,0,3900.0,0,181000.0,48,home_improvement,0.574,1
29,42800.0,4.2,11200.0,17.3,1,5400.0,0,81000.0,60,personal,0.296,0
41,73500.0,0.0,14000.0,1.3,3,23200.0,0,63000.0,12,education,0.268,0
40,48900.0,1.9,10600.0,1.8,0,16100.0,0,153000.0,36,education,0.311,0
39,71900.0,1.2,10900.0,13.7,0,3200.0,0,50000.0,24,education,0.183,0
39,25500.0,5.3,4500.0,1.8,0,5100.0,0,163000.0,24,business,0.464,0
32,65500.0,0.7,9700.0,3.2,0,16500.0,0,590000.0,36,vehicle,0.418,0
57,85300.0,1.7,18900.0,5.9,1,84500.0,0,531000.0,36,education,0.408,0
62,41300.0,2.0,17900.0,2.3,1,6300.0,0,111000.0,36,business,0.514,1
37,114100.0,0.0,23300.0,1.9,0,3100.0,0,145000.0,48,personal,0.233,0
57,27300.0,0.2,3800.0,2.7,2,5500.0,0,330000.0,12,medical,1.227,1
59,30100.0,1.9,8000.0,6.0,0,12000.0,0,314000.0,48,personal,0.5,0
48,53800.0,1.3,24000.0,1.5,0,4000.0,0,155000.0,48,home_improvement,0.511,1
61,41100.0,0.6,15800.0,1.7,0,16100.0,0,162000.0,36,home_improvement,0.503,0
55,28700.0,0.8,9500.0,0.8,1,27300.0,0,157000.0,24,education,0.577,1
38,53000.0,9.0,5400.0,4.8,0,12100.0,0,157000.0,36,education,0.191,0
34,47100.0,5.7,5300.0,9.2,1,11100.0,0,142000.0,36,medical,0.203,0
55,30800.0,3.3,5200.0,0.8,0,37700.0,0,205000.0,48,vehicle,0.319,0
64,43700.0,12.0,9600.0,0.1,2,35300.0,0,61000.0,48,personal,0.251,0
61,56500.0,0.1,20400.0,1.9,2,6300.0,0,92000.0,24,vehicle,0.434,0
27,30500.0,2.1,6900.0,2.1,1,10800.0,0,155000.0,36,personal,0.379,0
61,50600.0,8.7,17600.0,4.2,0,104500.0,0,511000.0,48,home_improvement,0.575,1
33,27200.0,4.9,3500.0,0.4,0,18500.0,0,197000.0,36,personal,0.346,1
38,29600.0,20.0,2200.0,6.9,0,49800.0,0,180000.0,36,personal,0.257,0
57,66200.0,14.5,17900.0,3.4,0,6200.0,1,293000.0,60,home_improvement,0.35,1
33,52900.0,0.9,25300.0,3.2,1,4200.0,0,198000.0,48,education,0.562,0
56,17200.0,17.9,5800.0,1.5,0,7400.0,0,115000.0,24,home_improvement,0.638,0
51,33900.0,14.6,13600.0,1.8,0,8600.0,0,223000.0,36,home_improvement,0.599,0
22,50000.0,2.3,8200.0,0.2,1,19100.0,0,247000.0,36,vehicle,0.312,0
36,42700.0,20.3,1700.0,5.6,2,27400.0,0,159000.0,36,personal,0.152,0
29,53000.0,0.2,18200.0,3.7,1,7900.0,0,306000.0,24,personal,0.603,0
29,42300.0,5.4,18300.0,15.0,1,3100.0,1,552000.0,60,business,0.668,0
58,37800.0,1.5,7600.0,1.7,2,14700.0,0,148000.0,60,home_improvement,0.272,0
31,37300.0,0.7,9000.0,4.4,0,66000.0,0,138000.0,24,home_improvement,0.408,0
42,65600.0,4.3,24100.0,10.1,0,114500.0,0,202000.0,60,medical,0.423,0
53,54900.0,1.8,11800.0,5.0,0,1200.0,0,411000.0,36,personal,0.44,1
56,48200.0,5.5,16700.0,0.2,1,28800.0,0,127000.0,36,medical,0.426,1
43,41800.0,3.9,10300.0,4.0,0,75800.0,0,146000.0,24,vehicle,0.404,1
54,31400.0,2.5,14800.0,3.2,1,7200.0,0,154000.0,12,medical,0.913,1
29,35000.0,1.0,7600.0,2.8,0,15700.0,0,206000.0,24,vehicle,0.482,0
44,64800.0,4.6,8500.0,3.2,2,32600.0,0,156000.0,48,personal,0.185,0
28,62100.0,8.8,28800.0,2.5,1,35700.0,1,336000.0,36,education,0.626,1
27,30000.0,4.6,9600.0,4.7,0,7200.0,0,238000.0,60,home_improvement,0.463,1
56,42000.0,4.7,8000.0,0.1,2,69800.0,0,170000.0,36,vehicle,0.312,0
38,50200.0,3.6,5500.0,0.8,0,12800.0,0,92000.0,12,personal,0.274,0
23,48800.0,2.5,8700.0,1.8,2,6300.0,0,138000.0,24,education,0.306,0
48,48600.0,3.1,23800.0,2.4,0,3900.0,0,200000.0,12,personal,0.86,1
26,24300.0,22.8,2300.0,0.6,0,35400.0,0,166000.0,48,personal,0.248,1
64,23700.0,6.9,5800.0,6.9,1,4300.0,0,154000.0,36,home_improvement,0.44,1
64,68000.0,2.8,5600.0,10.6,0,57700.0,0,224000.0,24,business,0.231,0
41,79100.0,3.1,11000.0,5.6,1,41500.0,0,188000.0,24,home_improvement,0.246,0
48,20600.0,3.5,6500.0,10.6,1,2000.0,0,47000.0,60,home_improvement,0.357,0
60,39600.0,5.4,18100.0,5.4,0,24400.0,0,413000.0,12,personal,1.396,1
21,57900.0,3.1,4400.0,2.3,0,1900.0,0,114000.0,12,education,0.253,0
56,14900.0,5.8,7800.0,2.0,1,4200.0,0,159000.0,24,business,1.004,0
41,24800.0,2.0,2600.0,0.7,3,111500.0,0,222000.0,36,home_improvement,0.373,1
63,38500.0,2.6,3600.0,0.4,1,13100.0,0,341000.0,60,vehicle,0.253,0
55,30700.0,10.0,2500.0,1.0,0,6300.0,0,199000.0,60,medical,0.198,0
33,44100.0,2.0,7700.0,3.0,1,3500.0,0,55000.0,12,vehicle,0.287,0
30,77800.0,16.7,5200.0,0.6,1,62400.0,0,300000.0,48,education,0.154,0
64,27300.0,0.9,6600.0,12.1,0,54900.0,0,241000.0,60,education,0.401,1
30,41100.0,1.4,13600.0,1.0,2,17100.0,0,492000.0,48,business,0.6,0
33,34400.0,3.1,4300.0,7.2,1,19800.0,0,183000.0,36,personal,0.285,0
57,42700.0,8.0,1700.0,6.8,1,20000.0,0,175000.0,24,personal,0.224,0
58,40200.0,6.6,9400.0,0.6,1,20400.0,0,301000.0,60,business,0.369,0
44,131500.0,1.0,9900.0,5.0,1,35400.0,0,262000.0,36,business,0.135,0
22,78500.0,1.4,8900.0,7.0,0,6600.0,0,126000.0,24,business,0.186,1
42,19700.0,4.3,8300.0,8.6,2,2100.0,0,61000.0,24,home_improvement,0.561,0
37,26800.0,1.7,5400.0,12.3,1,65000.0,0,285000.0,36,vehicle,0.521,0
56,28300.0,2.7,13300.0,10.6,0,3500.0,0,138000.0,36,medical,0.616,0
34,23000.0,3.3,11100.0,1.5,1,30400.0,0,307000.0,12,personal,1.684,1
30,21700.0,4.5,11300.0,1.2,1,22000.0,0,158000.0,36,business,0.739,1
55,37000.0,1.4,17200.0,2.0,0,9800.0,0,273000.0,36,medical,0.686,0
45,28800.0,0.9,6800.0,2.5,2,6100.0,0,98000.0,36,education,0.338,0
23,26900.0,2.5,8800.0,1.1,2,18300.0,0,348000.0,48,business,0.618,0
58,99600.0,0.4,28700.0,0.4,4,64500.0,0,520000.0,12,vehicle,0.758,1
37,29700.0,3.7,5400.0,4.3,0,2800.0,0,192000.0,12,personal,0.764,0
32,32900.0,9.2,11300.0,0.8,2,13000.0,0,123000.0,12,personal,0.68,1
44,56000.0,0.6,31800.0,9.9,0,120000.0,1,124000.0,36,vehicle,0.634,1
49,32800.0,0.6,2900.0,1.4,0,35100.0,0,141000.0,24,business,0.282,0
63,23800.0,0.4,6200.0,0.9,2,3200.0,0,108000.0,36,personal,0.397,1
45,35700.0,9.4,13200.0,0.9,0,5000.0,0,94000.0,36,education,0.449,0
56,99100.0,0.4,13100.0,1.4,0,43500.0,0,184000.0,12,medical,0.299,0
46,32300.0,20.5,15200.0,3.8,0,2900.0,0,207000.0,24,business,0.759,0
58,26600.0,2.2,500.0,15.3,1,9400.0,0,122000.0,12,business,0.432,0
21,48500.0,2.0,20200.0,2.7,4,6100.0,0,98000.0,36,personal,0.477,1
40,35000.0,0.5,16800.0,3.7,0,11900.0,0,151000.0,36,personal,0.609,0
48,137700.0,4.4,16400.0,7.4,1,39300.0,0,128000.0,12,personal,0.203,0
36,28200.0,4.4,10400.0,1.6,0,11500.0,0,50000.0,48,business,0.409,0
37,87600.0,3.4,7700.0,0.8,1,7700.0,0,256000.0,24,personal,0.219,0
60,67700.0,1.9,26500.0,2.3,1,16700.0,0,83000.0,24,personal,0.447,0
48,33800.0,2.3,15200.0,1.5,2,13600.0,0,231000.0,36,personal,0.655,0
32,40100.0,1.9,6200.0,8.0,2,4800.0,0,241000.0,24,home_improvement,0.425,0
47,25200.0,2.8,2100.0,15.3,0,8200.0,0,67000.0,60,vehicle,0.131,0
62,31500.0,2.1,4600.0,4.7,2,1900.0,0,633000.0,60,personal,0.508,1
50,33700.0,5.6,4300.0,4.2,1,6900.0,0,48000.0,12,personal,0.256,1
61,43100.0,1.8,21100.0,5.0,2,69800.0,0,175000.0,24,personal,0.672,1
54,21300.0,2.2,3600.0,2.5,0,28200.0,0,555000.0,48,vehicle,0.755,0
57,46200.0,2.9,2400.0,4.0,3,9200.0,0,101000.0,36,vehicle,0.118,1
26,37600.0,0.0,13600.0,0.3,4,38500.0,0,443000.0,48,education,0.627,0
27,48000.0,3.4,17500.0,2.7,0,71600.0,0,235000.0,36,vehicle,0.511,1
52,51300.0,1.5,26200.0,1.6,1,13400.0,0,161000.0,24,personal,0.652,1
52,36300.0,0.3,18200.0,0.2,2,5200.0,0,129000.0,48,business,0.581,1
45,50000.0,12.1,12200.0,3.1,1,8700.0,0,296000.0,24,home_improvement,0.51,0
53,38600.0,1.9,8200.0,1.8,1,24900.0,0,240000.0,12,education,0.772,0
27,56100.0,2.8,31600.0,3.6,2,45200.0,0,133000.0,48,education,0.617,0
32,46300.0,8.8,20600.0,2.9,1,14300.0,0,106000.0,60,personal,0.486,0
36,43500.0,0.9,7500.0,1.3,0,10200.0,0,55000.0,36,vehicle,0.21,0
36,38300.0,9.5,13400.0,3.1,1,42800.0,0,362000.0,48,home_improvement,0.563,1
63,71900.0,1.4,5500.0,1.9,2,4100.0,1,84000.0,36,business,0.112,0
56,48200.0,4.4,6100.0,10.2,1,13600.0,0,131000.0,36,home_improvement,0.208,0
33,22100.0,5.8,6900.0,1.9,3,51700.0,0,106000.0,36,personal,0.456,1
27,32500.0,11.8,16500.0,0.2,0,15200.0,0,94000.0,36,business,0.594,0
56,36200.0,4.7,13700.0,5.8,2,11000.0,0,111000.0,12,business,0.654,0
29,40100.0,3.0,19700.0,13.3,2,2900.0,0,432000.0,24,education,0.976,1
52,43500.0,4.2,7500.0,0.7,1,7800.0,0,70000.0,12,vehicle,0.317,0
31,26200.0,1.1,3000.0,14.4,0,15800.0,1,194000.0,12,medical,0.781,0
28,38900.0,5.8,24300.0,3.8,0,41300.0,0,322000.0,36,personal,0.873,1
53,34800.0,1.0,11100.0,7.5,1,2700.0,0,632000.0,24,education,1.136,0
43,65400.0,4.1,1400.0,2.6,0,6000.0,0,81000.0,24,personal,0.077,0
45,25600.0,5.2,9800.0,3.9,1,9000.0,0,106000.0,48,medical,0.476,1
28,39800.0,11.4,14100.0,7.4,3,19200.0,0,52000.0,12,personal,0.472,0
42,29500.0,3.0,11600.0,16.3,2,5100.0,0,105000.0,48,education,0.473,0
24,92800.0,7.5,29800.0,0.8,1,7100.0,1,213000.0,48,personal,0.373,0
60,70600.0,0.9,43400.0,9.2,1,80900.0,0,147000.0,24,medical,0.708,0
23,19200.0,0.8,10500.0,4.4,1,16400.0,0,463000.0,36,personal,1.27,0
49,28000.0,3.7,5500.0,11.7,1,8600.0,0,294000.0,36,home_improvement,0.511,0
61,59400.0,4.5,4600.0,1.5,0,26000.0,0,127000.0,12,business,0.27,0
49,49300.0,5.0,12900.0,1.1,3,2300.0,0,76000.0,12,education,0.4,0
54,48600.0,6.8,6100.0,1.8,3,8300.0,0,189000.0,36,business,0.242,0
54,43700.0,1.7,20100.0,8.6,0,5700.0,0,149000.0,36,education,0.562,1
48,61600.0,4.9,17700.0,2.5,2,6100.0,0,271000.0,36,home_improvement,0.419,0
33,57000.0,1.0,5500.0,12.1,1,5000.0,0,155000.0,36,home_improvement,0.178,0
35,35200.0,1.2,15200.0,1.1,0,10900.0,0,214000.0,36,personal,0.614,0
43,23400.0,0.3,10800.0,1.0,1,10600.0,0,163000.0,48,home_improvement,0.618,0
64,18800.0,6.9,3700.0,4.5,0,7300.0,0,254000.0,36,business,0.602,0
46,38300.0,3.5,13200.0,1.4,0,1700.0,0,459000.0,24,medical,0.884,1
24,17500.0,1.4,4700.0,0.6,1,5200.0,0,104000.0,48,personal,0.402,1
46,44900.0,4.1,6500.0,1.9,1,6500.0,0,192000.0,48,personal,0.241,0
60,34900.0,2.2,11700.0,1.2,2,2500.0,0,67000.0,24,education,0.422,0
29,96300.0,9.1,31600.0,2.1,1,69400.0,0,285000.0,24,personal,0.461,0
25,46800.0,3.8,5100.0,0.8,1,2100.0,0,121000.0,48,home_improvement,0.167,1
52,39600.0,0.2,17200.0,12.6,1,91000.0,0,373000.0,12,business,1.282,1
40,19400.0,21.0,5800.0,6.5,1,1500.0,0,133000.0,36,business,0.505,0
31,22700.0,0.4,4300.0,7.4,1,3000.0,0,280000.0,36,personal,0.559,1
35,54500.0,6.0,10800.0,1.4,1,8900.0,0,167000.0,36,vehicle,0.29,0
52,34900.0,2.9,3700.0,7.8,1,46300.0,0,54000.0,24,education,0.176,0
48,125600.0,1.4,28100.0,3.6,1,5300.0,0,108000.0,24,personal,0.262,1
42,38700.0,5.6,1600.0,0.2,2,227500.0,0,157000.0,60,personal,0.114,0
61,43300.0,0.7,9900.0,0.7,0,2800.0,0,117000.0,48,home_improvement,0.289,0
37,22200.0,9.8,4300.0,2.4,1,21400.0,0,370000.0,24,business,0.944,1
46,61500.0,1.4,24000.0,2.0,0,17600.0,1,481000.0,60,medical,0.531,1
64,26500.0,2.2,3300.0,6.3,0,4200.0,0,132000.0,12,personal,0.573,1
27,50800.0,5.0,14000.0,8.3,1,2700.0,0,178000.0,24,business,0.433,0
62,57800.0,0.0,4300.0,8.0,1,14300.0,0,66000.0,48,education,0.1,0
46,41900.0,3.2,1600.0,1.9,2,15500.0,1,156000.0,36,vehicle,0.15,0
45,88500.0,11.2,24300.0,4.0,0,2500.0,0,327000.0,36,vehicle,0.385,0
30,30500.0,5.7,16400.0,2.7,1,26500.0,0,111000.0,48,education,0.62,1
39,85300.0,2.5,7900.0,8.8,0,25600.0,0,135000.0,60,vehicle,0.121,0
31,22700.0,5.4,9800.0,8.8,3,34500.0,0,45000.0,36,vehicle,0.491,0
33,57500.0,13.8,21900.0,0.2,1,4100.0,0,118000.0,36,home_improvement,0.442,0
28,37600.0,1.0,11000.0,3.4,0,221800.0,0,41000.0,36,medical,0.325,0
60,29200.0,3.8,11400.0,2.8,2,8300.0,0,64000.0,36,home_improvement,0.456,0
24,19000.0,1.3,8100.0,5.9,1,10700.0,0,525000.0,36,business,1.255,1
51,35700.0,9.6,3000.0,0.9,3,3800.0,0,116000.0,36,medical,0.182,0
48,34700.0,6.4,4700.0,4.7,0,13500.0,0,321000.0,60,vehicle,0.302,0
31,43400.0,8.1,18400.0,5.4,1,3700.0,0,124000.0,36,vehicle,0.51,0
63,55600.0,14.3,11900.0,0.1,0,15600.0,0,112000.0,48,business,0.259,0
21,27900.0,1.3,6500.0,2.3,1,1100.0,0,246000.0,60,vehicle,0.392,0
58,88500.0,0.2,14900.0,15.4,1,28100.0,0,216000.0,24,medical,0.278,0
44,31500.0,1.7,9600.0,1.4,0,1900.0,0,87000.0,24,personal,0.429,1
51,52600.0,2.5,2000.0,8.6,3,22400.0,0,94000.0,36,personal,0.092,1
61,41800.0,4.9,2200.0,3.5,1,6200.0,0,89000.0,24,personal,0.148,0
46,36700.0,8.0,13400.0,1.4,4,32400.0,0,304000.0,48,home_improvement,0.551,0
25,40900.0,2.2,2100.0,7.2,1,14500.0,0,369000.0,24,business,0.457,0
40,26300.0,3.2,8300.0,18.7,0,15600.0,0,271000.0,60,personal,0.501,0
61,33700.0,7.7,800.0,5.4,1,68200.0,0,174000.0,24,education,0.256,0
31,22000.0,1.3,7700.0,0.3,1,5900.0,0,135000.0,60,medical,0.46,1
53,31300.0,1.2,20800.0,0.2,0,3300.0,0,207000.0,60,vehicle,0.784,0
58,32500.0,4.4,10400.0,2.7,0,32300.0,0,210000.0,24,education,0.611,0
47,58700.0,2.9,6400.0,0.0,0,10200.0,0,119000.0,36,business,0.17,0
54,34600.0,14.9,3800.0,4.5,1,38100.0,0,117000.0,48,vehicle,0.186,0
35,32800.0,2.2,15100.0,0.1,3,4300.0,0,180000.0,12,business,0.954,1
52,44300.0,7.1,20800.0,14.5,0,3200.0,0,248000.0,36,personal,0.637,1
41,43500.0,4.4,19800.0,8.5,1,19700.0,0,93000.0,36,personal,0.519,0
25,30800.0,0.3,4500.0,6.8,1,4400.0,1,272000.0,36,personal,0.411,1
26,47900.0,0.4,22700.0,6.7,0,4100.0,0,153000.0,36,business,0.57,1
58,37000.0,1.1,12000.0,7.2,0,24900.0,0,128000.0,48,vehicle,0.402,0
42,30700.0,0.8,1400.0,2.3,1,6600.0,0,220000.0,24,vehicle,0.368,0
38,32100.0,2.0,10700.0,6.3,2,20300.0,0,182000.0,36,medical,0.503,1
34,61500.0,4.3,11900.0,1.8,2,1300.0,0,51000.0,36,medical,0.218,0
30,32600.0,4.6,4600.0,7.5,0,2600.0,0,400000.0,24,vehicle,0.693,1
33,45100.0,4.4,4400.0,3.8,1,16100.0,0,132000.0,12,education,0.361,0
51,22500.0,0.6,5600.0,1.8,0,7700.0,0,177000.0,36,vehicle,0.485,0
50,66300.0,4.6,14600.0,5.5,2,7900.0,0,220000.0,48,home_improvement,0.295,0
23,30900.0,2.6,7800.0,1.1,0,2800.0,0,149000.0,36,home_improvement,0.397,0
50,48100.0,11.7,2600.0,13.4,0,15200.0,0,91000.0,12,education,0.224,0
26,35800.0,12.2,11900.0,4.4,1,104900.0,0,232000.0,24,personal,0.624,1
49,47800.0,7.3,18500.0,2.1,0,15900.0,0,169000.0,48,personal,0.467,0
28,49000.0,6.1,19900.0,3.2,2,11200.0,0,356000.0,24,personal,0.733,1
64,37600.0,0.6,15600.0,5.4,0,24200.0,0,80000.0,12,business,0.606,0
63,17300.0,0.4,7500.0,6.4,2,1800.0,0,160000.0,12,vehicle,1.266,1
64,65600.0,9.2,28400.0,14.7,1,32700.0,1,141000.0,36,home_improvement,0.497,1
53,37700.0,2.8,12900.0,0.9,2,152000.0,0,718000.0,48,vehicle,0.771,1
37,47400.0,3.0,39200.0,2.8,0,4500.0,0,93000.0,24,medical,0.915,1
31,54800.0,9.4,17300.0,0.4,2,25800.0,1,147000.0,60,home_improvement,0.364,0
33,32700.0,4.9,11600.0,0.3,3,8100.0,0,184000.0,24,personal,0.608,0
31,50700.0,1.0,30700.0,0.4,1,38500.0,0,226000.0,24,personal,0.806,0
51,28700.0,1.2,9100.0,1.2,0,21100.0,1,54000.0,36,education,0.374,0
48,47800.0,0.0,15400.0,4.8,1,3900.0,1,171000.0,12,personal,0.644,1
64,40500.0,6.2,2100.0,7.9,1,65200.0,0,157000.0,24,home_improvement,0.226,0
26,33200.0,3.3,6900.0,2.3,2,20400.0,0,161000.0,36,business,0.353,0
61,41000.0,15.0,4900.0,3.2,4,5800.0,0,357000.0,12,vehicle,0.903,0
36,25000.0,6.3,4800.0,0.9,2,3900.0,1,126000.0,36,personal,0.343,1
24,46100.0,0.5,14600.0,6.3,3,3300.0,0,190000.0,36,medical,0.44,1
55,48300.0,0.9,4600.0,8.8,2,13700.0,0,120000.0,24,personal,0.207,0
46,46900.0,3.5,4200.0,2.7,0,16300.0,0,155000.0,48,vehicle,0.164,0
32,78900.0,12.9,9400.0,0.7,1,1500.0,0,175000.0,24,personal,0.219,0
31,38500.0,1.4,12700.0,0.0,1,12600.0,0,237000.0,60,business,0.441,0
57,39700.0,8.7,6200.0,3.1,1,5700.0,0,60000.0,48,medical,0.19,0
45,23700.0,1.9,7100.0,2.8,5,5500.0,0,563000.0,24,business,1.369,1
38,81400.0,1.6,40800.0,10.4,1,9400.0,0,144000.0,12,vehicle,0.66,0
39,20500.0,11.6,7300.0,0.1,2,45800.0,0,46000.0,12,medical,0.558,1
43,44500.0,0.2,3800.0,0.6,2,178700.0,0,517000.0,48,personal,0.347,0
58,30400.0,5.4,4700.0,0.9,1,4500.0,0,180000.0,36,home_improvement,0.332,0
38,41300.0,0.2,6200.0,3.2,2,12800.0,0,191000.0,24,home_improvement,0.358,0
46,22300.0,8.1,5000.0,1.3,1,5900.0,0,79000.0,24,personal,0.384,0
26,59900.0,8.8,10700.0,0.9,3,25800.0,0,53000.0,24,home_improvement,0.218,0
24,26100.0,11.2,5100.0,2.9,1,7100.0,0,316000.0,12,vehicle,1.285,1
64,67800.0,1.0,28900.0,0.2,1,28300.0,0,245000.0,36,personal,0.535,0
49,26400.0,0.7,8300.0,14.8,0,9500.0,0,205000.0,60,personal,0.454,0
54,62200.0,3.5,9300.0,7.9,2,5000.0,0,83000.0,36,home_improvement,0.19,0
37,27600.0,1.6,7600.0,1.3,0,30200.0,0,111000.0,48,business,0.366,1
63,30400.0,4.7,17900.0,1.6,1,48300.0,0,556000.0,24,medical,1.412,1
63,40100.0,3.6,7700.0,1.1,3,21100.0,0,75000.0,24,personal,0.276,0
36,27400.0,0.8,3200.0,10.5,1,8900.0,0,68000.0,24,business,0.228,0
22,27000.0,6.7,7400.0,4.2,0,28800.0,0,195000.0,24,medical,0.599,0
54,27500.0,8.1,200.0,2.9,1,42300.0,0,196000.0,24,home_improvement,0.328,0
28,46300.0,16.5,11800.0,2.8,0,23500.0,0,147000.0,36,personal,0.35,0
33,40100.0,2.5,10500.0,0.7,0,9700.0,0,164000.0,48,home_improvement,0.354,0
62,41100.0,2.1,9900.0,13.1,1,4800.0,0,98000.0,24,vehicle,0.348,0
28,34700.0,1.1,1300.0,9.8,0,8700.0,0,40000.0,36,education,0.072,1
50,51400.0,1.0,23000.0,12.2,0,16800.0,0,120000.0,24,business,0.553,0
52,64400.0,1.9,20200.0,1.4,3,24900.0,0,96000.0,48,personal,0.347,0
56,52000.0,20.0,12500.0,2.6,0,20000.0,0,443000.0,12,home_improvement,1.007,0
50,36500.0,0.5,7400.0,2.9,0,6100.0,0,273000.0,24,vehicle,0.539,1
21,23200.0,1.5,7500.0,2.7,1,32200.0,0,161000.0,36,education,0.531,0
63,16500.0,0.4,4900.0,0.1,1,24100.0,0,71000.0,12,home_improvement,0.684,0
59,39000.0,1.6,9600.0,7.2,2,38300.0,0,47000.0,48,home_improvement,0.273,0
37,16400.0,0.5,8400.0,5.5,2,36900.0,0,194000.0,36,vehicle,0.867,0
40,36700.0,3.5,13000.0,2.6,1,36800.0,0,183000.0,24,home_improvement,0.579,1
44,75400.0,2.9,40900.0,1.2,1,40100.0,0,151000.0,12,vehicle,0.723,1
42,23900.0,1.0,9800.0,4.0,2,11600.0,0,367000.0,24,personal,1.101,1
49,22500.0,1.0,8400.0,0.6,3,1253800.0,0,86000.0,48,personal,0.459,0
42,53500.0,4.9,15700.0,23.6,0,10500.0,0,278000.0,48,personal,0.41,0
64,12000.0,2.4,3900.0,0.5,2,41900.0,0,158000.0,36,personal,0.72,1
29,47700.0,0.3,12000.0,0.2,0,102800.0,0,127000.0,24,education,0.371,1
57,77700.0,12.6,6200.0,3.8,3,17500.0,0,141000.0,24,personal,0.161,0
30,27100.0,2.6,1500.0,2.5,0,15200.0,0,171000.0,36,vehicle,0.245,0
56,25100.0,4.5,800.0,5.1,0,43100.0,0,166000.0,24,home_improvement,0.329,1
57,52300.0,10.8,15400.0,0.5,0,1200.0,0,110000.0,36,medical,0.358,1
48,23700.0,2.6,3100.0,1.8,0,12700.0,0,321000.0,12,medical,1.35,1
48,57800.0,8.6,2400.0,2.8,0,21800.0,0,357000.0,48,business,0.18,0
62,24600.0,12.3,500.0,2.4,2,45900.0,0,122000.0,36,home_improvement,0.169,0
63,88900.0,1.0,16100.0,3.5,0,6100.0,0,143000.0,36,business,0.229,0
41,54100.0,11.2,14000.0,0.4,0,35500.0,0,85000.0,36,personal,0.306,0
44,40800.0,0.6,5900.0,2.8,1,12900.0,0,574000.0,48,personal,0.461,1
62,86700.0,1.6,14400.0,3.2,0,184600.0,1,304000.0,36,personal,0.271,1
60,63800.0,8.3,5300.0,8.5,0,39700.0,0,107000.0,36,medical,0.133,0
22,47400.0,11.5,27000.0,3.4,3,309900.0,0,451000.0,48,personal,0.784,1
28,17400.0,5.8,7200.0,3.2,2,8600.0,0,71000.0,48,home_improvement,0.506,1
47,29300.0,0.6,14400.0,6.7,1,4300.0,0,138000.0,36,business,0.633,1
42,65400.0,3.7,16800.0,0.3,1,6100.0,0,148000.0,36,vehicle,0.325,0
57,22400.0,4.3,8900.0,4.2,0,2600.0,0,128000.0,36,personal,0.569,1
47,28400.0,1.7,7400.0,6.7,2,6900.0,0,88000.0,36,personal,0.354,0
49,25300.0,23.7,6700.0,0.4,1,32700.0,0,230000.0,60,vehicle,0.428,0
23,48100.0,2.0,18800.0,6.7,2,6000.0,1,417000.0,36,personal,0.651,0
64,61900.0,1.2,11800.0,6.2,1,15100.0,0,122000.0,60,vehicle,0.226,0
33,61900.0,0.6,1500.0,0.0,1,11400.0,0,41000.0,48,business,0.039,0
30,27300.0,2.4,9400.0,1.1,4,3200.0,0,79000.0,24,home_improvement,0.475,0
56,47800.0,5.9,22400.0,0.7,1,226000.0,0,194000.0,36,personal,0.59,0
29,26800.0,1.3,5500.0,2.9,0,9700.0,0,93000.0,48,personal,0.283,0
47,36500.0,7.3,2500.0,9.8,1,43800.0,0,92000.0,36,personal,0.144,1
54,50700.0,0.7,11400.0,3.7,2,19800.0,0,155000.0,48,medical,0.294,1
21,64700.0,2.9,30200.0,3.7,1,1700.0,0,153000.0,24,personal,0.573,0
52,15300.0,6.1,4600.0,0.5,1,3900.0,0,67000.0,24,personal,0.498,0
45,42000.0,0.7,2900.0,4.4,1,16100.0,0,197000.0,36,vehicle,0.21,0
49,75600.0,4.6,5800.0,8.8,1,6900.0,0,131000.0,36,personal,0.129,1
27,44600.0,8.0,3000.0,2.2,1,60400.0,0,169000.0,24,personal,0.238,1
23,41700.0,4.5,13900.0,4.6,0,1200.0,0,206000.0,12,home_improvement,0.778,1
40,31200.0,3.6,4900.0,1.4,2,46000.0,0,81000.0,60,personal,0.204,0
40,74700.0,9.1,7700.0,1.3,1,8000.0,0,62000.0,24,personal,0.14,1
50,31800.0,21.1,7100.0,0.8,3,1300.0,0,234000.0,36,vehicle,0.444,1
55,38400.0,1.0,17800.0,1.1,0,7100.0,0,84000.0,48,personal,0.513,1
55,32500.0,5.9,6700.0,1.7,1,23600.0,0,207000.0,36,vehicle,0.397,0
59,42100.0,0.4,6700.0,3.3,3,8000.0,0,116000.0,36,education,0.242,0
47,76200.0,0.2,1600.0,6.1,0,21600.0,0,252000.0,36,personal,0.12,0
46,26700.0,1.6,5700.0,1.4,2,97800.0,0,241000.0,36,medical,0.484,1
34,42200.0,17.7,6600.0,0.7,3,192400.0,0,158000.0,36,personal,0.269,1
37,47900.0,4.0,10300.0,2.4,2,5800.0,0,407000.0,24,business,0.597,1
38,27800.0,1.6,3800.0,6.2,0,51400.0,0,216000.0,60,personal,0.277,0
49,39100.0,0.7,1300.0,2.0,2,10800.0,0,108000.0,24,business,0.158,1
40,92300.0,12.6,3100.0,9.8,1,2300.0,0,378000.0,36,personal,0.156,0
47,18100.0,2.2,2200.0,1.1,0,2300.0,0,137000.0,24,vehicle,0.462,0
38,33200.0,1.8,8800.0,5.7,1,13600.0,1,106000.0,48,personal,0.337,1
24,44900.0,9.8,5900.0,2.5,1,47600.0,0,155000.0,48,home_improvement,0.209,0
21,33900.0,4.6,16900.0,0.5,1,5900.0,0,122000.0,48,home_improvement,0.579,0
21,147100.0,0.9,63300.0,1.3,1,11600.0,0,62000.0,48,home_improvement,0.44,0
46,51400.0,2.7,7900.0,7.8,2,17300.0,0,226000.0,12,personal,0.549,0
40,25100.0,13.2,3600.0,0.0,0,600.0,0,246000.0,12,personal,1.025,0
43,14000.0,11.6,4500.0,5.6,0,25500.0,0,166000.0,60,medical,0.535,0
30,46800.0,0.4,13600.0,6.7,0,35000.0,0,259000.0,24,vehicle,0.54,0
31,28600.0,1.6,2100.0,0.5,0,40700.0,0,268000.0,48,personal,0.284,0
61,71700.0,0.8,18100.0,13.1,0,22000.0,0,285000.0,48,home_improvement,0.342,1
61,35500.0,3.8,8700.0,8.2,4,14300.0,0,110000.0,36,personal,0.338,0
25,31100.0,6.9,7400.0,0.8,0,16600.0,0,195000.0,12,personal,0.802,0
21,30800.0,1.8,11600.0,1.1,0,48200.0,0,115000.0,24,home_improvement,0.545,1
37,62600.0,7.1,6900.0,6.8,0,15300.0,0,73000.0,12,vehicle,0.215,0
42,48400.0,5.5,5800.0,3.2,2,34900.0,0,48000.0,48,education,0.142,0
54,88400.0,6.5,36900.0,10.2,1,13400.0,0,419000.0,36,vehicle,0.56,0
61,36400.0,14.8,13300.0,15.5,0,60100.0,0,157000.0,60,personal,0.443,0
49,59200.0,2.8,14800.0,1.7,0,10100.0,0,84000.0,36,home_improvement,0.293,0
24,59600.0,2.1,30400.0,0.4,2,68200.0,0,80000.0,12,vehicle,0.631,0
25,54400.0,5.8,19300.0,4.9,2,2700.0,0,57000.0,12,home_improvement,0.449,0
31,31900.0,8.2,3300.0,10.3,1,19500.0,0,178000.0,36,vehicle,0.271,0
41,49700.0,1.1,11700.0,0.7,0,59100.0,0,532000.0,36,education,0.557,1
55,38400.0,9.4,5600.0,16.9,3,24100.0,0,109000.0,24,home_improvement,0.274,0
32,38000.0,0.3,3000.0,0.9,2,23700.0,0,110000.0,24,personal,0.209,0
46,27900.0,0.0,8300.0,0.4,0,27400.0,0,67000.0,60,vehicle,0.341,0
39,15500.0,0.9,3800.0,2.7,4,15600.0,0,230000.0,48,home_improvement,0.579,0
27,70400.0,19.2,8700.0,6.6,3,9600.0,0,185000.0,12,business,0.36,0
27,48700.0,3.7,1500.0,1.8,2,25500.0,0,149000.0,48,business,0.1,0
46,21900.0,0.2,4600.0,1.6,1,29100.0,0,208000.0,36,personal,0.495,1
60,55400.0,29.3,8100.0,0.9,1,5600.0,0,65000.0,36,personal,0.181,0
25,71000.0,6.8,26600.0,17.1,1,31200.0,0,50000.0,12,education,0.438,0
41,57000.0,9.1,15900.0,1.7,0,12500.0,0,73000.0,36,personal,0.317,1
34,26900.0,1.2,7500.0,4.4,2,4700.0,0,85000.0,36,vehicle,0.374,0
24,28900.0,0.6,5200.0,0.6,0,50400.0,0,171000.0,12,vehicle,0.712,0
43,31400.0,3.6,10100.0,2.4,1,22900.0,0,103000.0,60,personal,0.381,0
62,59100.0,7.4,17500.0,6.4,1,47700.0,1,386000.0,12,personal,0.884,1
40,49800.0,5.1,12600.0,14.1,3,7500.0,0,414000.0,12,business,1.001,0
35,140900.0,5.0,36400.0,0.8,0,80200.0,0,117000.0,36,personal,0.283,0
49,19200.0,7.1,6700.0,0.4,1,13500.0,0,148000.0,12,personal,1.043,1
28,39200.0,1.3,18100.0,17.5,0,32000.0,0,92000.0,60,personal,0.504,0
61,16900.0,5.4,8000.0,3.2,0,5400.0,0,194000.0,12,personal,1.506,1
39,52500.0,2.5,8900.0,1.7,0,29400.0,0,272000.0,36,home_improvement,0.325,0
59,64900.0,0.4,15900.0,12.9,1,29800.0,0,266000.0,24,medical,0.429,0
48,76800.0,1.1,9500.0,2.0,1,10800.0,1,135000.0,12,vehicle,0.282,1
47,43700.0,7.9,6100.0,1.1,0,4300.0,0,117000.0,48,medical,0.2,0
24,17000.0,11.3,8000.0,6.5,1,30200.0,0,110000.0,36,business,0.665,0
35,39200.0,1.7,8100.0,1.5,0,50600.0,0,407000.0,36,personal,0.518,0
55,48900.0,1.1,14500.0,1.6,1,3500.0,0,118000.0,48,home_improvement,0.351,1
57,25500.0,0.1,7700.0,2.4,1,14700.0,0,272000.0,36,vehicle,0.622,1
21,35600.0,14.8,12500.0,4.7,0,27100.0,0,133000.0,24,vehicle,0.519,0
23,22600.0,5.8,8000.0,7.4,2,4100.0,0,54000.0,24,medical,0.461,0
44,30500.0,15.7,6700.0,1.0,1,86500.0,0,153000.0,48,home_improvement,0.333,0
47,60500.0,10.0,23500.0,1.8,3,46200.0,0,67000.0,48,personal,0.413,0
60,54500.0,2.1,15800.0,2.7,1,31900.0,0,116000.0,12,vehicle,0.481,0
56,21400.0,0.6,5700.0,0.1,1,22000.0,1,96000.0,36,vehicle,0.401,1
54,29200.0,3.5,7600.0,4.8,1,6700.0,1,169000.0,48,education,0.39,0
49,41200.0,0.1,24100.0,3.3,1,9800.0,0,117000.0,12,vehicle,0.841,1
44,44400.0,0.8,22100.0,0.6,3,2300.0,0,97000.0,36,business,0.563,0
44,29800.0,1.3,1700.0,0.6,0,6400.0,1,241000.0,36,medical,0.3,1
62,49700.0,5.5,14500.0,9.0,2,23500.0,0,119000.0,24,vehicle,0.399,0
24,39500.0,3.6,17200.0,4.6,5,17500.0,0,176000.0,36,business,0.569,1
23,12600.0,1.8,1600.0,2.0,1,7400.0,0,172000.0,24,personal,0.741,0
54,31000.0,4.2,4800.0,1.7,1,16900.0,0,99000.0,24,vehicle,0.299,0
43,30600.0,0.7,8800.0,1.5,1,28900.0,0,156000.0,36,home_improvement,0.441,0
43,54500.0,7.0,2500.0,4.3,3,4900.0,0,107000.0,36,business,0.105,0
25,54900.0,6.2,12100.0,0.8,3,83900.0,0,146000.0,36,personal,0.3,0
51,18900.0,1.2,5400.0,17.5,2,12700.0,1,118000.0,60,personal,0.398,0
61,48900.0,4.7,4700.0,4.6,1,17200.0,0,200000.0,60,personal,0.17,0
26,38800.0,3.5,900.0,0.5,0,10500.0,0,223000.0,24,personal,0.282,0
57,42500.0,0.3,12000.0,0.6,1,17200.0,0,56000.0,24,home_improvement,0.342,0
30,30400.0,1.6,8400.0,4.2,1,1300.0,0,88000.0,60,home_improvement,0.328,0
60,39000.0,35.0,13400.0,1.9,1,9200.0,0,93000.0,36,personal,0.415,1
27,67300.0,0.5,9300.0,4.3,0,5100.0,0,133000.0,24,business,0.227,0
59,42200.0,3.5,10300.0,5.1,0,19300.0,0,379000.0,60,personal,0.406,0
58,39400.0,9.5,7400.0,3.1,1,12000.0,0,57000.0,36,vehicle,0.231,0
41,32300.0,1.8,3800.0,1.2,1,4500.0,0,214000.0,48,business,0.267,0
40,64400.0,1.5,26900.0,3.2,1,6000.0,0,274000.0,12,business,0.801,1
23,22600.0,11.1,12600.0,2.2,2,7700.0,0,114000.0,12,home_improvement,1.011,1
42,28000.0,1.8,10000.0,8.8,1,20600.0,0,182000.0,36,home_improvement,0.552,0
24,22000.0,5.3,2300.0,5.4,1,27000.0,0,230000.0,36,vehicle,0.418,0
48,43900.0,6.7,10200.0,3.9,0,3500.0,0,110000.0,36,personal,0.308,0
32,68200.0,7.8,3300.0,0.2,0,50200.0,0,90000.0,36,vehicle,0.088,0
58,34600.0,26.3,4500.0,18.5,0,22700.0,0,565000.0,24,business,0.865,0
56,24800.0,8.1,4400.0,3.3,2,8700.0,0,99000.0,36,vehicle,0.297,0
61,83800.0,5.4,5400.0,1.2,1,7600.0,0,171000.0,48,vehicle,0.11,1
25,49200.0,11.3,13400.0,3.6,0,20500.0,1,86000.0,48,personal,0.312,0
33,45500.0,11.8,9600.0,6.8,3,35300.0,0,283000.0,24,home_improvement,0.491,0
43,36800.0,18.1,9400.0,3.1,1,95300.0,0,49000.0,48,home_improvement,0.285,0
50,54200.0,7.5,20100.0,6.0,1,17400.0,0,146000.0,36,vehicle,0.452,0
57,45200.0,1.1,17100.0,2.1,0,69800.0,0,127000.0,12,vehicle,0.631,0
45,32300.0,6.2,4000.0,3.6,4,50600.0,0,147000.0,48,personal,0.226,0
47,34800.0,0.4,7000.0,2.2,2,43800.0,0,450000.0,12,personal,1.365,1
34,25400.0,1.9,5300.0,3.0,0,16700.0,0,176000.0,12,home_improvement,0.832,1
56,24000.0,0.6,6300.0,0.7,1,17600.0,0,52000.0,48,medical,0.311,0
59,35100.0,15.0,10900.0,3.7,2,37400.0,0,115000.0,36,personal,0.409,0
36,67500.0,2.1,25700.0,15.4,1,9600.0,0,117000.0,24,home_improvement,0.459,0
42,25200.0,6.2,11600.0,5.8,1,105100.0,0,401000.0,48,vehicle,0.818,0
41,58500.0,4.2,16200.0,1.5,0,35000.0,0,130000.0,48,personal,0.327,0
41,28000.0,0.6,6900.0,8.0,0,2600.0,0,126000.0,24,personal,0.449,0
28,18000.0,4.1,3300.0,9.0,0,6600.0,0,240000.0,24,vehicle,0.783,1
36,51300.0,5.4,20700.0,0.8,2,34000.0,1,1014000.0,48,vehicle,0.848,1
51,83500.0,10.7,7900.0,0.2,5,74000.0,0,43000.0,48,medical,0.106,0
62,27300.0,0.4,5100.0,3.4,0,77600.0,1,112000.0,36,personal,0.31,1
30,19800.0,1.8,3500.0,2.6,1,15600.0,1,89000.0,24,vehicle,0.379,1
52,49300.0,5.9,11300.0,5.0,0,17100.0,0,116000.0,36,business,0.3,0
54,26500.0,0.2,7400.0,1.4,1,19100.0,0,166000.0,36,home_improvement,0.467,0
29,51100.0,1.1,1700.0,1.9,1,64000.0,0,544000.0,60,home_improvement,0.225,0
37,67400.0,1.2,2100.0,1.2,2,4400.0,0,348000.0,36,medical,0.186,0
31,46600.0,5.5,12900.0,1.4,3,35800.0,0,114000.0,36,medical,0.35,0
52,57800.0,1.7,29400.0,0.0,0,117400.0,0,359000.0,24,home_improvement,0.788,0
30,58000.0,4.6,16800.0,2.9,1,38800.0,0,245000.0,36,personal,0.416,0
42,62700.0,16.8,7300.0,2.6,0,8900.0,0,352000.0,36,vehicle,0.285,0
37,41000.0,7.9,12500.0,1.8,2,20000.0,0,396000.0,36,personal,0.595,0
24,57000.0,2.0,28100.0,3.1,0,48300.0,0,62000.0,60,home_improvement,0.513,0
45,43200.0,3.2,4700.0,2.0,2,6200.0,1,110000.0,48,vehicle,0.166,0
41,47900.0,1.1,2300.0,2.3,0,6100.0,0,198000.0,12,medical,0.42,1
57,158500.0,0.1,32800.0,0.0,3,500.0,0,143000.0,60,business,0.223,0
58,44700.0,1.7,6000.0,0.3,1,75800.0,0,234000.0,24,vehicle,0.37,0
21,20500.0,2.3,3600.0,0.7,1,33200.0,0,87000.0,36,vehicle,0.303,0
45,36700.0,4.2,13600.0,0.8,2,31600.0,0,206000.0,36,home_improvement,0.539,0
56,34900.0,14.4,7000.0,2.4,1,8100.0,0,133000.0,12,home_improvement,0.544,0
37,35600.0,14.8,14200.0,8.3,2,2700.0,0,169000.0,60,education,0.484,1
61,61600.0,0.4,4200.0,2.1,0,5300.0,0,513000.0,36,business,0.318,1
44,66800.0,4.8,24200.0,3.9,0,4200.0,0,160000.0,48,personal,0.416,0
22,38300.0,0.2,8400.0,0.1,2,70600.0,0,229000.0,24,medical,0.488,0
60,21500.0,5.2,8700.0,7.7,1,1100.0,0,132000.0,24,home_improvement,0.681,1
35,42000.0,0.6,9600.0,0.5,1,14700.0,0,49000.0,36,home_improvement,0.264,0
52,31400.0,14.6,4800.0,1.3,0,13300.0,0,161000.0,24,home_improvement,0.384,0
59,44100.0,10.0,17600.0,6.8,0,54900.0,0,232000.0,36,vehicle,0.557,0
26,38000.0,0.1,8900.0,1.2,3,3200.0,0,247000.0,36,vehicle,0.429,0
21,69400.0,7.6,25300.0,1.2,0,1600.0,0,120000.0,36,education,0.416,0
43,45400.0,5.1,28300.0,3.7,0,506200.0,0,105000.0,24,vehicle,0.727,0
59,31500.0,3.4,8600.0,9.3,0,22000.0,0,477000.0,48,medical,0.614,1
37,21500.0,4.6,1100.0,1.0,1,3300.0,0,608000.0,48,vehicle,0.687,1
54,39300.0,5.7,3300.0,3.9,2,28500.0,0,59000.0,48,business,0.118,0
61,39300.0,10.8,7600.0,3.7,1,2100.0,0,179000.0,12,home_improvement,0.603,0
49,35700.0,7.3,9400.0,4.3,0,15500.0,0,222000.0,36,vehicle,0.45,0
29,56900.0,4.3,13000.0,11.7,0,117600.0,0,212000.0,48,personal,0.312,0
33,21500.0,8.7,5600.0,0.7,2,3100.0,0,261000.0,12,home_improvement,1.353,1
26,28500.0,21.7,200.0,4.2,0,22600.0,0,207000.0,24,personal,0.334,1
26,41100.0,1.8,20200.0,0.8,5,9300.0,0,67000.0,36,vehicle,0.54,0
40,31200.0,0.6,13300.0,1.5,1,3900.0,0,153000.0,24,business,0.647,0
23,34200.0,6.6,4100.0,2.0,0,3600.0,0,193000.0,48,education,0.247,0
37,39100.0,19.2,13400.0,7.2,1,10600.0,0,72000.0,36,business,0.398,0
32,54600.0,0.6,7400.0,0.2,2,31700.0,0,84000.0,36,medical,0.182,0
21,38400.0,2.8,4800.0,5.3,2,10300.0,1,78000.0,12,business,0.308,0
37,16500.0,0.3,4900.0,9.7,2,3700.0,0,55000.0,12,education,0.597,0
23,30600.0,7.5,10800.0,0.3,2,12400.0,0,202000.0,36,personal,0.551,0
46,50200.0,14.9,7900.0,6.3,0,1000.0,0,87000.0,48,home_improvement,0.196,0
35,56600.0,3.5,11600.0,0.5,1,2000.0,0,183000.0,12,education,0.496,1
56,58000.0,2.6,12000.0,13.2,1,46800.0,0,107000.0,12,vehicle,0.373,0
52,65900.0,11.9,25700.0,6.8,1,4000.0,0,434000.0,36,vehicle,0.588,0
52,42300.0,0.7,12400.0,4.7,0,49000.0,0,128000.0,36,personal,0.384,1
24,45200.0,11.1,17800.0,3.2,0,226200.0,0,142000.0,24,business,0.535,0
38,25400.0,2.5,6600.0,10.1,5,16800.0,0,139000.0,12,personal,0.752,0
39,15100.0,4.1,4300.0,0.5,1,17700.0,0,116000.0,24,business,0.63,0
63,21200.0,3.8,5800.0,0.5,0,32300.0,0,71000.0,24,personal,0.424,0
55,29300.0,4.8,4900.0,6.9,1,14500.0,0,218000.0,12,vehicle,0.837,0
60,21800.0,14.2,8600.0,2.6,0,51200.0,0,222000.0,36,vehicle,0.7,0
34,35200.0,15.1,10200.0,7.5,2,24300.0,0,83000.0,48,personal,0.343,0
53,32600.0,8.9,7400.0,2.0,0,17500.0,0,153000.0,48,medical,0.333,0
34,61200.0,1.1,42400.0,2.4,0,10500.0,0,398000.0,36,personal,0.888,0
54,25900.0,2.0,4600.0,1.6,3,151100.0,0,255000.0,24,personal,0.621,1
24,42800.0,3.3,6300.0,12.0,0,2300.0,0,217000.0,36,personal,0.299,0
44,33200.0,11.8,1800.0,2.5,0,135800.0,0,99000.0,24,vehicle,0.188,1
49,25500.0,3.7,7000.0,5.6,0,22300.0,0,202000.0,24,vehicle,0.631,0
39,28900.0,19.0,7500.0,4.8,1,6900.0,0,100000.0,12,medical,0.571,0
26,15900.0,20.6,4600.0,1.1,3,4800.0,0,329000.0,12,vehicle,2.151,1
53,56200.0,4.6,11100.0,9.8,2,10800.0,0,157000.0,36,vehicle,0.281,0
60,75400.0,10.5,5000.0,3.1,2,44700.0,0,361000.0,48,personal,0.174,0
39,35600.0,35.0,14500.0,7.7,3,34000.0,0,169000.0,36,personal,0.55,0
21,40700.0,9.5,15500.0,7.1,2,11800.0,0,77000.0,36,vehicle,0.438,1
25,35100.0,5.3,6000.0,0.2,3,4300.0,0,125000.0,36,medical,0.278,1
47,27700.0,9.3,16800.0,3.9,3,2000.0,0,67000.0,24,home_improvement,0.715,0
36,55100.0,0.4,12600.0,6.2,1,11700.0,0,74000.0,60,home_improvement,0.253,0
26,46300.0,5.0,8600.0,9.5,1,15900.0,1,88000.0,48,medical,0.229,1
60,12000.0,1.2,1600.0,2.8,1,73300.0,1,103000.0,48,education,0.326,0
33,25200.0,0.6,4600.0,5.6,1,1400.0,0,199000.0,36,medical,0.419,0
55,15900.0,11.2,900.0,14.0,1,42800.0,0,155000.0,24,medical,0.495,0
39,80800.0,5.1,4500.0,7.0,2,32600.0,0,82000.0,36,home_improvement,0.086,0
32,37100.0,1.4,1300.0,7.7,1,6300.0,0,160000.0,24,personal,0.229,0
36,44700.0,2.4,3200.0,2.1,1,2000.0,0,108000.0,24,business,0.18,0
63,34200.0,18.1,4800.0,0.4,0,17000.0,0,77000.0,12,education,0.343,0
30,65900.0,9.9,4000.0,13.5,1,87400.0,0,233000.0,24,personal,0.22,0
45,59100.0,0.1,8200.0,4.8,1,1100.0,0,103000.0,36,home_improvement,0.191,0
40,36400.0,19.5,9700.0,0.8,1,140100.0,0,234000.0,48,vehicle,0.411,0
51,87000.0,2.3,29600.0,14.6,3,126200.0,1,231000.0,60,business,0.388,0
24,43600.0,5.9,25700.0,5.0,1,17100.0,1,161000.0,36,personal,0.7,1
64,20800.0,6.2,6000.0,0.4,3,3000.0,0,823000.0,36,personal,1.475,1
43,42000.0,12.1,8900.0,0.7,2,36300.0,1,155000.0,60,education,0.278,0
22,50700.0,10.8,8700.0,8.0,1,1300.0,0,138000.0,36,vehicle,0.253,0
42,37800.0,1.7,11300.0,12.3,4,3400.0,0,81000.0,48,vehicle,0.347,0
57,33400.0,5.2,7600.0,1.8,2,31300.0,1,373000.0,48,home_improvement,0.479,1
28,88800.0,2.5,62200.0,2.1,1,18200.0,0,252000.0,24,business,0.828,1
27,23500.0,3.7,5200.0,2.0,2,4300.0,0,242000.0,48,home_improvement,0.453,1
34,12000.0,4.0,5300.0,7.2,2,33700.0,0,95000.0,48,vehicle,0.62,1
23,83200.0,2.5,4600.0,2.4,2,21700.0,0,217000.0,12,personal,0.29,0
36,23100.0,3.1,5700.0,1.9,0,7200.0,0,145000.0,60,personal,0.36,0
39,35300.0,1.2,12400.0,3.9,2,8800.0,0,219000.0,24,business,0.63,0
38,33900.0,4.7,11400.0,2.7,0,10400.0,0,162000.0,48,personal,0.444,0
36,69900.0,7.1,8000.0,3.0,1,500.0,0,165000.0,12,vehicle,0.327,0
28,76500.0,2.8,13000.0,2.1,1,38600.0,0,121000.0,60,personal,0.198,0
53,22400.0,19.0,4600.0,2.5,1,27400.0,0,101000.0,24,business,0.408,0
32,73900.0,0.3,19700.0,0.1,3,7800.0,1,115000.0,48,vehicle,0.302,0
31,73300.0,4.4,14300.0,10.4,0,14300.0,0,287000.0,12,medical,0.547,1
25,40500.0,4.4,27100.0,0.1,2,9200.0,0,432000.0,48,personal,0.909,1
47,61100.0,0.2,18300.0,5.9,3,55800.0,0,265000.0,24,medical,0.495,0
32,63900.0,1.3,1700.0,1.4,1,5700.0,0,306000.0,48,vehicle,0.134,1
37,35800.0,11.8,8300.0,0.5,0,29700.0,0,77000.0,36,business,0.296,1
26,37400.0,3.9,5100.0,3.8,2,8000.0,0,205000.0,60,personal,0.235,0
53,52300.0,2.9,16900.0,4.9,0,28100.0,0,88000.0,36,vehicle,0.374,0
25,19300.0,2.7,6600.0,4.0,2,7900.0,0,141000.0,48,home_improvement,0.506,0
48,34200.0,11.0,16400.0,3.4,1,9800.0,0,171000.0,36,personal,0.63,0
34,23400.0,2.3,2700.0,3.1,2,3400.0,0,139000.0,36,home_improvement,0.294,0
25,76200.0,9.8,23100.0,3.1,0,21700.0,0,381000.0,48,personal,0.416,0
53,34000.0,1.8,10600.0,8.0,2,8000.0,0,72000.0,24,home_improvement,0.407,1
61,45500.0,3.8,5500.0,0.4,0,31500.0,0,41000.0,48,education,0.141,0
39,36400.0,0.8,20100.0,0.7,1,68300.0,0,81000.0,36,personal,0.619,0
42,35300.0,8.7,11100.0,6.7,0,16100.0,0,134000.0,24,business,0.485,0
25,44100.0,6.7,8000.0,1.4,2,2700.0,0,236000.0,60,vehicle,0.278,0
22,28900.0,3.8,13900.0,5.9,0,5700.0,0,188000.0,24,business,0.774,0
50,36700.0,0.1,12000.0,1.7,2,44400.0,0,324000.0,24,business,0.724,1
59,36600.0,3.3,3800.0,10.4,0,22800.0,0,48000.0,36,vehicle,0.143,0
24,33200.0,1.3,6800.0,1.3,0,4700.0,0,249000.0,48,personal,0.374,0
53,47900.0,2.7,6800.0,2.2,2,76100.0,0,196000.0,36,medical,0.265,0
33,32800.0,9.7,3800.0,0.7,1,45100.0,1,150000.0,24,business,0.322,1
40,82900.0,7.3,17200.0,4.4,2,43500.0,0,151000.0,36,business,0.262,0
27,53300.0,1.4,4100.0,2.1,1,9200.0,0,248000.0,48,education,0.182,0
35,21900.0,21.0,10400.0,11.3,0,243000.0,0,286000.0,48,personal,0.769,1
43,51400.0,11.7,700.0,0.1,1,12600.0,0,137000.0,36,home_improvement,0.094,0
34,29400.0,3.8,9000.0,2.0,4,28200.0,0,227000.0,36,vehicle,0.538,0
43,42700.0,3.8,13200.0,0.1,0,16700.0,1,85000.0,24,business,0.399,0
39,28900.0,11.6,10900.0,1.6,0,1100.0,0,383000.0,12,home_improvement,1.57,1
49,15000.0,5.1,6300.0,1.9,2,7600.0,0,201000.0,24,business,1.023,1
40,39700.0,3.8,19400.0,1.2,1,22200.0,0,125000.0,12,vehicle,0.772,0
49,21000.0,6.9,4500.0,1.2,2,44700.0,0,392000.0,24,personal,1.054,0
44,48500.0,1.3,11600.0,1.2,0,1200.0,0,280000.0,36,personal,0.412,0
38,43400.0,10.5,7600.0,1.2,1,9100.0,0,212000.0,60,personal,0.263,0
30,30600.0,3.8,2900.0,1.3,1,50800.0,0,88000.0,48,business,0.159,0
61,91300.0,4.6,19900.0,7.6,1,3900.0,0,85000.0,48,home_improvement,0.239,0
28,23000.0,0.5,6600.0,0.2,0,15800.0,0,99000.0,60,medical,0.364,0
46,30300.0,1.9,6300.0,18.0,0,12000.0,0,153000.0,24,vehicle,0.435,1
49,24200.0,2.8,1100.0,1.3,1,11400.0,0,166000.0,12,vehicle,0.663,0
30,100600.0,2.7,22000.0,0.1,1,3900.0,0,343000.0,36,vehicle,0.321,0
37,73800.0,7.5,20800.0,0.8,0,29700.0,0,41000.0,24,vehicle,0.307,0
22,21200.0,1.7,3300.0,11.4,2,7300.0,0,122000.0,36,vehicle,0.328,0
26,27700.0,1.0,11100.0,24.0,0,9300.0,0,230000.0,36,vehicle,0.65,1
25,28100.0,4.4,12800.0,1.1,1,66500.0,0,143000.0,48,home_improvement,0.57,1
48,31300.0,4.8,13200.0,1.0,3,8200.0,0,214000.0,48,business,0.576,1
61,25100.0,0.6,4400.0,7.2,0,35100.0,0,76000.0,36,personal,0.266,0
25,30600.0,0.0,9700.0,9.8,2,3700.0,0,178000.0,24,business,0.579,0
38,63100.0,12.5,14600.0,4.2,1,71300.0,0,86000.0,48,medical,0.262,0
46,96400.0,0.4,4700.0,11.0,4,5500.0,0,204000.0,24,vehicle,0.144,0
40,20000.0,11.4,2300.0,12.0,3,5400.0,0,161000.0,48,personal,0.296,0
61,25100.0,2.5,8400.0,5.7,0,10900.0,0,97000.0,36,personal,0.451,0
47,44200.0,5.3,10600.0,1.7,1,11700.0,0,93000.0,36,education,0.303,0
32,19700.0,1.0,7400.0,0.6,1,213400.0,0,231000.0,24,personal,0.903,0
27,44700.0,8.7,3000.0,2.9,2,6700.0,1,149000.0,36,home_improvement,0.167,0
23,51200.0,1.0,9700.0,1.4,0,12700.0,0,313000.0,48,personal,0.327,0
30,55000.0,2.4,13500.0,0.5,0,10100.0,0,150000.0,36,personal,0.327,0
54,50500.0,1.4,17200.0,2.0,1,12200.0,0,186000.0,24,business,0.506,0
45,31500.0,9.1,12200.0,2.6,2,96100.0,0,214000.0,24,home_improvement,0.693,1
55,37000.0,9.8,5200.0,4.3,1,14100.0,0,367000.0,36,personal,0.438,0
36,23600.0,2.3,4400.0,1.0,1,4800.0,0,213000.0,24,personal,0.593,0
22,49500.0,1.8,3100.0,8.1,2,2900.0,0,209000.0,36,business,0.189,0
44,82600.0,7.4,21400.0,0.8,1,143300.0,0,134000.0,36,personal,0.308,1
30,49400.0,10.5,2500.0,23.6,1,17200.0,0,222000.0,24,personal,0.253,0
58,29400.0,4.9,5500.0,3.3,1,30300.0,1,160000.0,48,personal,0.31,1
42,62800.0,13.1,6000.0,0.6,2,23200.0,1,315000.0,48,home_improvement,0.208,0
46,116400.0,2.4,23300.0,7.2,1,8700.0,0,198000.0,48,vehicle,0.238,0
63,44800.0,0.8,16900.0,1.2,1,9800.0,0,174000.0,48,vehicle,0.465,0
59,51500.0,1.0,3500.0,0.8,0,8300.0,0,139000.0,36,home_improvement,0.149,0
47,54400.0,5.5,16100.0,0.6,1,5100.0,0,209000.0,48,education,0.382,0
49,19500.0,2.6,2100.0,3.2,1,10900.0,0,256000.0,36,home_improvement,0.502,1
58,33400.0,0.8,15200.0,8.5,1,11400.0,1,224000.0,60,vehicle,0.576,1
40,31800.0,1.7,9300.0,9.1,1,800.0,0,92000.0,36,business,0.379,0
47,58400.0,3.8,13600.0,6.2,3,24700.0,0,150000.0,48,business,0.291,0
61,55500.0,0.6,4100.0,3.5,0,5700.0,0,319000.0,24,medical,0.333,0
40,38000.0,0.0,500.0,3.0,1,80900.0,0,95000.0,12,vehicle,0.238,0
64,31000.0,12.5,5500.0,1.9,1,62900.0,0,383000.0,48,personal,0.455,0
39,18800.0,1.8,8300.0,0.2,1,17500.0,0,214000.0,36,personal,0.783,1
40,39900.0,1.3,7000.0,7.2,1,600.0,0,136000.0,36,personal,0.278,1
55,26100.0,6.0,4100.0,30.0,2,52100.0,0,247000.0,60,education,0.327,0
22,24700.0,9.6,3400.0,10.1,2,16400.0,0,112000.0,48,personal,0.24,0
50,60900.0,5.0,23700.0,10.8,3,3700.0,0,194000.0,12,personal,0.676,1
54,58100.0,1.5,6700.0,1.6,3,50500.0,0,142000.0,12,home_improvement,0.335,1
42,32200.0,9.9,9600.0,0.4,2,500.0,0,171000.0,36,home_improvement,0.457,0
23,19800.0,3.6,5800.0,8.2,4,9400.0,1,133000.0,36,personal,0.494,1
26,27700.0,2.4,9800.0,5.8,1,95400.0,0,62000.0,12,education,0.555,0
35,62800.0,4.6,21700.0,2.0,1,31100.0,0,147000.0,12,home_improvement,0.556,1
47,49500.0,6.0,7800.0,7.2,1,17100.0,0,180000.0,24,vehicle,0.321,0
30,32500.0,4.5,7300.0,0.6,2,12800.0,0,199000.0,36,personal,0.408,0
29,41200.0,12.6,17300.0,4.2,0,14400.0,0,389000.0,48,personal,0.632,1
53,15800.0,4.9,4300.0,12.3,0,106300.0,0,577000.0,48,vehicle,1.094,1
52,15200.0,10.5,5200.0,9.7,1,700.0,0,111000.0,36,education,0.561,0
26,97700.0,4.4,35100.0,5.7,4,25100.0,0,139000.0,12,vehicle,0.487,0
61,50400.0,2.0,17000.0,1.2,0,12400.0,0,202000.0,24,personal,0.518,0
56,40200.0,3.8,5100.0,0.4,1,16400.0,0,650000.0,48,home_improvement,0.491,0
22,33600.0,0.5,18500.0,1.6,1,1400.0,0,558000.0,60,business,0.849,0
49,18200.0,1.3,2900.0,3.8,0,19500.0,0,198000.0,24,education,0.649,1
24,62800.0,7.3,8100.0,1.5,0,4500.0,0,93000.0,12,medical,0.262,0
21,24100.0,5.4,6800.0,2.1,1,46500.0,0,69000.0,24,personal,0.411,1
39,55100.0,0.9,18800.0,2.1,4,6600.0,0,72000.0,48,home_improvement,0.371,0
46,42600.0,2.9,15000.0,1.6,2,1300.0,0,255000.0,24,business,0.621,1
45,39200.0,0.8,5400.0,10.3,0,2300.0,0,207000.0,12,personal,0.613,0
30,22300.0,9.7,8800.0,1.5,1,5300.0,1,279000.0,36,medical,0.77,1
35,22500.0,0.6,6600.0,20.2,0,46200.0,0,323000.0,48,personal,0.616,1
42,47800.0,5.3,2800.0,0.9,2,7900.0,0,258000.0,36,personal,0.22,0
41,41600.0,4.7,13800.0,8.2,4,31100.0,1,229000.0,48,personal,0.456,1
42,41000.0,3.2,19900.0,5.3,2,3800.0,0,260000.0,48,personal,0.628,1
56,45600.0,1.6,16800.0,4.4,1,38900.0,0,84000.0,24,education,0.451,0
54,16800.0,2.6,11300.0,2.4,2,34300.0,0,334000.0,36,medical,1.269,1
50,63400.0,8.2,6900.0,6.8,1,25700.0,0,159000.0,48,home_improvement,0.165,1
45,34200.0,7.2,3200.0,2.7,0,8600.0,0,276000.0,12,vehicle,0.82,0
48,67900.0,6.7,22200.0,0.6,2,8700.0,0,210000.0,48,personal,0.397,1
21,16300.0,6.9,3300.0,1.3,2,5700.0,0,326000.0,48,personal,0.652,0
24,51800.0,0.8,24300.0,0.8,0,25200.0,0,318000.0,36,home_improvement,0.653,1
27,51600.0,0.5,8500.0,3.4,2,16300.0,0,229000.0,12,personal,0.564,0
29,20600.0,9.9,4700.0,4.3,1,49300.0,0,279000.0,12,medical,1.447,1
56,30100.0,9.1,9300.0,1.6,0,1900.0,0,540000.0,24,personal,1.116,1
39,24900.0,5.7,400.0,0.2,0,14700.0,0,224000.0,24,personal,0.421,1
21,59200.0,4.7,33300.0,4.3,0,33600.0,0,67000.0,24,business,0.613,0
30,46100.0,2.3,6600.0,0.3,0,13300.0,0,261000.0,24,business,0.398,1
56,82400.0,1.3,18600.0,13.5,1,6100.0,0,129000.0,12,vehicle,0.367,0
29,44000.0,5.5,7400.0,8.7,1,15100.0,0,319000.0,12,personal,0.821,1
62,55800.0,12.2,7600.0,7.1,0,32600.0,0,204000.0,36,education,0.246,0
52,68000.0,2.9,25400.0,1.8,2,26400.0,0,122000.0,36,personal,0.427,0
52,51500.0,1.8,23300.0,5.5,0,35700.0,0,244000.0,36,personal,0.595,0
26,33800.0,1.6,9000.0,0.2,0,7100.0,0,404000.0,60,personal,0.481,1
58,31100.0,0.1,4800.0,0.4,1,12400.0,0,144000.0,12,medical,0.571,0
37,38700.0,3.7,11200.0,2.7,0,72200.0,0,74000.0,36,personal,0.347,1
30,57400.0,22.2,23700.0,3.5,0,1500.0,0,217000.0,36,education,0.526,0
47,28400.0,8.4,4500.0,5.8,0,237300.0,0,166000.0,36,personal,0.334,0
55,53800.0,11.4,6800.0,1.4,1,2800.0,0,112000.0,36,vehicle,0.189,0
41,46400.0,4.9,8900.0,3.1,1,9900.0,0,80000.0,24,personal,0.269,0
45,22800.0,3.3,5700.0,0.3,1,4700.0,0,80000.0,48,personal,0.329,0
48,52700.0,23.3,22100.0,2.5,2,19200.0,0,231000.0,24,education,0.617,1
35,42800.0,3.0,15600.0,4.4,3,17700.0,0,142000.0,24,medical,0.514,0
24,31300.0,12.4,4600.0,18.3,0,25900.0,0,75000.0,24,business,0.255,1
49,42500.0,7.2,5400.0,5.8,4,16300.0,0,527000.0,12,home_improvement,1.243,1
29,31900.0,2.0,5100.0,21.6,2,7500.0,0,185000.0,24,home_improvement,0.421,0
47,44900.0,3.5,2800.0,2.8,0,17800.0,0,223000.0,60,education,0.152,0
46,37200.0,2.4,12100.0,2.3,0,35900.0,0,203000.0,60,business,0.423,0
39,20200.0,0.7,2700.0,7.2,3,8100.0,0,168000.0,36,medical,0.383,0
48,37700.0,2.2,7300.0,2.5,0,12800.0,0,45000.0,36,vehicle,0.229,0
37,32900.0,11.0,9900.0,5.6,0,13300.0,1,152000.0,36,vehicle,0.44,0
63,53400.0,7.0,5900.0,20.8,2,22000.0,0,318000.0,36,personal,0.289,0
61,59600.0,1.6,15900.0,5.2,0,12600.0,0,145000.0,36,home_improvement,0.34,0
62,31900.0,2.3,17000.0,0.1,0,41700.0,0,85000.0,36,personal,0.613,0
40,28100.0,4.8,12200.0,0.8,2,4000.0,0,146000.0,48,home_improvement,0.551,0
60,18800.0,2.7,6300.0,1.3,1,10000.0,0,413000.0,48,vehicle,0.829,0
59,27800.0,3.5,4600.0,6.9,1,8000.0,1,182000.0,36,vehicle,0.362,0
43,34700.0,6.0,14500.0,10.8,1,41800.0,0,51000.0,36,home_improvement,0.462,0
52,22000.0,3.1,800.0,4.2,0,17600.0,0,88000.0,24,personal,0.216,0
53,60000.0,1.1,22700.0,0.4,0,13300.0,0,55000.0,24,vehicle,0.42,1
25,45200.0,3.7,7300.0,2.8,0,54500.0,0,137000.0,36,home_improvement,0.252,0
63,38000.0,2.2,20800.0,7.8,2,41300.0,0,613000.0,36,vehicle,1.031,1
54,39800.0,1.7,16900.0,1.8,2,4200.0,0,165000.0,48,personal,0.518,0
60,46100.0,2.0,18800.0,0.3,1,4700.0,0,92000.0,24,vehicle,0.498,1
31,53400.0,2.9,25900.0,6.0,0,33300.0,0,284000.0,24,medical,0.724,0
23,57800.0,10.9,22700.0,4.3,0,2000.0,0,69000.0,60,personal,0.414,0
53,34900.0,6.6,1400.0,2.5,2,16500.0,0,198000.0,12,personal,0.551,1
31,37700.0,5.5,11500.0,7.6,2,22000.0,0,77000.0,24,home_improvement,0.397,0
36,43400.0,3.2,3200.0,7.6,2,39800.0,0,367000.0,48,personal,0.264,1
38,37000.0,0.0,12000.0,4.8,2,2600.0,0,143000.0,36,home_improvement,0.44,0
50,59400.0,2.1,8900.0,11.4,0,10300.0,0,106000.0,12,personal,0.31,0
30,69700.0,8.4,22700.0,2.4,1,3600.0,0,137000.0,36,personal,0.385,0
38,46900.0,2.5,4400.0,5.2,0,9300.0,0,153000.0,24,vehicle,0.241,1
58,26700.0,4.1,1400.0,7.1,1,23400.0,0,98000.0,24,home_improvement,0.218,0
39,50500.0,1.1,3500.0,4.0,1,5200.0,0,40000.0,24,medical,0.105,0
56,47700.0,12.4,4000.0,3.2,1,15200.0,0,199000.0,24,personal,0.272,0
33,25700.0,12.8,11700.0,5.3,1,10300.0,0,239000.0,60,business,0.623,1
23,47700.0,0.8,22100.0,1.8,0,2400.0,0,317000.0,36,vehicle,0.663,1
30,31400.0,6.4,15200.0,1.8,1,10000.0,0,542000.0,24,education,1.261,1
58,56100.0,0.4,13400.0,15.0,2,29500.0,0,331000.0,60,home_improvement,0.345,0
21,50300.0,4.6,6700.0,0.5,0,38200.0,0,229000.0,24,personal,0.338,0
47,44400.0,1.0,11200.0,7.4,2,158100.0,0,375000.0,60,personal,0.404,0
28,40800.0,0.8,3000.0,6.2,1,12100.0,0,123000.0,24,home_improvement,0.209,0
62,15400.0,0.0,4000.0,0.2,1,3300.0,0,71000.0,12,home_improvement,0.675,0
37,23200.0,14.1,2900.0,4.9,0,8000.0,1,217000.0,36,education,0.406,1
29,37800.0,8.8,9100.0,0.4,1,5100.0,0,72000.0,60,medical,0.275,0
26,79500.0,0.4,29500.0,0.9,1,10900.0,0,149000.0,48,business,0.413,0
63,51700.0,4.6,16000.0,12.7,0,10100.0,0,132000.0,12,personal,0.539,0
45,90800.0,1.3,40800.0,1.8,2,72900.0,0,178000.0,24,vehicle,0.538,0
59,41700.0,1.5,9100.0,0.2,0,2300.0,0,183000.0,36,personal,0.35,1
48,39600.0,10.4,10000.0,2.9,0,18500.0,0,175000.0,12,medical,0.65,0
53,76200.0,0.6,6300.0,0.9,0,3800.0,0,96000.0,36,home_improvement,0.12,0
57,37400.0,4.6,12000.0,2.2,1,24100.0,0,90000.0,48,personal,0.375,1
29,25700.0,2.6,3800.0,0.4,3,33500.0,0,135000.0,60,home_improvement,0.242,0
38,46300.0,1.1,22200.0,0.4,3,45600.0,0,188000.0,36,vehicle,0.601,0
41,66500.0,3.0,7100.0,2.8,0,4100.0,0,184000.0,36,business,0.19,0
22,27700.0,14.1,4200.0,1.6,2,35900.0,0,71000.0,24,education,0.267,0
63,52300.0,7.6,18000.0,0.7,2,6000.0,0,165000.0,12,education,0.628,0
58,38500.0,0.7,18600.0,3.5,1,22200.0,0,124000.0,36,vehicle,0.58,0
60,49200.0,9.5,11300.0,0.3,3,5800.0,0,155000.0,24,home_improvement,0.371,1
56,46200.0,13.9,10900.0,5.6,0,14700.0,0,229000.0,48,personal,0.347,0
63,33300.0,1.6,3500.0,0.2,2,17900.0,0,193000.0,36,vehicle,0.279,1
57,38300.0,2.0,3100.0,14.1,3,86400.0,0,149000.0,24,home_improvement,0.256,0
35,34200.0,0.7,6000.0,5.3,1,1500.0,0,142000.0,36,personal,0.3,0
48,42300.0,2.1,6000.0,9.1,0,90300.0,0,50000.0,24,business,0.195,0
38,27400.0,5.6,8600.0,2.3,0,5700.0,0,205000.0,36,home_improvement,0.538,1
54,30500.0,1.6,10700.0,0.2,2,5600.0,0,174000.0,36,personal,0.522,1
42,33300.0,0.0,6100.0,1.0,3,4800.0,0,75000.0,48,personal,0.234,1
31,47900.0,2.1,5300.0,14.2,0,167300.0,0,240000.0,36,medical,0.261,0
33,21200.0,3.0,7000.0,3.9,2,14900.0,0,165000.0,24,personal,0.68,0
24,38200.0,4.2,6300.0,1.0,0,8300.0,1,196000.0,36,home_improvement,0.319,0
42,29200.0,5.8,13700.0,2.6,1,5500.0,0,402000.0,36,vehicle,0.882,1
27,33400.0,0.3,600.0,1.5,1,11400.0,1,247000.0,12,personal,0.684,0
63,29800.0,3.2,2800.0,2.7,2,1500.0,0,216000.0,36,home_improvement,0.311,0
44,43800.0,1.5,3000.0,7.2,0,11900.0,0,103000.0,24,personal,0.174,0
24,37400.0,14.8,8800.0,1.0,1,22200.0,0,131000.0,12,home_improvement,0.551,0
48,55300.0,2.2,2200.0,2.0,1,9400.0,0,120000.0,12,personal,0.235,0
35,48100.0,0.5,26200.0,2.4,1,46900.0,0,222000.0,36,personal,0.683,0
21,20100.0,0.2,11600.0,3.5,1,6300.0,0,264000.0,48,personal,0.873,1
23,26100.0,1.5,4300.0,0.3,3,9600.0,0,133000.0,36,vehicle,0.318,0
34,37100.0,1.0,4500.0,0.9,0,3900.0,0,111000.0,12,medical,0.391,0
58,39400.0,5.2,5400.0,2.0,0,45100.0,0,190000.0,48,vehicle,0.246,0
21,27100.0,9.4,6200.0,6.6,1,4300.0,1,112000.0,36,personal,0.353,1
58,72200.0,1.9,24200.0,0.8,0,73100.0,0,123000.0,60,personal,0.366,0
58,59200.0,4.3,2800.0,8.5,1,5900.0,0,343000.0,60,business,0.152,0
41,19100.0,6.6,1300.0,1.7,2,30000.0,1,82000.0,48,business,0.165,1
49,46900.0,2.5,7800.0,1.2,1,5700.0,0,159000.0,60,medical,0.227,0
25,39300.0,0.3,2800.0,2.1,4,3400.0,0,441000.0,48,vehicle,0.324,0
30,70200.0,1.3,13200.0,3.2,0,16300.0,0,48000.0,60,home_improvement,0.2,0
48,19800.0,10.7,500.0,5.3,1,2700.0,0,123000.0,36,medical,0.212,1
41,101400.0,8.7,38700.0,2.6,0,209100.0,0,188000.0,60,medical,0.415,0
27,27500.0,0.5,7200.0,6.8,1,17900.0,0,503000.0,24,home_improvement,1.085,1
23,47600.0,1.3,11000.0,6.8,0,13200.0,0,82000.0,12,home_improvement,0.386,1
40,30600.0,7.3,6900.0,0.0,0,700.0,0,141000.0,36,vehicle,0.364,0
39,33900.0,3.3,5400.0,6.3,0,18100.0,0,106000.0,24,personal,0.3,0
55,18800.0,7.1,6600.0,2.3,2,33500.0,0,508000.0,36,education,1.162,0
24,68800.0,1.2,12500.0,13.7,1,6500.0,0,136000.0,48,personal,0.226,0
25,35500.0,15.3,8800.0,6.9,0,11800.0,0,104000.0,24,business,0.38,0
21,36700.0,7.7,5800.0,1.9,1,20300.0,0,160000.0,12,home_improvement,0.55,0
24,113600.0,1.1,40200.0,4.0,3,86700.0,0,232000.0,36,home_improvement,0.415,0
32,61800.0,4.1,16800.0,0.9,0,3200.0,0,407000.0,36,education,0.469,0
47,29700.0,0.6,11100.0,1.4,2,52700.0,1,87000.0,36,education,0.462,1
62,30500.0,2.2,9600.0,0.9,0,32500.0,0,298000.0,36,vehicle,0.608,1
43,45100.0,5.4,11100.0,5.6,2,2700.0,1,198000.0,12,vehicle,0.641,1
45,56800.0,2.0,13500.0,0.0,1,1400.0,0,236000.0,36,home_improvement,0.362,1
41,88300.0,5.3,13400.0,2.1,1,4200.0,0,77000.0,36,personal,0.178,0
44,19500.0,1.4,5900.0,7.3,1,7900.0,0,105000.0,24,vehicle,0.545,0
45,55700.0,6.4,7200.0,4.9,0,2700.0,0,98000.0,36,personal,0.182,0
52,59800.0,2.2,38700.0,2.2,0,20400.0,0,111000.0,24,home_improvement,0.731,0
52,28100.0,7.8,8100.0,4.0,3,3500.0,0,276000.0,12,vehicle,1.172,1
25,34100.0,0.7,6200.0,2.3,2,24800.0,0,219000.0,24,vehicle,0.471,0
56,19300.0,2.2,7000.0,7.4,1,8700.0,0,118000.0,36,business,0.546,0
62,32000.0,3.1,1900.0,3.4,3,9800.0,0,49000.0,36,personal,0.105,1
62,44600.0,2.8,14000.0,4.0,0,51200.0,0,126000.0,60,vehicle,0.365,0
59,82200.0,2.8,20200.0,17.9,2,48800.0,1,90000.0,60,business,0.265,0
36,85700.0,2.9,30900.0,5.9,0,31100.0,0,413000.0,24,personal,0.577,1
53,25300.0,22.5,7100.0,1.3,1,3100.0,1,97000.0,36,vehicle,0.396,1
41,77300.0,1.1,25000.0,5.9,0,3400.0,0,245000.0,60,vehicle,0.38,0
29,16700.0,7.3,3600.0,10.6,2,6600.0,0,301000.0,24,education,1.027,1
26,30800.0,4.0,12900.0,1.4,1,126800.0,0,182000.0,60,vehicle,0.525,1
55,35000.0,2.7,3300.0,6.8,0,2900.0,0,103000.0,24,vehicle,0.227,0
59,44900.0,5.0,2600.0,1.1,0,27700.0,0,114000.0,36,personal,0.134,0
42,42100.0,9.6,9100.0,2.3,1,2500.0,0,379000.0,48,medical,0.419,1
61,47300.0,3.1,10200.0,4.7,1,27600.0,0,262000.0,12,business,0.714,1
25,37000.0,10.0,20200.0,1.1,0,5100.0,0,610000.0,60,education,0.843,1
62,61800.0,0.5,9000.0,0.8,1,23900.0,0,89000.0,36,home_improvement,0.189,0
43,54800.0,5.3,13300.0,2.5,0,4400.0,0,221000.0,12,business,0.606,1
37,35200.0,2.0,6700.0,6.1,2,6000.0,0,232000.0,12,personal,0.784,0
32,58600.0,2.4,18000.0,3.6,2,11200.0,0,169000.0,24,business,0.437,0
43,101800.0,4.2,40100.0,4.8,4,5500.0,0,244000.0,60,vehicle,0.437,0
36,29600.0,3.3,9500.0,4.7,1,3600.0,0,217000.0,48,vehicle,0.486,0
23,85300.0,2.4,7900.0,3.1,0,7300.0,1,221000.0,48,vehicle,0.151,0
50,30900.0,1.8,9400.0,1.5,0,17000.0,0,113000.0,24,personal,0.469,0
42,75700.0,4.8,31400.0,2.2,3,400.0,0,83000.0,48,education,0.439,0
29,31400.0,3.5,9900.0,1.9,2,16800.0,0,53000.0,36,vehicle,0.366,0
49,56600.0,2.0,7400.0,0.3,1,1700.0,0,85000.0,60,home_improvement,0.158,0
57,43500.0,1.1,6100.0,9.1,1,19500.0,1,629000.0,24,education,0.791,1
43,18000.0,7.4,3200.0,4.1,5,189800.0,0,120000.0,48,education,0.328,0
33,95000.0,8.0,42800.0,7.8,1,10500.0,0,377000.0,12,personal,0.808,0
52,26800.0,1.2,1300.0,6.0,0,16800.0,0,156000.0,48,personal,0.179,0
43,22700.0,1.5,2700.0,0.3,0,3400.0,0,130000.0,36,personal,0.291,0
37,30100.0,1.4,9500.0,1.0,0,10100.0,0,306000.0,36,home_improvement,0.621,0
60,125400.0,10.8,25400.0,12.0,1,1900.0,0,156000.0,24,home_improvement,0.259,0
41,22800.0,7.4,1400.0,2.5,0,50800.0,0,139000.0,24,medical,0.336,0
22,43500.0,0.4,8000.0,6.7,1,3000.0,0,164000.0,24,education,0.354,0
57,24200.0,8.9,4600.0,3.4,1,10800.0,0,121000.0,24,business,0.415,0
26,26200.0,0.2,1400.0,6.9,1,104400.0,0,372000.0,24,education,0.692,0
64,19500.0,1.5,2900.0,5.3,3,10600.0,0,112000.0,60,personal,0.252,0
38,46300.0,12.6,4600.0,1.3,2,11100.0,0,225000.0,48,home_improvement,0.209,0
50,37300.0,10.0,3400.0,18.9,1,19400.0,0,427000.0,12,vehicle,1.121,0
42,24100.0,7.6,2200.0,2.7,2,74800.0,0,228000.0,24,vehicle,0.517,0
53,59500.0,3.1,13300.0,3.5,1,8900.0,0,193000.0,24,personal,0.369,0
50,62300.0,1.9,12500.0,3.1,1,95000.0,0,99000.0,24,personal,0.272,0
37,48200.0,10.7,9400.0,8.7,1,21400.0,0,117000.0,24,home_improvement,0.304,0
63,68000.0,5.4,16200.0,1.3,3,31000.0,0,294000.0,36,medical,0.368,0
52,34300.0,1.8,4400.0,0.3,2,37200.0,0,63000.0,24,medical,0.211,0
62,46400.0,3.1,10100.0,2.2,1,17200.0,0,556000.0,60,business,0.433,0
34,34400.0,10.7,3900.0,10.0,0,9700.0,0,144000.0,24,vehicle,0.302,0
30,20400.0,11.7,12000.0,2.3,1,10500.0,0,542000.0,48,home_improvement,1.186,1
56,44300.0,5.4,14500.0,1.3,1,5200.0,0,106000.0,48,medical,0.381,1
54,43100.0,6.6,7000.0,3.9,3,4100.0,0,150000.0,60,vehicle,0.225,0
29,39600.0,0.2,18600.0,5.4,0,8000.0,0,98000.0,60,personal,0.514,0
62,47500.0,4.6,26000.0,2.5,1,9100.0,0,73000.0,36,business,0.593,0
48,75800.0,5.8,18400.0,1.9,1,6500.0,0,286000.0,60,personal,0.311,0
31,36600.0,0.1,7200.0,1.8,0,3900.0,0,156000.0,60,business,0.273,0
34,26100.0,9.3,600.0,2.2,1,28900.0,0,397000.0,36,personal,0.479,0
59,35900.0,13.2,21200.0,7.4,1,102200.0,0,209000.0,36,business,0.765,1
39,37700.0,1.4,10100.0,2.6,3,145300.0,0,85000.0,48,business,0.319,0
35,62500.0,9.3,6600.0,1.5,0,29400.0,0,154000.0,36,medical,0.18,1
48,42100.0,5.5,14800.0,0.8,1,2100.0,0,88000.0,60,business,0.389,1
44,23900.0,4.3,4300.0,1.3,0,120500.0,0,207000.0,12,education,0.959,1
28,57700.0,9.3,30500.0,2.5,0,27300.0,0,99000.0,60,home_improvement,0.559,0
63,53700.0,1.7,14600.0,3.2,0,41700.0,0,136000.0,60,business,0.317,0
29,42100.0,7.8,18900.0,3.9,0,68900.0,0,169000.0,60,personal,0.521,0
53,61500.0,1.9,11600.0,0.3,0,82500.0,0,81000.0,36,personal,0.228,0
53,66300.0,7.7,4400.0,3.8,0,15000.0,0,138000.0,12,business,0.254,0
39,33900.0,3.0,4400.0,1.7,0,4700.0,0,375000.0,48,education,0.379,1
23,26800.0,0.6,9200.0,1.2,1,61300.0,1,227000.0,48,medical,0.534,0
30,39900.0,2.4,18100.0,1.6,2,200.0,0,314000.0,24,vehicle,0.808,0
60,51100.0,1.3,7700.0,6.1,1,4400.0,0,80000.0,24,medical,0.221,1
62,38300.0,0.5,9600.0,6.5,0,120200.0,0,133000.0,24,home_improvement,0.407,0
21,25700.0,0.6,9700.0,0.4,3,6000.0,0,97000.0,60,personal,0.445,0
49,43200.0,7.6,12200.0,2.7,2,99700.0,0,221000.0,24,education,0.513,0
54,16100.0,10.7,4500.0,3.0,0,5500.0,0,61000.0,60,personal,0.348,0
33,34700.0,13.1,6300.0,0.1,3,2900.0,0,220000.0,24,personal,0.467,1
21,58900.0,9.6,9000.0,5.1,0,18100.0,0,315000.0,24,personal,0.393,0
54,60300.0,8.9,21500.0,1.8,1,36000.0,0,210000.0,24,vehicle,0.513,0
49,12000.0,0.4,2200.0,2.2,1,7700.0,1,131000.0,48,home_improvement,0.429,1
33,36800.0,7.8,12900.0,3.8,0,21400.0,0,364000.0,24,medical,0.796,0
49,52600.0,7.6,14400.0,2.5,1,20200.0,1,119000.0,36,personal,0.342,0
59,23600.0,0.7,2500.0,5.5,2,19400.0,0,170000.0,12,personal,0.754,1
44,33900.0,5.4,3000.0,3.6,2,446600.0,0,206000.0,60,education,0.198,0
46,69100.0,3.0,9500.0,1.0,2,6300.0,0,85000.0,36,personal,0.174,1
37,32300.0,11.5,9200.0,8.2,1,21500.0,0,415000.0,12,vehicle,1.441,1
27,82400.0,5.9,23100.0,1.0,0,6400.0,0,194000.0,36,home_improvement,0.351,0
33,28800.0,15.1,15700.0,5.0,0,3600.0,0,247000.0,12,personal,1.317,1
25,75700.0,0.6,22100.0,6.3,2,11700.0,0,131000.0,36,business,0.344,0
46,40700.0,0.2,9100.0,4.7,1,1900.0,1,171000.0,36,vehicle,0.35,1
23,27000.0,18.2,4800.0,2.2,1,23200.0,0,183000.0,12,personal,0.788,1
27,75800.0,0.4,48400.0,8.4,2,22000.0,0,163000.0,36,personal,0.703,0
59,23300.0,2.4,700.0,1.6,0,7100.0,0,230000.0,24,personal,0.474,1
21,28100.0,5.2,4500.0,4.6,2,10300.0,0,157000.0,60,education,0.261,0
37,50000.0,10.6,7300.0,8.4,0,60800.0,0,93000.0,36,business,0.202,0
63,41600.0,1.5,15800.0,0.7,0,9500.0,0,112000.0,36,medical,0.461,0
45,45400.0,0.1,13100.0,4.2,1,3900.0,0,92000.0,12,home_improvement,0.471,0
23,34000.0,3.7,6100.0,9.2,2,6200.0,0,174000.0,36,business,0.333,0
35,23400.0,3.2,9800.0,0.4,0,47500.0,0,590000.0,36,personal,1.175,1
49,29900.0,1.8,3400.0,0.6,1,115700.0,0,171000.0,48,personal,0.242,0
63,72700.0,10.4,3800.0,1.9,3,16600.0,0,81000.0,36,medical,0.086,0
52,22000.0,6.9,2400.0,20.7,1,17900.0,0,144000.0,36,personal,0.305,0
46,84100.0,9.8,3400.0,1.0,0,10400.0,0,182000.0,48,personal,0.089,0
36,46300.0,0.9,5000.0,1.6,2,9800.0,0,372000.0,24,vehicle,0.47,0
45,30700.0,5.9,1900.0,7.2,3,4000.0,0,411000.0,60,medical,0.303,0
48,16300.0,18.5,6900.0,0.6,0,13600.0,0,190000.0,60,home_improvement,0.633,0
29,17300.0,4.7,10100.0,22.3,1,9500.0,0,381000.0,48,vehicle,1.079,1
21,34200.0,0.9,2800.0,5.4,2,2200.0,0,79000.0,12,business,0.29,0
49,32400.0,27.3,5500.0,12.8,1,18200.0,0,149000.0,48,personal,0.273,0
42,42300.0,3.8,6900.0,0.6,1,3200.0,0,385000.0,24,home_improvement,0.573,0
36,87000.0,9.2,19000.0,1.1,2,300.0,0,114000.0,12,personal,0.336,0
61,51100.0,0.8,21000.0,1.9,0,11300.0,0,63000.0,36,vehicle,0.448,0
64,37900.0,5.5,2100.0,0.2,1,5900.0,0,104000.0,48,personal,0.117,0
61,69400.0,12.2,23200.0,0.3,1,6600.0,1,247000.0,48,personal,0.414,1
27,43000.0,3.8,9400.0,9.4,1,34000.0,0,104000.0,12,business,0.436,0
34,82400.0,1.7,20900.0,0.2,0,1800.0,0,74000.0,24,personal,0.294,0
49,29700.0,0.7,5200.0,5.5,1,75300.0,0,73000.0,60,medical,0.219,0
39,23900.0,1.8,5000.0,5.1,2,22300.0,0,241000.0,24,home_improvement,0.663,1
39,16300.0,2.2,4900.0,0.3,3,49200.0,0,642000.0,36,personal,1.482,1
22,38300.0,6.2,4700.0,0.8,2,3900.0,0,155000.0,24,personal,0.305,1
61,23000.0,1.0,13100.0,2.4,0,158300.0,0,142000.0,12,personal,1.125,0
35,22900.0,0.6,3600.0,4.1,0,7900.0,0,164000.0,24,home_improvement,0.479,0
23,63900.0,2.4,23100.0,9.0,0,9300.0,0,43000.0,24,home_improvement,0.392,0
31,18500.0,3.1,2600.0,3.0,0,19000.0,0,163000.0,24,vehicle,0.537,0
50,42000.0,4.9,19900.0,11.0,1,15300.0,0,244000.0,12,vehicle,0.997,0
60,38700.0,6.1,9500.0,0.8,1,24300.0,0,188000.0,12,personal,0.683,1
38,41800.0,11.0,8200.0,3.9,0,17000.0,0,217000.0,24,medical,0.43,1
22,74800.0,1.7,2400.0,7.4,1,1500.0,0,143000.0,24,education,0.118,0
52,27700.0,3.8,5000.0,1.1,0,33500.0,0,52000.0,48,home_improvement,0.223,0
28,74800.0,2.3,20500.0,6.2,1,26300.0,0,112000.0,48,home_improvement,0.308,0
42,18200.0,0.0,2200.0,2.0,0,3700.0,0,240000.0,24,business,0.714,1
26,53800.0,4.3,2000.0,30.0,1,2800.0,0,208000.0,48,medical,0.124,0
32,78000.0,8.5,39100.0,0.4,0,21400.0,0,202000.0,24,personal,0.618,0
60,12000.0,0.2,1200.0,3.2,1,20800.0,0,238000.0,36,personal,0.695,0
56,39500.0,0.0,10100.0,6.1,0,51500.0,0,213000.0,12,business,0.741,1
35,38100.0,6.5,3500.0,4.5,1,53000.0,0,284000.0,24,education,0.427,0
48,41500.0,5.8,13800.0,2.8,1,128400.0,0,242000.0,12,business,0.857,0
38,86700.0,2.6,14600.0,2.9,2,6800.0,0,376000.0,12,home_improvement,0.559,0
22,28500.0,5.4,8700.0,2.1,2,3800.0,0,259000.0,60,home_improvement,0.469,0
33,23600.0,15.3,3400.0,1.7,2,2300.0,0,158000.0,48,personal,0.295,0
35,41600.0,1.4,14500.0,3.6,1,5500.0,0,343000.0,24,business,0.72,0
40,66600.0,1.4,18000.0,5.5,1,43700.0,0,331000.0,24,medical,0.494,0
49,51600.0,1.0,8500.0,1.3,2,2000.0,0,211000.0,12,home_improvement,0.533,0
62,40800.0,6.4,6300.0,11.7,4,2400.0,0,295000.0,24,vehicle,0.48,0
49,36200.0,2.2,11900.0,1.8,2,5200.0,1,152000.0,36,personal,0.455,0
23,16300.0,22.4,2600.0,2.3,0,17200.0,0,94000.0,36,personal,0.332,0
39,52200.0,6.3,12100.0,2.1,1,32000.0,0,383000.0,36,vehicle,0.452,0
23,55100.0,2.3,5000.0,0.5,1,12700.0,0,376000.0,12,vehicle,0.705,0
34,29400.0,0.8,9500.0,0.5,1,5000.0,0,51000.0,36,vehicle,0.375,0
60,32600.0,4.5,4700.0,6.3,0,37100.0,0,114000.0,12,business,0.459,0
24,25000.0,1.7,11100.0,1.9,1,8300.0,0,282000.0,60,business,0.647,1
31,59300.0,11.8,21000.0,1.0,1,500.0,0,55000.0,48,vehicle,0.375,0
51,34000.0,2.9,6600.0,4.9,2,32600.0,0,442000.0,60,home_improvement,0.428,0
63,37500.0,1.7,8900.0,12.8,0,31200.0,0,495000.0,48,personal,0.534,0
52,53300.0,4.4,14100.0,11.0,1,46300.0,0,70000.0,24,medical,0.324,0
47,46500.0,0.7,18500.0,5.1,1,4300.0,0,251000.0,24,personal,0.641,0
50,51700.0,4.1,5300.0,0.9,3,20800.0,0,117000.0,36,personal,0.17,0
63,43400.0,0.3,5500.0,0.7,0,59300.0,0,144000.0,48,education,0.201,0
22,43900.0,4.7,17500.0,8.2,0,60900.0,0,66000.0,36,personal,0.444,0
29,43700.0,3.8,20200.0,13.2,2,7200.0,0,208000.0,24,business,0.676,0
48,49200.0,3.7,10400.0,3.9,0,3200.0,0,203000.0,24,business,0.397,0
51,50300.0,5.8,18000.0,9.3,1,3000.0,0,131000.0,36,vehicle,0.436,0
54,23100.0,0.2,9100.0,6.7,2,300.0,0,393000.0,24,education,1.159,1
35,30700.0,3.1,5900.0,0.7,4,13900.0,0,561000.0,36,personal,0.74,0
45,36600.0,2.9,15400.0,1.0,0,2400.0,0,145000.0,12,vehicle,0.777,1
56,49200.0,3.1,4400.0,0.3,4,53800.0,0,80000.0,36,vehicle,0.138,0
28,82400.0,19.5,21700.0,2.6,0,2400.0,0,49000.0,36,personal,0.281,1
29,27800.0,0.7,2700.0,1.6,1,15300.0,0,474000.0,48,business,0.481,0
57,59600.0,5.9,14200.0,2.2,1,1400.0,0,133000.0,24,business,0.339,1
59,31100.0,2.6,21200.0,0.0,2,32800.0,0,165000.0,48,medical,0.801,0
52,74400.0,3.6,5200.0,5.1,2,89400.0,0,114000.0,60,business,0.097,0
37,94900.0,7.2,54900.0,0.9,1,43900.0,0,111000.0,36,business,0.614,0
55,18300.0,0.9,9800.0,1.8,1,41300.0,0,230000.0,24,vehicle,1.101,1
57,34700.0,7.2,6700.0,2.1,1,38700.0,0,148000.0,48,vehicle,0.289,0
39,13900.0,0.4,6000.0,0.3,3,53300.0,1,60000.0,24,business,0.626,1
64,18800.0,3.3,4700.0,1.8,1,8000.0,1,193000.0,48,business,0.481,0
49,19300.0,6.8,300.0,9.2,1,800.0,0,93000.0,36,vehicle,0.16,0
27,53100.0,1.1,9400.0,8.9,2,17700.0,0,250000.0,36,personal,0.318,0
48,48900.0,7.4,25000.0,0.1,0,10800.0,0,122000.0,24,medical,0.624,1
29,57600.0,0.9,8800.0,0.1,1,33100.0,1,99000.0,12,personal,0.307,1
48,52800.0,8.0,8900.0,3.6,0,48600.0,0,111000.0,36,business,0.232,0
26,49900.0,3.2,17500.0,0.9,1,23300.0,0,59000.0,12,education,0.457,0
49,42200.0,5.8,3600.0,9.2,1,800.0,0,235000.0,12,vehicle,0.586,0
37,37800.0,12.5,9100.0,2.6,0,2000.0,0,441000.0,36,business,0.591,1
36,63500.0,2.6,27600.0,1.6,1,12500.0,0,242000.0,24,education,0.606,0
43,40400.0,1.3,10600.0,12.3,1,30200.0,1,162000.0,36,personal,0.383,1
51,50800.0,10.1,7400.0,1.5,0,5100.0,0,155000.0,12,personal,0.42,0
23,14100.0,0.9,6100.0,1.5,3,8500.0,0,126000.0,12,personal,1.237,1
41,23700.0,5.0,9000.0,0.6,1,42900.0,0,82000.0,36,business,0.484,0
46,62400.0,12.8,1800.0,1.0,1,12500.0,0,328000.0,24,personal,0.265,0
56,29700.0,5.6,11800.0,5.7,0,67800.0,0,121000.0,36,business,0.52,0
62,21400.0,1.1,4100.0,5.7,0,12400.0,0,160000.0,12,vehicle,0.864,0
57,53600.0,0.8,26200.0,2.0,1,8400.0,0,490000.0,24,business,0.9,0
42,40200.0,1.5,23600.0,1.7,1,2700.0,0,136000.0,12,home_improvement,0.892,1
62,33400.0,2.5,11000.0,2.2,1,3400.0,0,198000.0,48,business,0.463,1
32,79100.0,0.9,21000.0,1.4,0,5800.0,0,706000.0,12,medical,1.069,1
62,73300.0,8.0,17100.0,3.7,2,124300.0,0,121000.0,60,business,0.263,0
33,36900.0,2.2,10400.0,7.2,1,243500.0,0,295000.0,24,medical,0.642,0
31,55600.0,13.8,10400.0,0.0,2,8900.0,0,131000.0,12,education,0.399,1
36,14700.0,9.2,3500.0,11.0,0,59700.0,0,316000.0,48,business,0.722,0
28,65600.0,12.0,16800.0,0.5,0,30600.0,0,239000.0,36,personal,0.365,0
60,24600.0,1.7,8000.0,9.2,0,7100.0,0,776000.0,48,home_improvement,1.035,1
60,20900.0,4.3,7200.0,1.1,0,4100.0,0,64000.0,36,vehicle,0.436,0
22,18000.0,1.9,6500.0,10.0,2,22300.0,0,114000.0,24,business,0.646,0
50,17400.0,1.5,6600.0,6.2,1,2700.0,0,88000.0,12,vehicle,0.834,0
50,65300.0,4.7,20800.0,1.3,0,222400.0,0,150000.0,36,vehicle,0.387,0
32,53300.0,8.5,37500.0,0.1,2,19700.0,0,285000.0,36,personal,0.864,0
30,28400.0,0.5,13800.0,5.0,1,49900.0,0,54000.0,36,vehicle,0.543,0
64,59000.0,1.6,13900.0,6.9,0,10700.0,0,219000.0,24,business,0.403,0
31,30700.0,1.1,5000.0,4.6,1,76000.0,0,170000.0,48,medical,0.287,0
35,46400.0,8.0,19900.0,1.9,0,59100.0,0,150000.0,36,education,0.526,1
36,32300.0,13.5,6900.0,0.5,1,21300.0,0,143000.0,24,education,0.413,0
37,38000.0,0.4,7000.0,1.7,0,1500.0,0,81000.0,60,home_improvement,0.223,0
46,26700.0,2.4,4400.0,1.3,2,3200.0,0,952000.0,24,medical,1.769,1
22,28500.0,12.3,12700.0,5.1,1,26200.0,0,45000.0,48,home_improvement,0.481,1
32,51300.0,2.1,16400.0,0.7,2,58800.0,0,161000.0,12,medical,0.602,0
46,55100.0,6.2,14400.0,6.8,2,32000.0,0,198000.0,60,business,0.326,0
43,33300.0,0.5,6800.0,3.8,2,30900.0,0,212000.0,36,home_improvement,0.395,0
38,20200.0,2.9,3600.0,2.6,1,45300.0,0,309000.0,12,education,1.555,1
52,122000.0,3.5,40400.0,1.8,2,21700.0,0,183000.0,12,business,0.466,0
58,40800.0,7.1,28600.0,2.8,1,26000.0,0,443000.0,36,vehicle,1.027,0
23,46200.0,1.7,4500.0,3.1,1,93800.0,0,97000.0,36,medical,0.16,0
58,22800.0,1.5,9300.0,1.1,0,13100.0,0,288000.0,36,vehicle,0.787,0
23,69300.0,1.8,14700.0,18.0,0,92400.0,0,113000.0,24,business,0.285,0
50,74300.0,4.1,20800.0,9.6,2,1000.0,0,101000.0,36,business,0.321,0
21,18600.0,10.4,13100.0,2.0,1,10600.0,1,259000.0,36,vehicle,1.122,1
50,38300.0,8.9,8500.0,1.2,1,7600.0,0,111000.0,48,personal,0.287,0
52,37000.0,0.3,9400.0,1.5,2,35500.0,0,25000.0,60,vehicle,0.266,0
48,117600.0,10.6,20100.0,15.7,2,5100.0,0,236000.0,48,personal,0.216,0
41,76900.0,0.5,25900.0,2.1,3,5700.0,0,146000.0,12,personal,0.508,0
33,20900.0,2.7,2300.0,9.7,1,3600.0,0,454000.0,24,business,1.088,1
47,28900.0,7.2,5600.0,0.2,0,26900.0,0,220000.0,12,home_improvement,0.879,1
56,26900.0,0.4,4400.0,6.0,2,21700.0,0,190000.0,36,vehicle,0.375,1
27,47400.0,0.2,10800.0,5.7,0,32800.0,0,275000.0,48,vehicle,0.358,0
42,81400.0,2.0,11600.0,4.2,3,7900.0,0,118000.0,48,medical,0.175,0
30,42200.0,6.5,9300.0,0.5,0,20500.0,0,485000.0,36,medical,0.565,0
59,50300.0,3.7,32500.0,15.9,0,5900.0,0,165000.0,36,vehicle,0.745,1
35,29800.0,2.7,800.0,1.0,1,19300.0,0,126000.0,24,medical,0.217,1
35,50200.0,8.4,9800.0,4.9,2,72000.0,0,255000.0,36,personal,0.348,0
24,32500.0,7.3,15400.0,5.6,2,11400.0,0,223000.0,24,medical,0.783,0
52,19200.0,7.7,2500.0,5.7,0,7900.0,0,123000.0,12,personal,0.707,0
43,48700.0,3.1,5000.0,7.0,2,11300.0,0,258000.0,24,education,0.341,0
26,40000.0,0.1,3900.0,18.1,1,20400.0,0,112000.0,48,personal,0.16,0
44,24500.0,0.9,7400.0,0.4,2,29100.0,0,216000.0,24,business,0.699,1
40,84200.0,6.8,10500.0,2.6,0,12500.0,0,63000.0,24,vehicle,0.158,0
57,28400.0,7.0,7300.0,14.7,1,11200.0,0,174000.0,60,business,0.367,0
40,52800.0,17.9,3900.0,8.6,2,41300.0,0,103000.0,36,vehicle,0.132,0
32,34100.0,1.1,6600.0,18.7,1,9000.0,0,89000.0,24,business,0.311,0
53,80400.0,0.7,7500.0,3.5,3,15400.0,0,86000.0,24,vehicle,0.141,1
48,36100.0,0.7,2100.0,4.5,4,10800.0,0,77000.0,12,home_improvement,0.25,1
28,18900.0,1.0,1800.0,1.2,1,12200.0,0,190000.0,12,medical,1.0,1
21,57800.0,3.8,700.0,2.5,4,19300.0,0,229000.0,48,personal,0.101,0
57,80200.0,18.5,8600.0,0.1,2,19000.0,0,222000.0,48,personal,0.17,0
42,33100.0,4.5,6300.0,5.1,0,8500.0,0,102000.0,60,vehicle,0.246,0
26,54500.0,3.7,23300.0,10.4,1,33000.0,0,163000.0,24,home_improvement,0.562,0
41,42500.0,5.6,1000.0,0.5,1,9500.0,0,204000.0,36,vehicle,0.168,1
52,33800.0,0.4,13400.0,2.4,1,10200.0,0,347000.0,36,business,0.704,0
55,58600.0,8.4,22500.0,3.9,3,31500.0,0,634000.0,12,personal,1.358,1
35,28000.0,5.2,3500.0,4.0,1,27100.0,0,110000.0,36,personal,0.243,0
25,40700.0,0.9,7200.0,1.5,2,15800.0,0,265000.0,24,vehicle,0.47,1
26,45100.0,5.0,15800.0,0.1,2,15100.0,1,102000.0,24,personal,0.452,0
45,44300.0,4.5,5600.0,8.8,4,11100.0,1,75000.0,48,personal,0.164,0
60,28300.0,0.3,6400.0,0.4,0,12200.0,0,87000.0,24,education,0.364,0
49,101400.0,1.6,26400.0,0.8,0,6400.0,0,188000.0,48,home_improvement,0.302,0
27,70800.0,2.5,18400.0,13.2,0,450000.0,0,158000.0,12,education,0.461,0
60,62700.0,1.4,7400.0,2.8,3,32400.0,0,233000.0,36,personal,0.23,0
33,76500.0,1.4,29300.0,8.3,0,8400.0,0,34000.0,36,home_improvement,0.396,0
58,41400.0,4.3,26400.0,9.1,1,23300.0,0,173000.0,48,education,0.732,0
38,34000.0,3.2,4900.0,18.2,1,1800.0,0,97000.0,48,education,0.208,0
22,24600.0,5.5,7000.0,0.2,0,7900.0,0,43000.0,24,education,0.363,0
28,29200.0,15.7,7200.0,0.2,2,66900.0,0,114000.0,36,personal,0.364,0
31,25400.0,5.4,11000.0,0.8,2,163200.0,0,125000.0,24,medical,0.655,0
53,31600.0,4.4,4400.0,4.3,2,6700.0,0,498000.0,24,vehicle,0.848,1
58,45500.0,9.4,18300.0,1.2,0,24600.0,0,109000.0,24,personal,0.51,0
47,60600.0,5.0,10100.0,2.7,4,7200.0,0,101000.0,24,home_improvement,0.242,0
40,59800.0,0.9,37200.0,6.2,2,48500.0,0,137000.0,24,home_improvement,0.725,0
32,23700.0,1.9,11200.0,0.8,4,2300.0,0,657000.0,24,personal,1.72,1
63,54700.0,6.6,11800.0,1.3,0,20900.0,0,652000.0,48,business,0.484,0
51,67200.0,6.7,36000.0,5.2,1,2900.0,0,122000.0,48,vehicle,0.577,0
47,35800.0,21.7,8700.0,0.0,0,12100.0,0,89000.0,24,vehicle,0.355,0
52,68800.0,4.9,34100.0,5.7,1,9900.0,0,193000.0,48,personal,0.559,1
30,59500.0,11.5,24400.0,4.5,3,15100.0,0,116000.0,48,vehicle,0.454,0
23,22700.0,0.3,9500.0,0.6,0,76400.0,0,487000.0,24,personal,1.384,1
47,107600.0,4.2,40900.0,1.1,3,27000.0,0,446000.0,60,vehicle,0.455,0
55,29100.0,12.6,9200.0,0.1,1,15200.0,1,98000.0,36,home_improvement,0.417,1
51,61700.0,1.7,15700.0,3.5,1,15600.0,1,154000.0,48,vehicle,0.311,0
35,60800.0,0.8,11800.0,2.0,0,18000.0,0,149000.0,12,education,0.415,1
36,23100.0,2.2,2900.0,2.2,1,37100.0,0,130000.0,36,business,0.294,1
33,43500.0,7.9,3000.0,0.4,0,23300.0,0,172000.0,48,vehicle,0.158,0
55,60400.0,0.4,10600.0,1.7,0,70400.0,0,110000.0,36,home_improvement,0.23,0
31,23000.0,4.6,7200.0,10.1,3,4400.0,0,299000.0,48,medical,0.606,1
41,42000.0,0.7,1000.0,0.3,1,12000.0,0,409000.0,12,education,0.9,1
31,62700.0,2.9,7400.0,14.7,0,12900.0,0,299000.0,48,home_improvement,0.225,0
50,64600.0,16.9,1100.0,7.5,1,10200.0,0,97000.0,48,personal,0.051,1
55,33600.0,1.1,11100.0,0.9,3,13800.0,0,160000.0,12,medical,0.759,0
42,80400.0,0.2,1100.0,4.9,2,23200.0,1,176000.0,12,education,0.211,1
58,72200.0,2.8,10600.0,0.4,0,4400.0,0,232000.0,12,vehicle,0.436,1
51,44700.0,4.3,14800.0,0.7,0,900.0,0,100000.0,36,vehicle,0.398,1
34,29800.0,1.8,11500.0,2.7,1,21700.0,0,106000.0,12,medical,0.706,1
44,23800.0,3.9,3100.0,2.0,3,5400.0,0,145000.0,12,vehicle,0.679,0
52,47600.0,15.3,2500.0,6.8,0,3200.0,0,117000.0,48,education,0.108,0
56,77600.0,1.9,8800.0,11.2,1,11000.0,0,399000.0,24,vehicle,0.345,0
52,37600.0,1.9,12000.0,11.4,0,103600.0,0,443000.0,36,vehicle,0.673,1
35,27300.0,3.3,3700.0,0.6,2,89100.0,0,262000.0,36,vehicle,0.423,0
63,58200.0,3.6,22300.0,4.6,1,11000.0,0,211000.0,48,personal,0.465,1
55,43400.0,0.0,10300.0,3.4,1,2800.0,0,324000.0,36,vehicle,0.461,0
23,50600.0,4.8,6400.0,1.8,4,45400.0,0,160000.0,60,vehicle,0.183,0
36,31700.0,29.7,4000.0,21.1,0,153000.0,0,254000.0,36,personal,0.367,0
25,34000.0,1.7,8200.0,2.4,0,110700.0,0,52000.0,36,business,0.287,0
41,31600.0,5.0,15300.0,4.4,0,13600.0,0,194000.0,60,home_improvement,0.595,0
30,50200.0,0.0,3500.0,2.8,2,25800.0,0,198000.0,48,home_improvement,0.158,0
39,34500.0,4.6,1200.0,0.4,0,24300.0,0,93000.0,48,personal,0.095,0
45,52400.0,3.0,12900.0,0.6,2,17800.0,0,303000.0,12,personal,0.767,0
24,30300.0,3.8,8500.0,5.5,2,6400.0,0,89000.0,12,home_improvement,0.545,1
49,50200.0,3.9,6700.0,6.5,1,4200.0,0,68000.0,24,vehicle,0.194,1
39,55100.0,1.0,3900.0,1.8,1,41800.0,0,264000.0,36,personal,0.215,0
63,46600.0,7.3,6500.0,0.3,0,17900.0,0,190000.0,48,vehicle,0.231,0
22,60600.0,4.1,13600.0,12.6,1,25000.0,0,166000.0,12,vehicle,0.471,0
30,32300.0,1.6,10100.0,2.7,4,8400.0,0,143000.0,12,personal,0.711,1
63,54800.0,13.9,11500.0,0.6,2,6600.0,1,291000.0,36,education,0.369,1
45,44600.0,0.1,6900.0,0.9,0,1700.0,0,92000.0,12,medical,0.34,0
40,27900.0,6.5,7900.0,0.2,3,1500.0,0,228000.0,36,education,0.528,0
39,17000.0,2.4,7000.0,4.9,0,44600.0,0,77000.0,60,home_improvement,0.493,0
43,18700.0,3.7,4300.0,4.9,2,122400.0,0,133000.0,48,personal,0.39,0
44,14900.0,1.7,6900.0,3.7,0,14800.0,0,222000.0,48,vehicle,0.798,0
31,48600.0,1.9,12200.0,3.2,0,14800.0,0,142000.0,36,education,0.339,1
54,34700.0,0.1,10200.0,1.9,0,5800.0,0,195000.0,36,business,0.463,0
48,41700.0,6.5,5800.0,12.0,2,3700.0,0,259000.0,48,personal,0.279,1
25,37000.0,6.2,13100.0,6.4,1,6400.0,0,191000.0,12,personal,0.819,1
25,52100.0,5.3,10600.0,9.5,1,83500.0,0,121000.0,48,personal,0.256,0
41,52800.0,10.5,17700.0,1.5,1,178900.0,0,83000.0,48,home_improvement,0.371,0
32,40900.0,11.6,9100.0,15.3,0,3300.0,0,129000.0,12,personal,0.506,0
24,42000.0,4.1,5400.0,0.7,0,33900.0,0,529000.0,48,personal,0.412,1
62,42800.0,5.8,3100.0,0.2,3,67200.0,0,89000.0,24,medical,0.166,0
40,75100.0,0.1,5400.0,1.5,0,8100.0,0,92000.0,24,vehicle,0.127,0
58,16300.0,9.4,600.0,0.9,0,17600.0,0,42000.0,36,home_improvement,0.114,0
45,29700.0,8.5,10900.0,2.9,1,5100.0,1,127000.0,48,personal,0.463,1
34,59200.0,0.1,15100.0,1.7,1,53500.0,0,148000.0,24,vehicle,0.368,0
31,66100.0,3.9,17600.0,0.8,2,30500.0,0,90000.0,36,personal,0.307,0
52,48600.0,11.9,6800.0,7.4,1,2600.0,0,80000.0,48,personal,0.177,0
31,36900.0,1.0,14200.0,2.8,1,10000.0,1,102000.0,48,vehicle,0.447,1
38,92800.0,2.2,8600.0,0.5,1,8500.0,0,82000.0,24,personal,0.132,0
47,43500.0,2.0,9300.0,0.3,1,78400.0,0,101000.0,48,vehicle,0.266,1
38,40700.0,2.2,12900.0,1.9,0,18700.0,0,175000.0,36,personal,0.446,0
43,73100.0,0.2,8100.0,9.5,1,10400.0,0,156000.0,36,personal,0.175,0
31,49700.0,1.6,16000.0,2.8,1,46900.0,0,102000.0,36,education,0.383,0
41,61300.0,1.7,1600.0,0.6,0,1800.0,0,89000.0,12,personal,0.157,0
64,64600.0,10.0,9300.0,1.1,0,2300.0,0,247000.0,24,vehicle,0.316,0
25,33900.0,2.2,11100.0,0.2,1,90800.0,0,32000.0,48,personal,0.349,0
43,88900.0,3.0,41700.0,7.1,3,8400.0,0,283000.0,48,vehicle,0.541,0
61,13300.0,2.4,1800.0,11.7,2,6000.0,0,487000.0,48,education,0.959,1
45,16500.0,0.6,2300.0,0.3,0,9300.0,0,126000.0,24,personal,0.483,0
61,29600.0,23.2,9100.0,0.8,0,152500.0,0,104000.0,36,education,0.413,0
30,33200.0,8.7,2300.0,0.8,2,49500.0,0,690000.0,24,personal,1.004,1
42,47200.0,3.9,16400.0,6.5,2,2200.0,0,232000.0,24,home_improvement,0.569,1
39,29400.0,3.2,7500.0,7.3,1,16500.0,0,63000.0,48,business,0.303,0
21,39900.0,5.2,7100.0,2.2,1,5600.0,0,140000.0,24,medical,0.336,0
27,36600.0,2.0,11100.0,13.9,2,60700.0,0,86000.0,12,business,0.515,1
24,98900.0,0.3,47200.0,1.2,2,3700.0,1,128000.0,36,home_improvement,0.516,1
21,27900.0,2.6,3500.0,3.0,2,23000.0,0,100000.0,12,business,0.448,1
35,18800.0,20.7,3800.0,22.4,0,9800.0,0,338000.0,36,education,0.741,0
60,66400.0,1.0,16300.0,7.0,0,14100.0,0,230000.0,48,personal,0.323,0
32,29100.0,3.8,12700.0,2.7,4,19200.0,0,244000.0,12,personal,1.191,1
42,38500.0,0.0,4800.0,0.5,3,52600.0,0,76000.0,36,education,0.184,0
42,30000.0,0.7,11500.0,9.4,2,6000.0,0,114000.0,12,business,0.725,0
37,55900.0,4.4,23300.0,3.1,1,3400.0,0,62000.0,36,education,0.45,0
49,21600.0,1.8,2600.0,1.5,3,22700.0,0,74000.0,48,vehicle,0.197,0
34,12000.0,11.8,1100.0,2.4,1,4600.0,0,220000.0,36,personal,0.642,0
40,71900.0,2.6,11500.0,1.5,1,23400.0,0,133000.0,24,medical,0.243,1
53,44900.0,1.2,17800.0,3.2,3,11400.0,0,133000.0,48,vehicle,0.463,1
63,65000.0,3.9,2900.0,1.3,1,4500.0,0,309000.0,36,personal,0.187,0
35,70800.0,7.9,5100.0,2.4,0,3900.0,0,305000.0,36,personal,0.201,0
32,26600.0,0.1,3200.0,2.2,0,33700.0,0,265000.0,36,home_improvement,0.419,0
60,41200.0,3.5,3000.0,3.8,1,10900.0,0,144000.0,24,home_improvement,0.23,0
40,50400.0,7.4,8500.0,0.1,1,4500.0,0,133000.0,60,home_improvement,0.216,0
50,38200.0,0.5,11100.0,3.7,4,12400.0,0,147000.0,12,home_improvement,0.637,1
58,34900.0,11.7,4500.0,3.6,2,5000.0,1,125000.0,24,medical,0.29,0
23,36500.0,1.5,3000.0,2.0,1,17900.0,0,105000.0,48,personal,0.147,0
48,65400.0,0.9,29200.0,1.1,2,21900.0,0,41000.0,24,personal,0.475,0
46,35700.0,4.4,10300.0,7.3,1,14600.0,0,162000.0,24,personal,0.493,0
50,52600.0,1.0,15600.0,1.7,2,8000.0,0,486000.0,36,medical,0.574,0
33,46900.0,5.7,4800.0,1.5,0,3400.0,0,99000.0,36,vehicle,0.166,0
33,26000.0,3.4,4300.0,2.5,1,16300.0,0,153000.0,12,home_improvement,0.695,1
22,46000.0,0.6,20000.0,1.3,2,4600.0,0,174000.0,48,vehicle,0.52,0
57,20100.0,12.2,4800.0,7.1,1,6600.0,0,383000.0,36,medical,0.81,1
58,48100.0,5.6,3100.0,3.3,1,12800.0,0,298000.0,12,vehicle,0.622,0
22,59900.0,3.9,3400.0,5.6,4,21200.0,1,126000.0,36,vehicle,0.12,0
56,66500.0,2.3,32300.0,5.5,0,86000.0,0,83000.0,24,personal,0.542,0
46,26100.0,0.7,5800.0,6.2,1,5700.0,0,312000.0,12,business,1.298,1
31,31500.0,6.1,5000.0,8.1,0,6800.0,0,336000.0,36,business,0.479,1
28,45600.0,8.4,9200.0,10.1,0,1400.0,0,160000.0,48,personal,0.281,0
64,32400.0,0.7,2900.0,1.9,3,15800.0,0,166000.0,24,personal,0.32,0
60,16800.0,3.4,5600.0,2.3,2,3200.0,0,322000.0,60,vehicle,0.678,0
63,31500.0,3.3,7700.0,0.2,1,37800.0,0,101000.0,36,business,0.341,0
42,45500.0,2.2,9300.0,10.4,0,19100.0,0,188000.0,24,personal,0.39,0
40,64900.0,7.8,25800.0,3.5,2,3100.0,0,61000.0,36,vehicle,0.426,0
28,85800.0,0.5,29400.0,5.0,0,12700.0,0,157000.0,48,personal,0.384,0
49,42500.0,1.1,8300.0,2.3,1,13800.0,0,157000.0,12,personal,0.528,0
60,51800.0,0.0,4600.0,2.6,0,54700.0,0,97000.0,48,home_improvement,0.131,0
46,61800.0,2.3,7900.0,3.1,1,22700.0,1,88000.0,36,medical,0.171,0
50,16000.0,1.7,2800.0,6.3,1,5100.0,1,104000.0,36,personal,0.37,0
37,25400.0,10.1,4700.0,3.8,2,111200.0,0,64000.0,48,vehicle,0.242,0
40,42000.0,6.8,3200.0,6.7,2,3500.0,0,69000.0,36,education,0.125,1
36,80800.0,0.4,9500.0,1.0,1,105300.0,0,208000.0,36,personal,0.195,0
63,53300.0,6.8,5100.0,0.9,2,14400.0,0,223000.0,48,vehicle,0.19,0
27,46600.0,5.6,15800.0,0.9,3,2800.0,0,242000.0,60,business,0.433,0
36,36200.0,1.7,4500.0,0.0,2,5500.0,0,601000.0,48,medical,0.498,0
47,48600.0,0.1,29300.0,0.8,1,23800.0,0,226000.0,60,education,0.687,0
43,30700.0,0.6,11800.0,0.5,2,64100.0,1,136000.0,48,personal,0.484,0
44,28300.0,1.4,7900.0,2.4,1,5000.0,0,296000.0,48,personal,0.514,0
29,29400.0,8.5,3000.0,0.5,1,7400.0,0,126000.0,24,personal,0.295,1
55,73400.0,3.1,28600.0,2.2,0,3900.0,0,456000.0,60,business,0.501,0
40,27500.0,12.5,3000.0,30.0,0,6300.0,0,247000.0,12,education,0.917,0
57,33500.0,7.8,10700.0,2.8,1,5500.0,0,640000.0,36,personal,0.893,1
62,49600.0,1.7,9300.0,10.3,1,6000.0,0,90000.0,12,vehicle,0.351,0
37,27000.0,9.3,2900.0,4.8,1,17800.0,0,139000.0,24,personal,0.339,0
51,44400.0,0.6,11700.0,9.0,1,4800.0,0,203000.0,36,medical,0.401,1
28,44400.0,0.2,14700.0,3.9,3,14000.0,0,351000.0,12,medical,1.043,1
35,30300.0,4.7,3300.0,6.6,2,91400.0,0,91000.0,12,education,0.379,0
51,35700.0,2.1,5800.0,1.4,0,3000.0,0,243000.0,36,personal,0.367,0
50,26200.0,2.0,11100.0,1.9,1,34000.0,0,217000.0,12,vehicle,1.169,0
40,74800.0,5.8,3900.0,12.9,0,3100.0,1,126000.0,24,education,0.128,0
59,45100.0,9.5,4800.0,1.2,1,10700.0,0,49000.0,48,home_improvement,0.131,0
32,25000.0,1.9,7500.0,2.2,1,20000.0,0,544000.0,24,vehicle,1.279,1
37,42500.0,2.0,5300.0,4.2,0,14400.0,0,148000.0,24,home_improvement,0.281,0
62,43400.0,3.8,18300.0,2.0,1,26800.0,0,97000.0,48,vehicle,0.472,0
50,14600.0,5.3,5000.0,0.1,2,4200.0,0,113000.0,12,personal,1.039,1
49,73400.0,1.1,19300.0,6.3,1,13500.0,0,196000.0,48,education,0.323,0
39,25700.0,12.2,9200.0,1.6,2,4400.0,0,168000.0,12,personal,0.946,1
31,102800.0,5.3,23900.0,1.0,2,15500.0,1,123000.0,24,home_improvement,0.286,0
54,57400.0,4.9,6700.0,2.8,0,45800.0,0,236000.0,36,education,0.24,0
27,24200.0,11.7,7100.0,0.0,0,59400.0,0,138000.0,24,education,0.55,0
64,34800.0,11.9,17400.0,8.0,2,33400.0,0,61000.0,48,vehicle,0.539,0
54,60800.0,0.7,3500.0,1.2,1,20800.0,0,257000.0,60,personal,0.134,1
40,36100.0,0.8,9300.0,10.2,0,18700.0,0,102000.0,24,vehicle,0.385,0
58,68200.0,7.2,2500.0,4.5,0,16500.0,0,129000.0,12,personal,0.207,0
44,33900.0,15.7,9300.0,3.2,1,48400.0,0,105000.0,48,home_improvement,0.344,0
30,38700.0,5.5,1600.0,6.6,3,1200.0,0,153000.0,60,personal,0.113,0
52,61500.0,2.6,6200.0,20.0,4,14000.0,0,89000.0,36,business,0.144,0
35,52700.0,5.8,32600.0,1.2,1,17300.0,1,148000.0,60,vehicle,0.669,1
57,26500.0,1.3,10300.0,1.8,0,3800.0,0,321000.0,12,medical,1.479,1
40,48800.0,31.0,20600.0,2.6,0,700.0,0,362000.0,48,home_improvement,0.589,1
23,43300.0,2.8,6600.0,3.1,2,5400.0,0,91000.0,36,home_improvement,0.215,0
57,26600.0,13.4,7400.0,3.2,0,67500.0,0,211000.0,24,home_improvement,0.635,1
60,21500.0,2.8,700.0,3.2,3,260300.0,0,249000.0,36,business,0.38,1
28,16800.0,13.2,1000.0,7.0,0,800.0,0,164000.0,24,personal,0.499,0
60,35200.0,2.0,12000.0,2.1,1,29700.0,0,123000.0,36,home_improvement,0.446,0
64,39200.0,7.1,18400.0,0.0,1,10300.0,0,77000.0,36,personal,0.528,0
43,50400.0,15.1,2100.0,8.3,3,8100.0,0,268000.0,48,vehicle,0.161,0
60,58100.0,5.2,10300.0,4.3,2,3200.0,0,260000.0,36,vehicle,0.312,0
31,33300.0,5.7,8200.0,0.8,0,14300.0,0,145000.0,36,education,0.377,0
28,38700.0,0.5,2200.0,0.1,0,800.0,0,116000.0,12,personal,0.327,0
49,28500.0,3.2,2600.0,1.5,1,38000.0,0,103000.0,48,vehicle,0.173,1
50,41700.0,10.9,4000.0,0.5,0,153500.0,0,39000.0,36,medical,0.124,0
30,62100.0,1.4,29400.0,9.1,0,6800.0,0,85000.0,48,education,0.504,0
59,42000.0,7.8,15600.0,1.3,0,2100.0,0,177000.0,48,vehicle,0.466,1
48,67700.0,5.6,4100.0,4.9,0,2300.0,1,132000.0,36,vehicle,0.119,0
56,61600.0,1.3,9200.0,4.3,2,8000.0,0,35000.0,12,business,0.2,0
33,77300.0,1.7,9400.0,5.0,0,2600.0,0,378000.0,36,vehicle,0.268,0
52,42500.0,2.8,7100.0,3.0,1,12300.0,0,76000.0,24,medical,0.248,0
56,31600.0,0.7,6600.0,5.2,1,23300.0,0,199000.0,24,business,0.492,0
57,53100.0,12.2,15900.0,2.9,1,8400.0,1,501000.0,36,personal,0.582,1
46,33900.0,6.7,6500.0,1.9,1,11000.0,0,143000.0,24,business,0.382,1
42,52300.0,2.3,10000.0,7.8,0,29000.0,0,234000.0,48,personal,0.292,0
24,29800.0,1.8,10600.0,2.5,0,8300.0,0,265000.0,24,personal,0.756,1
51,27600.0,5.8,2500.0,3.4,1,68300.0,0,77000.0,36,home_improvement,0.174,0
38,69400.0,2.8,28500.0,2.5,2,32500.0,0,191000.0,36,vehicle,0.493,0
58,25400.0,1.3,4700.0,6.0,1,17300.0,0,80000.0,36,personal,0.28,0
44,63600.0,2.8,12300.0,3.1,3,13000.0,0,99000.0,48,business,0.228,0
43,52200.0,10.3,15900.0,2.5,0,19200.0,0,128000.0,36,personal,0.378,0
42,41900.0,0.4,7800.0,1.2,0,48900.0,0,88000.0,48,education,0.233,0
22,17100.0,2.3,5300.0,9.7,0,12000.0,0,112000.0,48,home_improvement,0.457,1
51,78300.0,16.4,30700.0,8.0,1,34400.0,0,120000.0,12,personal,0.53,1
31,26400.0,0.1,6400.0,2.3,1,29300.0,0,178000.0,12,medical,0.849,0
48,61600.0,11.1,9600.0,4.3,3,2200.0,0,198000.0,12,medical,0.445,1
52,29400.0,2.3,4100.0,2.8,4,66400.0,0,344000.0,36,business,0.49,0
25,28400.0,1.1,16600.0,0.8,1,10800.0,0,147000.0,24,medical,0.817,1
58,54200.0,0.1,20500.0,1.9,0,3300.0,0,181000.0,60,vehicle,0.438,1
30,51100.0,0.4,6600.0,7.7,5,43800.0,0,556000.0,36,personal,0.456,1
60,24000.0,0.9,2800.0,6.4,1,12500.0,0,133000.0,12,medical,0.615,1
44,76600.0,0.1,7300.0,0.4,2,4100.0,0,497000.0,24,personal,0.387,0
55,36600.0,2.0,600.0,0.3,1,34900.0,0,301000.0,24,education,0.386,0
64,41400.0,0.2,7300.0,7.7,1,11700.0,0,149000.0,48,personal,0.257,0
43,35100.0,5.9,11400.0,9.2,0,12200.0,0,68000.0,36,personal,0.383,1
37,24400.0,8.5,6800.0,1.4,6,22200.0,0,138000.0,48,vehicle,0.406,1
21,55900.0,10.9,21200.0,1.7,1,1600.0,0,60000.0,24,vehicle,0.428,0
51,45700.0,4.0,23300.0,1.6,1,21900.0,0,170000.0,36,business,0.621,1
51,27900.0,14.6,800.0,0.5,1,36700.0,0,634000.0,48,business,0.54,0
62,61400.0,0.0,9600.0,5.5,2,16100.0,1,135000.0,36,education,0.222,1
62,41100.0,0.7,7800.0,1.8,0,15100.0,0,249000.0,48,business,0.326,1
54,41500.0,1.7,11600.0,7.2,0,80400.0,0,143000.0,12,personal,0.59,0
29,89300.0,7.8,30600.0,8.4,1,2200.0,0,327000.0,36,vehicle,0.453,0
42,19500.0,10.8,5900.0,9.8,1,28300.0,0,82000.0,36,medical,0.429,0
33,19400.0,4.8,4900.0,6.8,1,20500.0,0,159000.0,48,personal,0.437,0
45,21400.0,2.4,1200.0,6.2,2,2500.0,0,74000.0,36,vehicle,0.16,0
38,47300.0,5.5,11900.0,2.4,2,13200.0,0,375000.0,48,business,0.43,0
32,34100.0,1.0,7300.0,0.1,2,35900.0,0,167000.0,48,vehicle,0.324,0
60,35400.0,3.1,21000.0,0.5,1,27800.0,0,221000.0,48,education,0.734,0
37,26300.0,3.5,10200.0,3.0,1,11300.0,0,222000.0,36,business,0.641,0
35,84900.0,0.6,3900.0,1.8,1,6200.0,0,67000.0,36,business,0.07,0
62,98800.0,0.2,38000.0,7.1,1,15500.0,0,75000.0,12,home_improvement,0.453,0
35,60100.0,6.9,17800.0,3.3,0,11200.0,0,236000.0,24,personal,0.473,1
35,20400.0,3.8,5400.0,0.4,2,21700.0,0,203000.0,36,home_improvement,0.563,1
59,32200.0,2.0,7100.0,2.6,3,5900.0,0,205000.0,60,home_improvement,0.335,0
33,58200.0,2.9,19000.0,6.9,1,11200.0,0,255000.0,24,vehicle,0.524,1
37,39300.0,15.8,2300.0,8.0,3,42600.0,0,145000.0,24,home_improvement,0.225,0
52,60200.0,2.4,3000.0,0.7,0,56900.0,0,119000.0,36,personal,0.109,0
29,70400.0,0.5,4600.0,0.4,1,4200.0,0,67000.0,48,business,0.087,0
60,94700.0,3.1,10200.0,2.0,0,3000.0,0,379000.0,12,personal,0.468,0
40,29900.0,5.2,11600.0,0.3,1,1000.0,0,170000.0,48,business,0.516,0
46,41600.0,0.1,13600.0,5.2,1,8600.0,0,62000.0,24,personal,0.394,0
47,32900.0,2.0,6800.0,2.4,0,107500.0,0,83000.0,36,medical,0.282,0
41,16300.0,2.5,8500.0,0.9,1,25900.0,0,151000.0,36,personal,0.799,0
38,55000.0,3.1,15000.0,0.4,0,37900.0,0,184000.0,24,vehicle,0.423,0
33,51700.0,1.8,11400.0,10.5,2,14300.0,0,332000.0,36,business,0.413,0
36,31400.0,5.5,6100.0,0.2,2,29400.0,0,229000.0,24,education,0.522,0
29,19600.0,14.5,2600.0,0.4,0,7500.0,0,74000.0,60,personal,0.201,0
32,33800.0,12.3,13900.0,1.1,0,16400.0,0,172000.0,12,education,0.869,1
64,55800.0,5.5,5100.0,0.4,3,27000.0,0,136000.0,48,personal,0.146,1
58,73300.0,3.5,14600.0,4.1,1,64300.0,0,149000.0,12,personal,0.382,0
39,29100.0,8.7,5500.0,1.0,1,23700.0,0,292000.0,36,vehicle,0.49,0
27,66100.0,9.0,20300.0,2.6,1,13100.0,0,364000.0,60,business,0.406,0
55,53100.0,8.8,13500.0,7.9,3,4000.0,0,365000.0,24,business,0.564,1
38,48300.0,0.9,22600.0,7.0,0,9400.0,0,182000.0,36,education,0.581,0
36,22400.0,0.1,5100.0,0.6,0,23300.0,0,241000.0,36,home_improvement,0.55,1
59,22900.0,20.4,1800.0,0.4,1,9900.0,0,180000.0,36,medical,0.314,0
24,27600.0,16.1,3000.0,4.4,0,3900.0,0,118000.0,24,medical,0.301,0
45,34700.0,4.2,25100.0,0.9,1,28100.0,1,81000.0,48,business,0.776,1
52,90200.0,24.9,6400.0,6.1,3,12600.0,0,77000.0,24,vehicle,0.109,0
60,29800.0,7.4,3700.0,2.3,0,5400.0,0,215000.0,60,business,0.254,1
33,56800.0,3.6,15000.0,0.7,2,1000.0,0,212000.0,48,vehicle,0.348,0
37,32600.0,2.5,12900.0,14.6,1,14000.0,0,219000.0,12,medical,1.0,1
57,49600.0,4.5,17500.0,0.2,1,8300.0,0,263000.0,48,personal,0.472,0
26,39000.0,3.6,23200.0,0.5,2,270700.0,0,391000.0,24,home_improvement,1.046,1
39,43500.0,25.4,11400.0,6.7,1,69900.0,0,211000.0,48,vehicle,0.371,0
33,47400.0,3.4,2800.0,2.4,1,3500.0,0,134000.0,24,personal,0.186,0
46,35900.0,9.0,13000.0,11.1,3,56100.0,0,71000.0,24,home_improvement,0.451,0
34,47500.0,8.4,11400.0,0.5,2,15000.0,0,204000.0,12,personal,0.627,0
51,69900.0,0.4,21600.0,0.7,1,46700.0,0,108000.0,24,personal,0.379,0
24,28600.0,0.5,7800.0,0.0,2,345100.0,0,107000.0,12,vehicle,0.609,1
59,68400.0,5.4,21800.0,1.0,0,7200.0,1,127000.0,60,vehicle,0.352,0
28,35600.0,1.5,12300.0,4.3,0,7900.0,0,209000.0,24,personal,0.61,0
45,34000.0,5.4,5900.0,5.1,1,4300.0,0,180000.0,24,home_improvement,0.412,0
33,55000.0,0.8,22100.0,2.2,3,37800.0,0,396000.0,24,home_improvement,0.726,0
52,34400.0,2.5,10200.0,1.2,0,35700.0,0,124000.0,36,education,0.405,0
58,46300.0,0.5,7400.0,5.0,0,111300.0,0,72000.0,24,business,0.23,0
58,44400.0,1.7,19200.0,0.8,2,28700.0,0,80000.0,36,vehicle,0.486,0
48,15700.0,0.5,1100.0,5.8,1,2400.0,0,56000.0,36,business,0.177,0
50,48400.0,17.6,22600.0,6.2,1,80500.0,0,251000.0,12,personal,0.934,0
23,21000.0,2.5,6700.0,2.3,1,19600.0,0,260000.0,36,education,0.69,0
48,21700.0,11.6,3200.0,0.9,3,9900.0,0,107000.0,48,personal,0.258,0
23,47300.0,17.7,28100.0,4.0,2,4500.0,0,116000.0,24,personal,0.704,1
54,51100.0,12.0,20900.0,7.7,0,41300.0,0,198000.0,24,personal,0.583,0
36,69000.0,3.0,34500.0,3.0,0,2500.0,0,80000.0,36,personal,0.535,0
42,24600.0,7.5,7200.0,2.5,1,118700.0,0,94000.0,36,vehicle,0.407,0
52,28800.0,0.8,2500.0,15.5,1,13100.0,0,182000.0,12,vehicle,0.656,1
58,49500.0,0.5,5600.0,3.1,0,900.0,0,269000.0,36,medical,0.276,1
28,69600.0,10.5,6000.0,0.1,0,20900.0,0,131000.0,12,business,0.256,0
28,43800.0,0.2,22400.0,2.8,1,18100.0,0,61000.0,60,personal,0.536,1
26,27000.0,17.9,2500.0,2.4,1,10600.0,0,154000.0,36,education,0.264,0
34,79100.0,5.6,16300.0,1.4,1,117400.0,0,133000.0,12,vehicle,0.357,0
52,35700.0,2.7,4400.0,1.5,0,49200.0,0,113000.0,36,business,0.218,0
55,36200.0,0.8,19400.0,10.7,1,2600.0,1,203000.0,12,personal,1.041,1
30,21000.0,6.4,10400.0,0.6,2,27600.0,0,180000.0,12,personal,1.267,1
23,55600.0,4.1,2200.0,5.8,2,39200.0,0,63000.0,24,home_improvement,0.091,0
32,58900.0,6.2,24200.0,9.3,2,7700.0,0,83000.0,60,personal,0.436,1
51,29200.0,2.7,1400.0,1.2,2,9200.0,0,189000.0,36,business,0.242,0
49,88300.0,0.3,25600.0,0.3,0,12800.0,0,181000.0,24,vehicle,0.382,0
25,30800.0,1.9,13000.0,1.5,1,2200.0,0,185000.0,12,education,0.963,1
45,53200.0,1.9,6200.0,2.3,1,8700.0,0,163000.0,12,personal,0.392,0
61,44400.0,0.0,7800.0,12.1,3,14000.0,0,181000.0,48,medical,0.267,1
51,16100.0,0.0,2000.0,2.2,0,52100.0,0,140000.0,36,vehicle,0.385,0
41,51300.0,2.0,7900.0,0.4,2,6200.0,0,201000.0,12,business,0.507,0
40,49200.0,6.5,7800.0,0.6,1,14600.0,0,83000.0,36,vehicle,0.209,0
59,18100.0,4.9,600.0,1.7,0,4300.0,0,116000.0,12,personal,0.61,0
42,79700.0,1.4,11600.0,0.8,1,5400.0,0,191000.0,36,personal,0.217,0
24,49300.0,4.6,18000.0,0.2,0,5200.0,0,433000.0,60,personal,0.523,0
33,70100.0,5.2,4000.0,0.8,0,7200.0,0,103000.0,60,medical,0.084,0
62,18500.0,3.7,11400.0,0.4,1,15700.0,0,68000.0,60,personal,0.682,1
40,33400.0,3.7,2700.0,0.9,1,24100.0,0,128000.0,12,home_improvement,0.426,0
33,68300.0,2.3,43900.0,22.6,2,41700.0,0,158000.0,24,home_improvement,0.747,0
37,19800.0,0.7,3500.0,2.4,2,2900.0,0,118000.0,48,personal,0.311,0
56,33800.0,2.4,5600.0,4.3,0,21600.0,0,343000.0,12,medical,1.079,1
53,48200.0,2.1,7900.0,0.7,3,2200.0,0,135000.0,12,vehicle,0.416,1
21,17100.0,4.5,9100.0,7.6,1,500.0,0,136000.0,36,personal,0.771,1
35,22100.0,9.7,3100.0,1.2,2,20900.0,0,263000.0,36,vehicle,0.497,0
33,74800.0,2.4,26800.0,16.2,1,17000.0,0,238000.0,48,education,0.43,1
37,41200.0,6.2,5000.0,7.2,1,45400.0,1,448000.0,24,education,0.611,0
44,68200.0,8.4,13000.0,12.1,1,3900.0,0,118000.0,36,personal,0.243,0
28,43600.0,1.2,17200.0,4.4,3,7800.0,0,209000.0,48,home_improvement,0.502,1
47,121200.0,11.6,15600.0,4.3,1,21800.0,0,207000.0,24,personal,0.206,0
43,48900.0,0.4,16300.0,7.4,2,9100.0,0,340000.0,36,home_improvement,0.542,0
28,71100.0,11.6,31200.0,5.0,0,9600.0,0,125000.0,36,personal,0.492,0
28,35900.0,0.9,12900.0,3.7,0,19600.0,0,391000.0,48,personal,0.604,0
46,44100.0,2.1,6900.0,1.8,1,44500.0,0,283000.0,36,vehicle,0.349,0
33,53600.0,4.6,16700.0,1.0,1,67600.0,0,316000.0,48,vehicle,0.444,0
59,57700.0,11.8,28100.0,6.1,0,32700.0,1,114000.0,48,business,0.531,1
57,39400.0,1.5,19900.0,2.0,0,4800.0,0,159000.0,48,medical,0.596,0
48,40200.0,7.2,8400.0,0.3,0,3600.0,0,146000.0,60,medical,0.274,0
45,50300.0,6.2,27100.0,2.6,2,391600.0,0,84000.0,48,business,0.576,0
36,50300.0,0.9,17700.0,4.3,2,7600.0,0,189000.0,48,personal,0.436,0
22,25300.0,3.3,5000.0,0.1,2,8900.0,0,182000.0,12,personal,0.845,1
38,44400.0,3.3,11800.0,4.9,1,13800.0,0,179000.0,12,home_improvement,0.629,0
37,46400.0,1.8,13000.0,1.0,0,2000.0,0,161000.0,36,personal,0.384,0
50,25900.0,7.6,4400.0,1.0,0,4200.0,0,160000.0,24,personal,0.448,0
59,60300.0,13.0,5400.0,3.3,2,25100.0,0,172000.0,24,personal,0.218,0
33,48300.0,6.3,4000.0,1.6,1,2000.0,0,162000.0,48,personal,0.158,0
52,114600.0,18.1,18100.0,2.4,2,6100.0,0,104000.0,12,education,0.24,0
49,39700.0,0.3,27700.0,2.9,0,3300.0,0,159000.0,36,vehicle,0.818,1
50,66900.0,0.2,10600.0,10.2,0,6100.0,0,175000.0,24,personal,0.276,1
38,51200.0,11.2,9500.0,0.9,0,8600.0,0,73000.0,36,business,0.228,0
33,95300.0,11.4,30000.0,2.5,1,36400.0,0,88000.0,24,business,0.356,0
63,25900.0,0.6,6600.0,6.2,1,37800.0,0,71000.0,48,home_improvement,0.316,0
41,32100.0,2.2,18100.0,0.9,1,13800.0,0,136000.0,36,education,0.691,0
50,26300.0,9.0,7200.0,0.3,0,10400.0,1,148000.0,48,education,0.4,1
41,38800.0,0.7,700.0,0.1,2,2200.0,0,91000.0,36,vehicle,0.088,0
37,24200.0,1.6,1000.0,0.4,0,2000.0,0,369000.0,36,vehicle,0.499,0
60,20200.0,5.7,3300.0,1.3,0,18000.0,0,25000.0,60,vehicle,0.186,1
39,15400.0,20.1,1100.0,2.1,0,58900.0,0,177000.0,12,personal,1.106,1
35,14900.0,8.0,7500.0,3.6,0,16400.0,0,64000.0,36,education,0.632,0
29,53900.0,7.5,2200.0,0.9,0,15100.0,0,108000.0,36,personal,0.101,0
30,32700.0,2.1,7600.0,1.3,1,149600.0,0,148000.0,36,vehicle,0.368,0
64,23000.0,5.4,8800.0,4.8,1,30900.0,0,80000.0,36,personal,0.487,0
51,29800.0,0.6,3700.0,9.6,3,2800.0,0,156000.0,48,business,0.242,0
43,31600.0,24.3,6100.0,0.6,2,3000.0,1,66000.0,12,education,0.381,0
50,26000.0,3.3,6500.0,2.6,2,7400.0,0,145000.0,36,vehicle,0.417,0
53,82700.0,5.1,16100.0,1.4,0,3400.0,0,103000.0,48,vehicle,0.223,0
29,75900.0,10.4,12700.0,3.0,0,6200.0,0,436000.0,60,vehicle,0.271,0
21,82000.0,0.0,15100.0,0.5,1,13100.0,0,280000.0,24,business,0.338,0
64,43500.0,18.6,10800.0,1.3,1,2900.0,0,260000.0,36,vehicle,0.428,0
55,45500.0,2.2,21100.0,4.9,2,12600.0,0,398000.0,24,vehicle,0.857,0
31,29900.0,2.1,6800.0,6.8,1,16700.0,0,82000.0,48,medical,0.289,0
54,27400.0,0.8,14600.0,3.9,0,203100.0,0,108000.0,12,home_improvement,0.888,0
36,40500.0,9.8,3300.0,11.6,2,10600.0,0,306000.0,12,personal,0.761,0
29,53800.0,10.2,20100.0,4.2,2,7600.0,0,141000.0,36,home_improvement,0.452,0
52,68700.0,0.1,22500.0,5.5,2,124500.0,1,185000.0,36,personal,0.408,1
35,31400.0,0.3,4800.0,1.8,1,2200.0,1,155000.0,48,education,0.264,0
32,22800.0,12.5,3500.0,0.7,0,261000.0,0,307000.0,12,business,1.365,1
53,55800.0,0.7,10200.0,4.3,0,19700.0,0,173000.0,48,personal,0.253,0
34,17700.0,4.9,3300.0,10.1,1,51500.0,0,128000.0,48,education,0.349,0
28,39400.0,4.8,19100.0,16.0,1,8600.0,0,289000.0,48,home_improvement,0.65,0
28,41800.0,10.2,6200.0,2.4,1,2500.0,0,86000.0,48,home_improvement,0.195,0
47,33800.0,4.3,3400.0,3.1,1,3100.0,0,114000.0,36,vehicle,0.202,0
32,20000.0,2.8,700.0,1.5,0,23000.0,0,70000.0,24,personal,0.192,1
21,34000.0,18.3,12200.0,4.5,2,135800.0,0,153000.0,24,business,0.561,1
63,84000.0,1.3,16600.0,5.8,4,3400.0,0,219000.0,36,medical,0.276,0
60,52400.0,1.5,9000.0,0.2,0,16800.0,0,133000.0,12,vehicle,0.4,0
62,67700.0,0.4,4500.0,7.5,1,2200.0,0,110000.0,12,vehicle,0.213,0
31,23200.0,18.5,12800.0,2.9,1,57500.0,0,82000.0,36,personal,0.658,0
59,45000.0,6.1,10700.0,3.5,1,19700.0,0,204000.0,60,education,0.319,0
63,41800.0,0.1,4300.0,0.9,3,1800.0,0,187000.0,24,vehicle,0.304,1
51,42100.0,6.1,9900.0,0.0,0,17700.0,0,214000.0,48,business,0.35,0
37,51500.0,2.6,20600.0,12.2,1,22900.0,0,119000.0,24,vehicle,0.504,1
53,42900.0,17.1,8900.0,10.5,0,51800.0,0,499000.0,12,personal,1.254,0
52,23500.0,1.6,13000.0,6.0,2,22300.0,0,112000.0,48,education,0.66,0
49,52900.0,6.2,8200.0,2.6,1,300.0,0,227000.0,36,personal,0.284,0
41,58600.0,4.9,19300.0,1.5,2,1000.0,0,178000.0,12,vehicle,0.603,1
41,72700.0,0.1,2100.0,0.7,1,23600.0,0,161000.0,36,vehicle,0.095,0
60,74100.0,10.8,5800.0,0.3,0,1400.0,0,106000.0,24,business,0.143,0
43,49700.0,0.8,13300.0,2.4,0,713200.0,0,63000.0,36,vehicle,0.306,0
26,24000.0,5.4,5100.0,6.3,1,17300.0,0,86000.0,36,education,0.32,0
42,20200.0,7.5,6400.0,5.2,0,26300.0,0,137000.0,24,personal,0.622,0
58,36200.0,5.0,1800.0,5.6,1,6900.0,0,438000.0,36,business,0.413,0
57,60700.0,0.5,18700.0,0.5,4,16500.0,0,170000.0,60,home_improvement,0.358,0
28,59000.0,18.5,11900.0,7.9,0,271000.0,0,138000.0,36,business,0.272,0
61,45400.0,1.4,11500.0,6.5,0,9800.0,0,193000.0,60,medical,0.33,0
55,39500.0,4.9,1900.0,0.4,0,26600.0,0,139000.0,48,personal,0.127,0
31,94500.0,8.0,18000.0,1.8,2,34200.0,0,257000.0,36,medical,0.272,0
44,52000.0,14.0,19500.0,1.9,0,4100.0,1,595000.0,12,personal,1.405,1
41,38600.0,4.6,14800.0,5.3,5,15400.0,1,72000.0,48,business,0.425,1
22,30000.0,1.5,5600.0,7.9,1,19800.0,0,184000.0,36,personal,0.371,0
60,25500.0,9.1,10200.0,1.9,4,65800.0,0,144000.0,12,vehicle,0.908,1
39,24400.0,0.9,2600.0,0.6,3,7800.0,1,150000.0,12,home_improvement,0.66,0
59,25500.0,0.1,4300.0,0.3,2,1800.0,0,392000.0,60,vehicle,0.445,1
48,45500.0,11.9,8500.0,4.1,2,72400.0,0,160000.0,24,home_improvement,0.345,0
37,39800.0,4.3,3000.0,2.8,2,16000.0,0,49000.0,36,medical,0.112,0
26,34700.0,0.4,3200.0,9.3,4,33400.0,0,357000.0,36,business,0.401,0
39,55900.0,4.3,700.0,12.3,1,29100.0,1,298000.0,12,personal,0.492,0
58,90600.0,0.8,6100.0,9.1,0,129200.0,0,126000.0,48,vehicle,0.099,0
48,27700.0,0.2,15300.0,0.3,3,20400.0,0,157000.0,36,medical,0.722,0
22,29600.0,0.6,2000.0,1.3,0,50900.0,0,90000.0,36,education,0.159,0
58,14800.0,7.5,900.0,1.1,0,24500.0,0,328000.0,48,vehicle,0.559,0
57,39700.0,7.0,8100.0,0.3,1,13800.0,0,144000.0,60,home_improvement,0.269,0
24,37900.0,4.6,10700.0,10.0,0,129100.0,0,295000.0,12,vehicle,0.983,1
42,60000.0,1.2,6600.0,9.0,1,59500.0,0,118000.0,36,home_improvement,0.169,0
46,38600.0,6.7,14200.0,2.0,2,5700.0,0,335000.0,24,education,0.758,1
63,30800.0,2.6,6000.0,12.7,2,18500.0,0,358000.0,48,medical,0.456,0
56,43800.0,3.6,7200.0,3.3,1,14400.0,0,110000.0,12,vehicle,0.39,0
33,51600.0,11.4,8500.0,2.3,1,12300.0,0,60000.0,24,personal,0.217,0
52,19400.0,3.1,12800.0,3.2,2,24500.0,0,191000.0,24,vehicle,1.103,1
37,63100.0,4.9,13800.0,2.2,0,20400.0,0,207000.0,36,vehicle,0.317,0
61,72200.0,16.3,31800.0,1.4,0,2500.0,0,306000.0,36,business,0.568,0
56,51300.0,3.0,7200.0,0.8,2,8900.0,0,341000.0,60,vehicle,0.26,0
39,26400.0,4.1,6700.0,2.5,3,9800.0,0,231000.0,12,education,1.041,1
55,34700.0,4.4,18300.0,3.0,1,6400.0,0,72000.0,36,vehicle,0.59,0
60,68300.0,1.4,21000.0,6.9,3,3700.0,0,253000.0,12,business,0.641,0
48,25800.0,6.7,3200.0,2.6,2,8000.0,0,186000.0,36,medical,0.34,0
21,53300.0,6.5,14500.0,7.1,0,9500.0,0,184000.0,36,medical,0.376,0
62,39200.0,1.2,5300.0,12.4,0,12300.0,0,104000.0,12,vehicle,0.374,0
38,43100.0,0.1,15400.0,5.1,0,6700.0,0,75000.0,24,business,0.436,0
60,27600.0,34.3,3800.0,0.5,0,13400.0,0,126000.0,48,vehicle,0.24,1
53,46600.0,4.4,8300.0,2.5,0,1100.0,0,438000.0,24,vehicle,0.601,0
32,45100.0,1.0,10200.0,7.8,1,7800.0,0,72000.0,36,vehicle,0.274,1
28,20300.0,1.7,2500.0,2.7,0,70000.0,0,264000.0,24,medical,0.708,0
44,40100.0,4.8,1800.0,6.7,1,12500.0,0,247000.0,24,personal,0.322,0
36,52900.0,0.7,26900.0,6.0,2,9200.0,0,423000.0,60,vehicle,0.652,1
24,33700.0,0.2,10500.0,0.7,1,12900.0,0,63000.0,12,business,0.48,0
58,13300.0,8.0,4100.0,1.6,1,154900.0,0,206000.0,36,home_improvement,0.773,0
64,38100.0,6.3,15100.0,5.8,0,61800.0,0,389000.0,24,personal,0.856,1
47,77600.0,1.9,12200.0,0.7,0,15500.0,0,108000.0,36,personal,0.199,0
29,34400.0,0.3,6800.0,2.2,1,7200.0,0,344000.0,36,vehicle,0.498,1
36,76300.0,3.3,22500.0,0.6,0,5800.0,0,136000.0,36,home_improvement,0.348,1
32,27800.0,1.6,17400.0,1.1,2,30100.0,0,258000.0,36,medical,0.904,1
51,23800.0,2.5,5800.0,1.3,2,24100.0,0,104000.0,12,medical,0.637,0
44,40000.0,1.6,3600.0,3.0,2,10800.0,0,114000.0,36,business,0.175,0
34,27700.0,1.0,2500.0,9.7,1,63700.0,0,225000.0,48,personal,0.273,0
45,46600.0,2.4,21300.0,1.9,0,9600.0,0,183000.0,24,medical,0.634,0
54,33900.0,16.7,5300.0,7.6,0,5000.0,0,101000.0,48,vehicle,0.223,0
23,77900.0,1.5,2500.0,4.8,0,14900.0,0,325000.0,48,home_improvement,0.126,0
44,32900.0,2.0,7600.0,6.1,1,1500.0,0,324000.0,60,home_improvement,0.408,1
62,41800.0,2.0,20000.0,5.7,1,22500.0,0,54000.0,36,vehicle,0.517,0
29,52500.0,3.3,1000.0,1.4,2,3800.0,0,109000.0,24,personal,0.112,1
46,61700.0,9.3,8700.0,1.1,1,17400.0,1,458000.0,12,home_improvement,0.809,0
40,78100.0,2.6,11300.0,15.2,2,100500.0,0,108000.0,12,business,0.269,0
60,36100.0,8.2,7600.0,5.4,0,11200.0,0,56000.0,60,education,0.238,0
30,33500.0,0.6,4100.0,1.8,1,23700.0,0,426000.0,36,personal,0.504,0
39,17000.0,11.3,5000.0,3.2,1,6500.0,0,79000.0,12,medical,0.712,1
23,100600.0,1.0,20200.0,6.0,0,39700.0,1,50000.0,24,education,0.223,1
44,47200.0,0.2,6700.0,0.2,1,17500.0,0,30000.0,36,personal,0.161,0
25,56300.0,0.9,7900.0,0.4,1,8100.0,0,137000.0,60,business,0.184,0
23,51500.0,1.1,3800.0,0.1,2,1500.0,1,330000.0,48,medical,0.218,1
47,41000.0,3.6,5400.0,0.7,1,16800.0,0,185000.0,36,personal,0.267,0
36,47000.0,3.0,800.0,0.5,1,7800.0,0,306000.0,12,business,0.603,1
35,31200.0,6.3,6800.0,2.5,3,83900.0,0,146000.0,36,business,0.358,1
55,35000.0,0.3,17100.0,1.4,2,1100.0,0,64000.0,24,vehicle,0.571,1
32,26200.0,3.4,10200.0,0.2,2,41300.0,0,246000.0,12,personal,1.234,1
61,80900.0,2.0,49900.0,2.4,1,16200.0,0,293000.0,48,vehicle,0.698,1
64,51700.0,5.0,8500.0,3.5,3,8700.0,0,360000.0,60,education,0.29,0
46,97700.0,0.2,22300.0,1.8,0,94700.0,0,81000.0,36,personal,0.253,0
54,112800.0,0.2,19000.0,1.2,0,41600.0,0,103000.0,12,personal,0.251,0
43,21300.0,2.8,4300.0,2.0,4,5000.0,0,210000.0,36,medical,0.498,1
51,62500.0,8.3,8300.0,2.9,1,4000.0,0,58000.0,12,education,0.216,0
40,21800.0,5.6,3300.0,2.3,2,39500.0,0,96000.0,48,home_improvement,0.25,0
32,43500.0,0.1,12700.0,0.4,3,47000.0,0,156000.0,36,home_improvement,0.4,0
43,46200.0,1.0,24200.0,2.4,0,6700.0,0,194000.0,24,education,0.713,1
24,22500.0,1.3,5000.0,5.1,1,47000.0,0,68000.0,48,home_improvement,0.29,1
43,28800.0,2.8,6600.0,6.9,1,93600.0,1,189000.0,48,home_improvement,0.377,1
21,47200.0,4.4,12800.0,2.3,0,26900.0,0,235000.0,48,medical,0.383,0
45,43400.0,1.2,15700.0,20.3,0,30300.0,0,428000.0,48,home_improvement,0.584,0
22,25400.0,2.4,4500.0,7.4,5,97700.0,0,260000.0,48,medical,0.407,1
50,29300.0,4.4,6200.0,1.0,0,13700.0,0,51000.0,36,medical,0.264,0
23,20500.0,2.4,2800.0,2.4,0,27400.0,0,289000.0,36,business,0.559,1
41,23400.0,0.8,4600.0,1.4,4,9800.0,0,123000.0,36,vehicle,0.354,0
45,34000.0,3.4,24500.0,3.2,0,10900.0,0,325000.0,12,education,1.581,1
40,62600.0,2.0,17000.0,1.0,0,19300.0,0,378000.0,24,home_improvement,0.543,0
42,66300.0,10.0,23600.0,0.1,1,3400.0,0,133000.0,24,vehicle,0.446,0
41,91600.0,7.5,58000.0,9.4,0,51000.0,0,123000.0,36,personal,0.673,0
53,48600.0,1.1,19100.0,2.9,1,31000.0,0,127000.0,48,education,0.452,0
58,43700.0,0.8,12800.0,9.9,2,4300.0,0,269000.0,48,business,0.431,0
35,50200.0,2.1,9400.0,0.5,2,2300.0,1,177000.0,24,personal,0.346,1
35,49900.0,2.7,11000.0,0.7,1,8000.0,0,139000.0,36,vehicle,0.304,0
45,19400.0,13.4,7200.0,1.0,1,20600.0,0,135000.0,36,personal,0.58,1
41,93900.0,1.8,19600.0,2.4,1,8000.0,0,107000.0,24,personal,0.26,0
44,16800.0,10.1,12200.0,8.5,0,31300.0,0,396000.0,48,personal,1.256,0
25,67300.0,3.5,4800.0,4.2,1,2100.0,0,131000.0,24,personal,0.159,0
26,41200.0,10.8,10400.0,0.2,1,10200.0,0,173000.0,36,home_improvement,0.378,1
63,24600.0,6.1,6200.0,2.1,0,22300.0,0,113000.0,48,personal,0.355,0
64,51000.0,6.2,4400.0,5.1,2,6600.0,0,263000.0,36,medical,0.241,0
43,38100.0,3.7,10700.0,1.6,1,6300.0,0,510000.0,12,personal,1.486,1
24,29500.0,9.2,3700.0,2.7,0,47600.0,0,198000.0,24,personal,0.427,0
47,21600.0,1.5,10200.0,5.0,2,19000.0,0,167000.0,12,personal,1.168,1
38,20800.0,11.9,3900.0,13.4,0,29300.0,0,276000.0,48,personal,0.486,0
41,30500.0,5.1,4000.0,1.6,2,56000.0,0,249000.0,24,education,0.499,1
48,33700.0,2.9,1700.0,5.5,1,14700.0,0,90000.0,48,personal,0.111,0
55,23300.0,20.1,6700.0,5.5,1,18100.0,0,121000.0,24,business,0.521,0
42,40800.0,9.9,6800.0,3.1,0,42300.0,0,86000.0,24,personal,0.262,0
60,24800.0,7.4,1500.0,6.7,0,106200.0,0,161000.0,12,personal,0.645,0
43,47200.0,1.6,7400.0,3.1,0,34400.0,1,83000.0,36,business,0.21,0
23,69900.0,18.2,11600.0,3.9,4,127600.0,0,354000.0,36,business,0.318,1
60,45700.0,6.8,26400.0,7.3,3,96000.0,0,137000.0,24,personal,0.713,0
30,38500.0,4.6,3400.0,2.6,3,1800.0,1,338000.0,36,home_improvement,0.352,1
45,31500.0,12.7,2700.0,2.6,0,40100.0,0,442000.0,12,vehicle,1.349,1
28,76900.0,0.9,8200.0,3.6,0,5600.0,1,232000.0,48,medical,0.175,1
31,36800.0,0.7,200.0,6.5,1,62500.0,0,241000.0,48,business,0.153,0
25,123100.0,4.1,47400.0,0.5,1,64600.0,0,111000.0,24,medical,0.426,0
57,23600.0,0.3,5100.0,5.9,1,37300.0,0,81000.0,24,vehicle,0.371,0
58,45700.0,5.5,9600.0,1.4,0,2200.0,0,312000.0,36,personal,0.415,0
49,75800.0,1.4,31200.0,0.3,0,19700.0,0,183000.0,36,personal,0.484,0
25,29400.0,0.6,3400.0,6.3,2,61100.0,0,521000.0,48,business,0.514,0
29,36100.0,2.6,1200.0,0.6,1,19500.0,0,190000.0,12,home_improvement,0.507,0
22,53200.0,3.1,10000.0,1.0,3,17700.0,0,100000.0,36,personal,0.244,1
21,47800.0,0.9,13100.0,4.9,1,6400.0,0,142000.0,48,medical,0.341,0
60,51600.0,0.2,24900.0,3.3,0,19100.0,0,79000.0,24,personal,0.551,0
50,67700.0,2.7,12900.0,10.1,0,5200.0,0,144000.0,24,personal,0.286,0
31,34300.0,7.1,9000.0,12.3,2,26500.0,0,71000.0,36,personal,0.324,1
48,76600.0,10.4,27700.0,1.5,2,9100.0,0,90000.0,12,personal,0.467,1
64,18500.0,0.5,3600.0,1.6,1,1900.0,0,263000.0,36,medical,0.621,0
32,65200.0,3.7,44300.0,0.9,1,2300.0,0,84000.0,36,home_improvement,0.718,0
59,67300.0,1.5,14000.0,2.9,2,13200.0,0,235000.0,36,personal,0.313,0
46,28300.0,2.3,2800.0,1.9,1,7500.0,0,87000.0,36,vehicle,0.191,0
33,20900.0,13.5,13600.0,0.1,2,33200.0,0,171000.0,48,personal,0.835,1
28,36200.0,2.2,10700.0,2.0,0,15400.0,0,142000.0,12,education,0.649,0
48,48100.0,2.3,13200.0,0.3,1,81600.0,0,196000.0,36,personal,0.397,0
50,34500.0,1.2,6100.0,6.4,2,120900.0,0,163000.0,48,home_improvement,0.283,0
29,50300.0,16.1,1600.0,10.6,3,35800.0,0,109000.0,48,personal,0.081,0
59,96000.0,3.0,800.0,1.4,4,30100.0,0,327000.0,24,business,0.162,0
51,21700.0,4.2,6700.0,4.2,1,3000.0,0,69000.0,24,personal,0.452,1
41,16700.0,3.0,3500.0,0.4,1,11600.0,0,96000.0,36,vehicle,0.382,0
54,38900.0,1.5,8800.0,1.8,3,10400.0,0,67000.0,36,home_improvement,0.278,1
51,29600.0,8.3,12100.0,3.4,0,17400.0,0,92000.0,24,education,0.549,0
45,32300.0,0.1,11700.0,0.4,1,13000.0,0,149000.0,48,home_improvement,0.466,1
32,71000.0,5.9,19100.0,1.9,0,14600.0,0,56000.0,36,personal,0.293,0
21,38000.0,4.5,17500.0,12.4,1,14800.0,0,237000.0,36,personal,0.648,0
42,39600.0,0.8,15400.0,0.7,1,16800.0,1,334000.0,24,business,0.768,0
60,33000.0,0.9,6900.0,3.9,1,50800.0,1,337000.0,12,business,1.128,0
57,39400.0,5.4,6400.0,7.2,0,30000.0,0,56000.0,48,personal,0.194,0
21,45300.0,1.9,21900.0,5.9,0,7400.0,0,140000.0,24,personal,0.623,1
21,140500.0,1.5,23100.0,5.9,0,3000.0,0,213000.0,36,vehicle,0.21,0
62,45500.0,0.3,11700.0,0.2,0,3300.0,0,276000.0,12,education,0.803,1
62,67700.0,7.3,11400.0,14.5,0,8700.0,0,163000.0,36,education,0.241,0
41,43600.0,10.7,3300.0,5.2,1,91300.0,0,102000.0,36,business,0.146,0
35,16100.0,8.6,8700.0,12.3,2,21500.0,0,226000.0,24,personal,1.172,1
37,31100.0,3.1,3100.0,15.5,0,37100.0,0,232000.0,24,personal,0.435,0
42,45500.0,3.8,4500.0,1.8,1,4400.0,0,230000.0,48,personal,0.213,1
58,55600.0,1.4,33600.0,3.1,1,7800.0,0,231000.0,36,personal,0.729,0
55,44100.0,0.9,3900.0,5.2,1,25500.0,0,398000.0,24,vehicle,0.495,0
36,60700.0,8.7,12100.0,7.6,0,14200.0,0,155000.0,36,vehicle,0.276,1
28,20800.0,8.0,6300.0,14.2,0,39900.0,1,88000.0,48,education,0.398,0
37,41000.0,7.5,8300.0,14.7,0,7800.0,1,167000.0,60,vehicle,0.276,1
37,73000.0,3.1,5500.0,1.6,0,34300.0,1,97000.0,12,education,0.195,0
46,25900.0,10.0,15600.0,4.6,1,1700.0,0,240000.0,36,vehicle,0.88,0
33,66500.0,13.0,28900.0,0.6,2,29200.0,0,333000.0,36,business,0.585,0
37,64900.0,2.0,44800.0,6.7,1,262100.0,0,247000.0,60,education,0.759,0
58,23000.0,1.3,6400.0,0.7,0,22300.0,0,76000.0,60,education,0.338,0
37,46700.0,3.1,20900.0,8.9,3,52800.0,1,228000.0,36,business,0.594,1
34,43100.0,1.0,12500.0,15.5,1,5600.0,0,1017000.0,24,vehicle,1.352,1
26,37100.0,10.8,19700.0,0.4,0,51400.0,0,124000.0,36,personal,0.631,1
55,20200.0,2.1,2200.0,2.9,0,4300.0,0,151000.0,12,home_improvement,0.782,1
34,35700.0,4.3,10800.0,1.2,0,24800.0,0,163000.0,24,education,0.508,0
28,37400.0,4.5,8300.0,2.5,1,58000.0,0,199000.0,48,business,0.342,1
35,18700.0,3.6,2100.0,1.4,0,3200.0,0,108000.0,48,vehicle,0.242,0
47,22300.0,0.9,3300.0,0.3,0,4800.0,0,333000.0,60,personal,0.417,0
33,26400.0,23.6,8100.0,2.0,1,3100.0,0,523000.0,48,home_improvement,0.753,1
51,25000.0,0.9,7900.0,0.9,1,1100.0,1,79000.0,24,home_improvement,0.458,0
55,46500.0,7.0,17300.0,3.2,1,100900.0,0,163000.0,24,education,0.53,0
26,60500.0,7.8,20000.0,4.6,1,39100.0,0,151000.0,36,personal,0.405,0
25,34900.0,0.8,14200.0,2.1,3,4500.0,0,96000.0,24,personal,0.531,1
42,56700.0,13.5,7200.0,0.9,0,9400.0,0,420000.0,36,business,0.349,0
43,61600.0,3.3,37700.0,0.9,1,1200.0,1,186000.0,12,home_improvement,0.884,1
45,38600.0,5.0,6800.0,0.0,1,4700.0,0,143000.0,60,personal,0.243,0
54,48200.0,5.1,23400.0,4.8,0,67000.0,0,86000.0,60,vehicle,0.518,1
46,36300.0,3.5,9500.0,1.2,1,1000.0,0,173000.0,12,business,0.691,0
25,24200.0,0.8,1400.0,14.1,0,2300.0,0,161000.0,12,home_improvement,0.657,1
46,28700.0,7.0,7400.0,5.5,2,17500.0,0,291000.0,36,medical,0.562,0
40,46500.0,4.4,4200.0,1.4,1,33300.0,0,221000.0,12,personal,0.518,0
26,38000.0,0.6,13900.0,0.7,0,4200.0,0,292000.0,12,vehicle,1.057,0
26,55900.0,6.0,22800.0,3.9,2,3700.0,0,168000.0,24,vehicle,0.543,0
38,17200.0,6.1,900.0,8.0,2,6900.0,0,325000.0,60,personal,0.392,1
24,19100.0,4.0,4900.0,3.5,2,7900.0,0,219000.0,60,vehicle,0.463,1
37,20200.0,0.5,1900.0,0.0,2,300.0,0,422000.0,60,vehicle,0.47,1
34,43300.0,2.2,8200.0,6.2,2,11100.0,0,84000.0,24,vehicle,0.277,0
34,21600.0,0.3,4400.0,13.3,2,2500.0,0,223000.0,12,home_improvement,1.133,1
33,46400.0,3.2,18500.0,0.2,1,5800.0,0,115000.0,12,vehicle,0.622,0
27,56300.0,11.8,9600.0,6.6,1,25200.0,0,164000.0,36,home_improvement,0.258,0
64,79400.0,0.0,25200.0,5.1,0,5300.0,0,271000.0,24,home_improvement,0.471,0
35,75600.0,1.6,14000.0,2.0,2,9600.0,0,132000.0,48,personal,0.224,0
39,29400.0,8.0,5100.0,4.0,3,8900.0,0,116000.0,36,business,0.292,0
63,18900.0,0.0,600.0,0.7,0,2400.0,0,382000.0,60,education,0.396,0
64,30200.0,0.1,6900.0,5.1,2,13600.0,0,154000.0,60,education,0.32,0
55,62300.0,4.7,20800.0,3.5,1,31000.0,0,231000.0,36,medical,0.445,0
37,33700.0,7.8,8000.0,0.4,2,33400.0,0,217000.0,48,education,0.382,1
55,39700.0,7.5,10200.0,8.1,0,7500.0,0,190000.0,24,business,0.472,0
39,31200.0,7.6,4600.0,0.5,1,5100.0,0,142000.0,48,personal,0.25,0
40,81800.0,2.2,11400.0,2.3,0,17000.0,0,453000.0,48,personal,0.264,1
56,25400.0,10.7,7900.0,0.6,2,176800.0,0,282000.0,24,home_improvement,0.811,1
55,41400.0,0.1,7500.0,4.2,0,25400.0,0,134000.0,48,business,0.254,0
52,66100.0,1.9,30300.0,5.4,0,13900.0,0,82000.0,36,personal,0.496,0
64,91900.0,2.1,6100.0,11.8,4,8800.0,1,79000.0,12,education,0.144,1
60,29400.0,0.9,5100.0,1.2,2,6000.0,0,219000.0,60,personal,0.308,0
44,61800.0,2.0,15600.0,1.8,0,1000.0,0,397000.0,24,business,0.541,1
37,30200.0,4.4,3700.0,2.0,1,13500.0,0,66000.0,36,medical,0.188,0
27,74600.0,3.7,14200.0,0.4,1,4100.0,0,44000.0,48,vehicle,0.204,0
63,87400.0,1.9,20800.0,6.6,2,10800.0,0,66000.0,24,business,0.272,0
21,26900.0,6.9,12500.0,0.3,1,20000.0,0,542000.0,24,vehicle,1.371,1
55,53900.0,6.3,5500.0,1.7,1,85400.0,0,236000.0,36,personal,0.233,0
52,66200.0,1.6,15800.0,0.8,0,3100.0,1,138000.0,24,education,0.332,1
56,35200.0,2.0,5900.0,4.4,2,4700.0,0,69000.0,36,vehicle,0.226,1
33,51400.0,1.7,17200.0,9.4,1,48400.0,0,166000.0,24,personal,0.48,1
26,52600.0,0.7,11500.0,5.5,1,4600.0,0,120000.0,60,personal,0.26,0
34,99100.0,7.0,21900.0,6.0,2,8600.0,0,100000.0,24,business,0.266,0
57,16500.0,0.2,4200.0,0.3,2,3500.0,0,191000.0,36,home_improvement,0.602,0
35,39100.0,0.8,9600.0,5.4,0,65800.0,0,39000.0,24,business,0.29,0
24,22900.0,0.6,2400.0,0.3,3,20500.0,0,303000.0,36,education,0.502,1
60,40400.0,8.7,6600.0,2.6,1,4200.0,0,75000.0,24,personal,0.247,0
36,28200.0,0.2,4400.0,4.7,2,58900.0,0,345000.0,36,medical,0.523,1
48,35800.0,5.5,14200.0,1.2,0,93000.0,0,39000.0,36,personal,0.429,1
36,27100.0,0.2,2000.0,4.6,0,2600.0,0,134000.0,48,home_improvement,0.185,0
24,43000.0,7.7,2900.0,8.5,2,49200.0,0,147000.0,24,home_improvement,0.221,0
46,65100.0,12.2,18900.0,8.4,2,17300.0,0,315000.0,48,personal,0.399,0
48,33900.0,3.3,1100.0,0.9,1,2100.0,0,285000.0,24,business,0.411,1
52,76400.0,8.2,5100.0,1.3,1,12000.0,0,320000.0,12,education,0.444,1
22,64200.0,6.1,24600.0,4.4,1,16500.0,0,155000.0,60,vehicle,0.427,0
51,100200.0,7.9,12500.0,7.4,2,1500.0,0,314000.0,24,home_improvement,0.266,1
23,48300.0,7.3,11800.0,2.4,2,185800.0,0,92000.0,60,business,0.279,0
28,39000.0,1.1,10100.0,10.2,0,6400.0,0,61000.0,36,business,0.306,0
44,19700.0,3.5,6400.0,3.4,1,22100.0,0,498000.0,48,business,0.894,1
35,28200.0,16.1,2500.0,1.2,2,12000.0,0,237000.0,12,home_improvement,0.845,0
63,36600.0,2.1,3100.0,0.1,2,9600.0,0,83000.0,36,vehicle,0.153,0
51,38600.0,17.6,4400.0,6.6,1,6600.0,0,220000.0,12,personal,0.627,1
29,115500.0,4.4,47900.0,0.4,1,15400.0,0,104000.0,24,personal,0.455,0
59,36600.0,3.1,6700.0,0.3,1,3600.0,1,257000.0,12,medical,0.815,1
22,18100.0,5.4,8100.0,6.0,0,13400.0,0,127000.0,36,home_improvement,0.658,0
28,54100.0,8.5,23400.0,0.1,0,2000.0,1,148000.0,48,business,0.494,0
27,52700.0,2.5,30200.0,7.4,1,39200.0,0,164000.0,48,home_improvement,0.643,0
64,32600.0,0.2,2800.0,3.7,0,6600.0,0,361000.0,36,personal,0.418,0
59,104600.0,6.2,13000.0,4.0,2,10900.0,0,395000.0,48,personal,0.209,0
62,17100.0,15.6,5000.0,11.1,2,24600.0,0,133000.0,24,education,0.642,0
36,70400.0,4.9,22900.0,8.1,1,68600.0,0,68000.0,24,education,0.369,0
55,35200.0,1.0,9300.0,0.3,1,116800.0,0,107000.0,60,business,0.319,0
50,26200.0,1.4,10800.0,7.7,1,40900.0,0,237000.0,24,home_improvement,0.819,1
30,118200.0,12.0,15300.0,4.4,1,3100.0,0,78000.0,60,medical,0.141,0
58,55900.0,0.1,10800.0,1.5,0,67000.0,1,559000.0,48,personal,0.418,0
38,35100.0,4.0,800.0,7.7,3,4300.0,0,61000.0,48,personal,0.062,0
25,34800.0,0.9,4000.0,0.1,2,3800.0,0,89000.0,48,personal,0.172,0
49,45400.0,1.7,3400.0,7.3,0,7800.0,0,61000.0,24,vehicle,0.135,0
59,32600.0,1.8,3900.0,3.9,3,22300.0,0,194000.0,48,personal,0.254,0
54,72000.0,1.2,38900.0,1.2,1,219500.0,0,98000.0,24,vehicle,0.602,0
63,41800.0,7.9,20200.0,0.0,0,9900.0,0,195000.0,24,home_improvement,0.693,0
43,63400.0,2.0,16600.0,2.9,1,400400.0,0,207000.0,48,education,0.335,1
25,44100.0,2.1,2800.0,2.2,1,37600.0,1,226000.0,24,vehicle,0.294,1
50,59400.0,3.0,12800.0,7.9,1,7600.0,0,78000.0,48,business,0.245,0
26,73500.0,11.6,21300.0,6.2,0,41200.0,0,134000.0,12,vehicle,0.454,0
64,85500.0,5.8,15900.0,3.6,2,4000.0,0,431000.0,24,personal,0.413,0
24,50100.0,0.3,21000.0,0.7,0,7700.0,0,90000.0,60,home_improvement,0.451,0
49,27200.0,0.2,8700.0,5.2,1,5300.0,0,108000.0,36,business,0.439,0
43,37100.0,4.2,11200.0,3.6,0,29600.0,0,143000.0,36,vehicle,0.418,0
26,39700.0,10.9,8100.0,0.1,1,54400.0,1,198000.0,36,vehicle,0.354,0
52,31000.0,2.0,2800.0,5.7,0,14400.0,1,110000.0,36,business,0.197,1
62,28800.0,1.4,8900.0,7.1,1,9600.0,0,187000.0,12,business,0.893,1
38,43400.0,6.9,5200.0,6.0,1,10000.0,0,189000.0,48,business,0.218,1
35,25800.0,4.6,7700.0,0.8,2,1500.0,0,270000.0,48,vehicle,0.534,1
60,23600.0,4.2,8800.0,2.8,1,8200.0,0,262000.0,36,education,0.706,0
52,18700.0,0.8,2400.0,3.0,0,14600.0,0,60000.0,48,home_improvement,0.201,0
29,49800.0,1.0,21200.0,10.9,2,185700.0,0,197000.0,48,business,0.515,0
57,46800.0,1.7,18500.0,10.4,2,3300.0,0,122000.0,36,business,0.473,0
30,34700.0,1.2,5400.0,0.3,0,19800.0,0,69000.0,12,education,0.335,0
40,62800.0,17.8,14400.0,28.5,1,2700.0,0,340000.0,12,personal,0.717,0
26,25600.0,0.1,6200.0,6.2,0,21600.0,0,75000.0,12,home_improvement,0.506,1
23,47600.0,4.9,11000.0,1.9,2,19800.0,0,61000.0,36,business,0.27,0
62,41100.0,3.6,3100.0,5.4,1,56500.0,0,110000.0,24,medical,0.196,0
31,28800.0,2.0,600.0,1.9,0,15000.0,1,141000.0,24,personal,0.241,1
63,32200.0,10.9,17100.0,11.0,1,15900.0,0,122000.0,48,business,0.616,0
37,31100.0,5.5,8700.0,1.9,1,22200.0,1,706000.0,36,personal,0.961,1
52,45000.0,32.0,8600.0,5.8,0,10100.0,0,131000.0,60,personal,0.244,0
24,52400.0,0.9,15600.0,0.7,3,16400.0,0,79000.0,60,vehicle,0.325,0
24,33100.0,0.5,7300.0,7.7,1,12700.0,0,230000.0,36,business,0.429,1
37,29100.0,0.8,6100.0,3.9,0,4100.0,1,60000.0,36,personal,0.271,0
61,42700.0,1.6,10200.0,6.6,1,29600.0,0,63000.0,60,personal,0.265,0
39,19100.0,2.7,8600.0,2.2,0,95400.0,0,330000.0,48,medical,0.839,1
25,40800.0,9.9,15000.0,1.7,1,3900.0,0,347000.0,36,vehicle,0.623,1
52,81000.0,1.7,34000.0,3.0,0,20800.0,1,80000.0,36,business,0.449,0
42,29200.0,12.3,9500.0,2.0,1,70800.0,1,671000.0,36,personal,1.015,1
26,37100.0,3.1,3100.0,2.9,0,11400.0,0,119000.0,12,personal,0.372,0
55,63600.0,5.2,24500.0,2.3,1,103200.0,0,72000.0,12,personal,0.487,1
42,56400.0,1.5,18900.0,0.9,1,44200.0,0,212000.0,24,personal,0.504,0
21,41300.0,0.8,6200.0,15.0,2,3800.0,0,124000.0,36,personal,0.24,0
40,39100.0,10.2,8400.0,0.1,1,7100.0,0,108000.0,60,business,0.265,0
42,23000.0,0.6,3200.0,10.4,4,41600.0,0,95000.0,24,business,0.325,0
31,50100.0,7.4,13800.0,7.0,0,1400.0,0,97000.0,48,vehicle,0.319,0
33,21900.0,4.3,1800.0,2.2,2,4900.0,0,228000.0,12,personal,1.019,0
62,15800.0,9.9,2800.0,1.6,0,22000.0,0,251000.0,48,medical,0.535,0
23,63200.0,6.3,8400.0,0.7,0,6900.0,0,165000.0,12,home_improvement,0.368,0
29,47800.0,1.7,11200.0,0.6,0,3000.0,0,376000.0,60,education,0.376,0
32,59600.0,4.3,2000.0,3.2,2,14000.0,0,137000.0,36,education,0.103,0
43,28800.0,0.1,6300.0,0.4,1,60700.0,0,230000.0,36,business,0.458,0
34,49500.0,3.2,8800.0,2.6,1,5100.0,0,320000.0,60,business,0.294,1
53,32900.0,0.4,5700.0,6.7,0,6100.0,0,356000.0,36,business,0.498,0
38,34600.0,2.8,9600.0,5.7,0,10700.0,0,109000.0,60,medical,0.334,0
61,62200.0,0.6,5300.0,0.6,1,133500.0,0,154000.0,36,home_improvement,0.159,0
29,37500.0,15.6,8700.0,13.0,0,4000.0,0,180000.0,24,business,0.448,0
43,29300.0,3.7,4200.0,1.3,0,3600.0,0,745000.0,12,personal,2.432,1
30,21700.0,12.2,4500.0,4.9,0,21400.0,0,167000.0,60,vehicle,0.346,0
39,47200.0,0.1,2600.0,1.4,1,87200.0,0,64000.0,24,business,0.116,0
25,64700.0,5.1,5900.0,3.8,2,5500.0,0,468000.0,12,business,0.742,1
43,28200.0,1.8,2100.0,3.4,1,122200.0,0,109000.0,60,vehicle,0.144,0
50,54700.0,2.8,18600.0,0.8,1,2100.0,0,169000.0,36,personal,0.433,0
45,26300.0,10.3,3800.0,4.2,2,2500.0,0,72000.0,36,medical,0.227,0
48,56200.0,19.6,18400.0,1.6,1,5400.0,0,187000.0,60,vehicle,0.387,1
54,40700.0,1.4,4400.0,3.8,1,12600.0,0,279000.0,24,vehicle,0.417,0
45,45300.0,14.8,4300.0,3.1,2,9100.0,0,87000.0,36,vehicle,0.153,0
30,29300.0,5.8,7800.0,7.4,1,4700.0,0,308000.0,24,home_improvement,0.739,1
34,47100.0,15.1,13400.0,1.0,2,900.0,0,353000.0,24,personal,0.622,1
62,30700.0,4.1,5900.0,0.7,1,13500.0,0,245000.0,36,personal,0.432,0
50,33300.0,16.2,11400.0,7.7,0,10200.0,0,120000.0,24,medical,0.504,1
61,20300.0,11.1,3700.0,2.4,1,13200.0,0,151000.0,36,personal,0.405,0
45,28400.0,0.7,4300.0,6.1,3,3800.0,0,108000.0,12,education,0.494,1
34,31700.0,1.9,3500.0,12.8,2,8700.0,0,103000.0,36,home_improvement,0.208,0
55,46200.0,1.4,4100.0,3.1,1,11500.0,0,259000.0,48,home_improvement,0.215,0
54,52500.0,4.2,10800.0,1.4,1,7200.0,0,270000.0,24,vehicle,0.437,1
30,30500.0,8.1,6000.0,6.3,1,5700.0,0,162000.0,12,home_improvement,0.675,0
55,37300.0,7.1,21300.0,10.7,1,25600.0,0,256000.0,12,medical,1.189,1
31,85700.0,6.5,24400.0,1.1,2,2500.0,0,165000.0,36,business,0.342,1
31,42600.0,2.4,8400.0,4.7,0,12300.0,0,121000.0,60,medical,0.248,0
41,31500.0,0.8,10300.0,6.1,0,6700.0,0,73000.0,36,business,0.396,0
41,18800.0,1.2,10700.0,0.1,1,6600.0,0,99000.0,12,vehicle,1.043,0
42,27300.0,6.8,6100.0,3.6,2,37400.0,0,178000.0,60,home_improvement,0.341,0
27,26900.0,0.8,10800.0,4.0,1,31800.0,0,147000.0,48,personal,0.524,1
37,97700.0,1.3,47900.0,4.0,0,16600.0,0,86000.0,36,medical,0.517,0
22,27400.0,2.8,10600.0,0.4,1,25600.0,1,231000.0,48,personal,0.577,1
32,41100.0,0.4,7700.0,0.1,2,23500.0,0,257000.0,24,education,0.469,1
62,47400.0,1.2,19600.0,1.4,3,5000.0,0,137000.0,12,home_improvement,0.674,1
38,66000.0,0.8,29500.0,1.8,4,11500.0,0,310000.0,24,vehicle,0.658,1
31,40300.0,15.1,4200.0,0.6,1,5200.0,1,57000.0,24,business,0.168,0
36,31900.0,1.1,6300.0,2.9,0,13000.0,0,248000.0,24,personal,0.547,0
38,31000.0,9.9,6700.0,1.0,3,300.0,0,630000.0,36,home_improvement,0.826,1
55,47100.0,0.6,14600.0,1.6,2,400.0,0,254000.0,36,personal,0.472,1
46,29500.0,10.2,7300.0,1.4,1,16800.0,1,70000.0,12,home_improvement,0.461,0
36,24400.0,4.6,1500.0,5.9,2,65100.0,0,170000.0,24,education,0.375,0
26,31900.0,9.5,11100.0,8.4,1,11800.0,0,330000.0,12,vehicle,1.279,1
64,22100.0,10.1,4400.0,1.4,2,4400.0,0,68000.0,36,home_improvement,0.291,0
63,92300.0,4.5,25800.0,1.9,0,7300.0,0,66000.0,48,home_improvement,0.296,1
62,52500.0,12.5,10000.0,6.8,3,19100.0,0,590000.0,36,personal,0.528,0
32,83200.0,4.4,22800.0,5.7,0,103500.0,0,156000.0,48,vehicle,0.316,0
33,49900.0,6.2,4500.0,4.9,4,200.0,1,106000.0,36,personal,0.154,1
24,79700.0,2.7,19400.0,4.9,1,32000.0,0,69000.0,24,personal,0.282,0
59,47400.0,12.3,1600.0,1.4,1,6500.0,0,200000.0,36,education,0.16,0
22,55600.0,8.7,25200.0,11.0,1,12500.0,0,164000.0,48,home_improvement,0.52,1
46,15400.0,0.9,7300.0,6.6,0,500.0,0,133000.0,24,education,0.863,0
47,26600.0,4.3,6700.0,1.0,0,5500.0,0,402000.0,36,personal,0.705,0
47,40800.0,11.4,14300.0,4.3,2,10100.0,1,92000.0,36,education,0.418,1
35,41300.0,7.9,12200.0,0.7,2,20400.0,0,175000.0,60,vehicle,0.372,0
28,38800.0,16.4,23400.0,3.4,1,1700.0,0,86000.0,36,vehicle,0.67,0
27,49200.0,1.3,21600.0,1.4,0,31900.0,0,185000.0,12,vehicle,0.777,0
60,50100.0,2.3,27000.0,0.4,1,33000.0,0,192000.0,36,personal,0.654,0
32,59200.0,3.5,15300.0,3.7,1,57400.0,0,153000.0,24,vehicle,0.375,0
33,54200.0,1.3,26600.0,8.6,1,13500.0,1,54000.0,36,home_improvement,0.521,0
63,69000.0,2.5,16700.0,0.6,2,7200.0,0,170000.0,36,home_improvement,0.316,1
37,69300.0,3.9,4000.0,9.2,1,172800.0,0,498000.0,36,personal,0.273,0
37,43400.0,1.1,19500.0,0.5,1,2200.0,0,47000.0,12,home_improvement,0.547,0
56,102400.0,1.5,12900.0,5.4,1,13800.0,0,158000.0,48,personal,0.161,0
41,74000.0,0.7,21300.0,18.3,1,13600.0,0,449000.0,60,vehicle,0.397,0
28,27900.0,6.2,12900.0,0.4,0,60200.0,0,96000.0,36,vehicle,0.566,1
25,47900.0,2.2,11200.0,1.0,2,7900.0,1,102000.0,36,vehicle,0.298,0
46,17500.0,1.2,3400.0,2.5,3,8800.0,0,385000.0,36,vehicle,0.854,0
36,18900.0,3.5,3000.0,5.4,2,262200.0,0,142000.0,36,home_improvement,0.384,0
56,32100.0,0.4,10800.0,9.1,2,57600.0,0,220000.0,48,education,0.491,0
48,27100.0,12.8,11500.0,5.2,3,19800.0,0,154000.0,24,personal,0.68,1
49,32100.0,1.7,4700.0,5.9,2,6700.0,0,186000.0,12,vehicle,0.668,0
32,46500.0,10.9,11700.0,2.4,0,27900.0,0,634000.0,12,business,1.479,1
57,69700.0,3.4,20300.0,1.8,1,53500.0,0,43000.0,24,personal,0.319,0
50,68000.0,9.5,28900.0,2.8,1,4800.0,0,208000.0,36,personal,0.517,0
43,48300.0,1.4,9200.0,4.2,1,2900.0,0,614000.0,36,business,0.572,0
36,24600.0,1.0,5700.0,2.8,1,25200.0,0,175000.0,24,business,0.552,0
34,31200.0,9.5,11000.0,6.2,4,35200.0,0,271000.0,12,medical,1.134,1
30,53500.0,1.2,6000.0,0.7,0,36300.0,0,258000.0,24,personal,0.329,0
27,27700.0,6.9,4800.0,2.0,0,9000.0,0,182000.0,48,personal,0.321,0
57,22700.0,2.1,8700.0,0.3,1,14100.0,0,432000.0,36,business,0.954,1
49,50100.0,6.9,18200.0,4.5,1,22600.0,1,131000.0,48,business,0.422,1
23,39300.0,11.9,20000.0,5.7,0,22800.0,0,90000.0,36,medical,0.578,1
35,36500.0,20.0,4900.0,4.4,0,10500.0,0,62000.0,24,business,0.211,0
56,66100.0,2.2,6000.0,12.4,1,4600.0,0,94000.0,60,business,0.116,0
39,65500.0,2.3,2600.0,10.8,2,8600.0,0,279000.0,48,personal,0.136,0
33,89500.0,19.9,15000.0,1.3,0,97900.0,0,183000.0,60,home_improvement,0.204,0
62,29900.0,9.9,18000.0,1.1,1,27900.0,0,327000.0,24,business,1.094,1
41,48700.0,0.2,19100.0,0.1,1,17000.0,1,296000.0,36,home_improvement,0.575,1
57,40500.0,4.3,15400.0,2.8,2,5800.0,0,81000.0,36,home_improvement,0.44,0
47,46700.0,1.0,7100.0,7.9,0,4500.0,0,166000.0,24,personal,0.312,0
49,24100.0,25.6,9800.0,0.7,2,9200.0,0,273000.0,48,personal,0.661,0
40,21400.0,0.7,3600.0,3.6,1,2600.0,0,316000.0,12,business,1.497,1
45,39400.0,4.1,6700.0,5.1,2,34900.0,0,127000.0,24,business,0.315,0
26,27500.0,5.5,6800.0,1.8,3,99300.0,0,195000.0,24,medical,0.566,0
56,61200.0,13.8,20800.0,4.9,0,2600.0,0,395000.0,36,medical,0.533,1
22,20400.0,9.4,9900.0,7.3,1,4500.0,0,124000.0,36,personal,0.668,0
42,21200.0,1.4,2800.0,0.0,1,18400.0,0,159000.0,60,personal,0.267,0
52,33300.0,4.3,6700.0,5.3,0,14400.0,0,105000.0,48,vehicle,0.272,0
36,20100.0,15.3,2000.0,3.7,2,15200.0,0,105000.0,24,vehicle,0.335,0
38,85300.0,6.7,24200.0,7.5,1,21600.0,0,125000.0,36,home_improvement,0.328,0
25,37000.0,5.8,19900.0,0.6,0,113500.0,0,85000.0,24,vehicle,0.641,0
56,30600.0,7.0,7800.0,6.6,0,1700.0,0,123000.0,24,vehicle,0.436,0
50,49500.0,1.9,13900.0,0.6,3,157100.0,0,121000.0,36,vehicle,0.354,0
39,59700.0,6.5,22600.0,3.5,2,7200.0,0,124000.0,48,vehicle,0.425,1
43,44100.0,1.3,2800.0,1.3,2,7200.0,0,130000.0,12,personal,0.329,1
54,38900.0,2.8,12000.0,1.1,0,13300.0,0,110000.0,12,vehicle,0.563,0
33,25800.0,11.0,2000.0,2.8,1,5800.0,0,181000.0,12,vehicle,0.709,1
63,53300.0,0.1,12900.0,5.7,1,277800.0,0,372000.0,48,personal,0.399,0
49,75900.0,2.7,35000.0,4.1,2,17500.0,0,82000.0,24,personal,0.51,0
56,36400.0,1.6,2300.0,17.9,2,36400.0,1,86000.0,48,vehicle,0.116,0
42,27400.0,1.1,3300.0,0.5,3,55400.0,0,75000.0,24,home_improvement,0.244,0
56,43600.0,9.1,6300.0,5.1,1,19900.0,0,251000.0,12,medical,0.663,1
29,40200.0,6.0,10400.0,0.2,0,5100.0,0,244000.0,36,personal,0.441,0
59,23200.0,0.6,11800.0,1.8,0,23800.0,0,99000.0,24,personal,0.701,0
39,32000.0,3.4,9400.0,1.7,0,6000.0,0,335000.0,36,business,0.608,0
58,89800.0,3.1,38800.0,1.2,0,24000.0,0,309000.0,36,vehicle,0.535,0
26,21900.0,0.8,1000.0,3.0,0,4500.0,0,172000.0,48,vehicle,0.222,0
35,29400.0,8.0,15200.0,1.1,1,10400.0,0,61000.0,12,medical,0.704,0
40,26200.0,2.3,5900.0,1.8,0,7500.0,0,119000.0,36,home_improvement,0.361,0
29,27300.0,7.2,10500.0,7.9,2,2300.0,1,169000.0,48,education,0.524,0
52,32800.0,1.1,5900.0,1.6,2,4000.0,0,125000.0,36,vehicle,0.294,0
24,49100.0,1.9,9100.0,17.1,0,19900.0,0,248000.0,48,home_improvement,0.299,1
38,72300.0,0.5,12600.0,1.3,0,1300.0,0,97000.0,60,personal,0.198,0
25,44000.0,0.8,5600.0,9.3,2,16300.0,0,148000.0,36,personal,0.228,0
40,29500.0,10.7,6500.0,2.3,3,15900.0,0,101000.0,24,personal,0.374,1
43,80300.0,0.6,11200.0,9.5,4,50400.0,0,78000.0,12,home_improvement,0.227,0
31,15800.0,0.5,2200.0,2.2,1,3400.0,0,93000.0,36,personal,0.316,0
57,54300.0,14.1,13700.0,5.9,0,6600.0,0,190000.0,48,personal,0.331,0
42,25300.0,5.2,10200.0,2.0,0,700.0,1,80000.0,36,vehicle,0.498,0
24,39200.0,0.5,16400.0,3.9,1,27500.0,0,350000.0,24,personal,0.82,0
49,51700.0,17.8,2900.0,0.2,0,56700.0,0,240000.0,60,vehicle,0.14,0
64,19500.0,0.8,1800.0,3.7,1,93300.0,0,110000.0,48,personal,0.219,0
54,42800.0,7.3,11000.0,1.5,4,111900.0,0,135000.0,24,home_improvement,0.399,0
33,44300.0,0.2,11300.0,22.4,2,10500.0,0,243000.0,36,business,0.42,0
62,77500.0,4.9,33400.0,6.7,1,11100.0,0,63000.0,48,education,0.449,0
29,136200.0,4.0,23100.0,0.3,2,51500.0,0,58000.0,12,education,0.208,0
62,20000.0,1.2,4400.0,0.9,0,5600.0,0,113000.0,48,vehicle,0.347,1
51,75900.0,5.2,7200.0,3.8,1,20700.0,0,81000.0,48,business,0.119,1
27,39500.0,4.8,4300.0,1.4,1,22400.0,0,106000.0,36,personal,0.189,0
24,27900.0,8.0,1600.0,1.0,1,50400.0,0,57000.0,60,personal,0.094,0
39,47400.0,10.4,1400.0,1.8,0,8600.0,0,43000.0,48,home_improvement,0.05,0
62,22300.0,3.6,7100.0,0.4,1,58500.0,0,195000.0,36,personal,0.581,0
50,22900.0,3.4,2300.0,3.2,2,25200.0,0,250000.0,48,home_improvement,0.346,0
51,18400.0,4.9,5000.0,1.3,3,12400.0,0,72000.0,48,vehicle,0.36,0
55,51300.0,6.5,9900.0,8.1,3,7700.0,0,255000.0,36,home_improvement,0.342,0
41,46500.0,2.2,2600.0,0.1,2,1900.0,0,270000.0,48,home_improvement,0.187,1
51,27800.0,3.5,8700.0,1.7,2,65200.0,0,131000.0,48,personal,0.419,1
39,79700.0,4.4,29600.0,3.2,1,30400.0,0,76000.0,12,home_improvement,0.457,1
51,29800.0,22.3,9300.0,1.1,0,38600.0,0,191000.0,48,business,0.456,0
52,71500.0,4.4,13700.0,0.2,2,3400.0,0,141000.0,48,personal,0.236,0
22,42400.0,1.3,10900.0,0.3,2,1100.0,0,175000.0,24,education,0.443,0
30,29600.0,4.4,5100.0,0.7,4,510400.0,0,174000.0,12,vehicle,0.701,0
22,38100.0,8.6,6400.0,1.3,0,6700.0,0,289000.0,12,medical,0.851,1
22,22800.0,9.7,6600.0,4.9,0,4000.0,0,160000.0,60,vehicle,0.416,0
44,44200.0,8.1,6900.0,2.6,1,5400.0,0,89000.0,36,home_improvement,0.217,0
37,40700.0,11.0,5700.0,0.1,3,156700.0,1,425000.0,12,medical,1.08,1
52,50900.0,2.0,13600.0,0.7,2,8200.0,1,195000.0,12,home_improvement,0.612,1
36,59600.0,3.5,13000.0,1.8,1,7100.0,0,64000.0,12,personal,0.315,0
36,42300.0,7.6,2100.0,2.2,1,147500.0,0,430000.0,36,vehicle,0.355,0
59,20700.0,1.5,3300.0,0.3,0,22800.0,0,169000.0,24,business,0.527,0
51,61100.0,2.3,15500.0,0.5,0,15300.0,0,158000.0,36,vehicle,0.331,0
63,40400.0,8.9,15200.0,1.2,0,21900.0,0,88000.0,48,business,0.425,1
44,17100.0,7.4,3000.0,7.2,4,12500.0,0,109000.0,48,medical,0.319,0
21,46100.0,17.7,14500.0,0.9,2,4300.0,0,198000.0,24,business,0.508,1
31,47700.0,27.6,21500.0,1.0,1,59900.0,0,59000.0,48,education,0.479,0
41,34200.0,1.4,9100.0,2.7,0,9200.0,1,201000.0,24,home_improvement,0.531,1
24,36700.0,11.5,5900.0,8.9,0,7700.0,0,192000.0,24,vehicle,0.396,0
27,30700.0,0.5,7400.0,3.0,3,3900.0,1,76000.0,48,education,0.297,1
46,48400.0,6.2,9200.0,0.3,1,54800.0,0,174000.0,36,personal,0.298,0
32,42700.0,1.2,1900.0,0.8,2,14200.0,0,156000.0,60,business,0.11,0
51,26700.0,1.8,8300.0,7.7,1,28900.0,0,141000.0,24,vehicle,0.548,1
37,83100.0,14.6,42700.0,8.4,1,70600.0,0,158000.0,36,education,0.571,1
53,29700.0,1.5,13300.0,6.3,1,15300.0,1,134000.0,24,vehicle,0.651,0
31,12000.0,5.6,5600.0,3.1,4,28600.0,0,182000.0,12,business,1.832,1
48,32500.0,1.0,7900.0,2.3,1,44700.0,0,143000.0,24,home_improvement,0.441,0
52,63800.0,0.5,18400.0,1.2,1,15100.0,0,408000.0,12,home_improvement,0.864,0
21,36600.0,2.1,11000.0,3.2,4,26700.0,0,75000.0,24,vehicle,0.393,0
48,19200.0,4.9,3500.0,4.6,0,12300.0,0,35000.0,12,personal,0.346,0
62,25300.0,1.4,6000.0,3.7,2,41000.0,0,61000.0,12,education,0.454,1
27,24700.0,1.8,3400.0,1.0,0,5300.0,0,56000.0,36,personal,0.206,0
22,31000.0,6.2,4200.0,9.3,0,33200.0,0,143000.0,24,business,0.343,1
62,35700.0,0.5,7100.0,2.0,2,8200.0,0,100000.0,24,vehicle,0.325,0
44,50100.0,3.0,18600.0,8.6,7,42500.0,0,268000.0,24,personal,0.612,1
24,42500.0,14.2,18900.0,2.0,0,4400.0,0,165000.0,60,personal,0.515,1
64,43500.0,2.5,8600.0,0.2,1,54400.0,0,131000.0,48,education,0.265,1
39,89400.0,2.8,36000.0,5.4,0,800.0,0,190000.0,24,personal,0.498,0
46,59100.0,6.7,22000.0,10.1,1,27900.0,0,120000.0,60,business,0.409,0
31,56800.0,7.5,7800.0,1.2,1,2100.0,0,257000.0,36,vehicle,0.273,0
60,17700.0,7.3,4700.0,3.1,3,17000.0,1,59000.0,24,education,0.416,1
63,28600.0,30.8,3400.0,6.6,0,3500.0,0,98000.0,60,personal,0.181,0
31,19600.0,0.4,4100.0,1.5,0,13500.0,0,151000.0,36,personal,0.44,0
23,28400.0,20.2,5500.0,1.3,1,31800.0,0,182000.0,12,personal,0.77,1
32,57400.0,15.0,37600.0,2.1,2,3400.0,0,207000.0,36,personal,0.763,0
23,33600.0,9.6,8100.0,3.2,1,9000.0,0,348000.0,24,vehicle,0.707,0
62,65000.0,3.0,7400.0,3.2,0,300.0,0,182000.0,36,vehicle,0.198,0
47,54800.0,10.2,7400.0,2.7,1,81900.0,0,260000.0,12,medical,0.562,0
22,41100.0,1.2,6100.0,6.9,1,262400.0,0,677000.0,12,vehicle,1.631,1
36,65700.0,7.8,17200.0,0.7,1,59900.0,0,324000.0,24,education,0.484,0
22,74200.0,1.0,8600.0,0.4,0,10400.0,0,179000.0,36,personal,0.188,0
50,49200.0,8.4,14500.0,0.7,3,61600.0,0,80000.0,36,vehicle,0.343,1
40,44500.0,4.8,18900.0,4.9,2,18400.0,0,367000.0,36,business,0.672,1
58,53400.0,0.5,8000.0,0.6,0,66100.0,0,418000.0,36,vehicle,0.385,0
48,21300.0,11.3,4600.0,1.6,1,12400.0,0,273000.0,24,personal,0.793,1
45,38100.0,4.3,11900.0,8.5,0,29000.0,1,556000.0,48,vehicle,0.641,1
52,39700.0,5.3,11600.0,0.6,0,6900.0,0,167000.0,36,personal,0.418,1
30,34000.0,1.7,15900.0,3.0,2,1300.0,0,187000.0,48,education,0.591,0
62,28100.0,10.3,9800.0,2.8,1,135200.0,0,303000.0,36,vehicle,0.672,0
60,62900.0,3.9,8300.0,0.1,1,100900.0,0,183000.0,48,home_improvement,0.197,0
53,43300.0,2.7,24800.0,0.5,1,25900.0,0,791000.0,12,personal,2.217,1
33,45100.0,3.8,14000.0,12.0,0,7300.0,0,552000.0,24,vehicle,0.861,1
61,76200.0,6.1,22200.0,13.0,2,9600.0,0,172000.0,48,home_improvement,0.342,0
62,36800.0,5.9,13800.0,8.3,1,17000.0,0,77000.0,36,medical,0.438,0
57,33700.0,2.2,4500.0,2.3,2,222900.0,0,256000.0,60,personal,0.27,0
36,74100.0,2.4,19800.0,3.6,0,11600.0,1,227000.0,36,home_improvement,0.359,1
42,20500.0,4.1,3300.0,7.0,1,6400.0,0,252000.0,60,personal,0.382,0
40,41100.0,12.9,18800.0,4.5,0,3400.0,0,181000.0,60,medical,0.537,0
63,28800.0,6.8,9600.0,9.0,1,2100.0,0,199000.0,60,home_improvement,0.458,1
47,45800.0,2.5,6300.0,1.5,2,4700.0,0,112000.0,36,vehicle,0.211,1
61,51900.0,2.1,10100.0,3.9,2,69000.0,0,279000.0,48,vehicle,0.316,0
36,53200.0,3.7,10900.0,3.3,1,1700.0,0,31000.0,36,medical,0.222,1
54,63700.0,10.2,22800.0,16.7,3,20600.0,0,195000.0,60,business,0.413,0
52,35800.0,0.0,8900.0,8.4,0,13800.0,0,328000.0,24,personal,0.661,0
46,36800.0,6.2,14100.0,0.7,4,10700.0,0,98000.0,24,vehicle,0.503,0
45,50900.0,1.7,17900.0,0.2,2,4200.0,0,270000.0,36,vehicle,0.511,0
22,59800.0,1.2,8600.0,2.4,0,26100.0,0,155000.0,60,personal,0.19,1
32,22400.0,0.1,5300.0,3.2,3,15900.0,0,77000.0,36,personal,0.34,0
60,46200.0,11.3,2400.0,6.2,0,32400.0,0,48000.0,12,personal,0.145,0
29,33600.0,12.2,10300.0,0.7,1,21500.0,0,60000.0,36,personal,0.36,0
32,41700.0,0.3,10600.0,10.1,1,3400.0,0,174000.0,60,medical,0.329,0
46,34200.0,3.7,2400.0,3.4,2,9100.0,0,494000.0,36,education,0.503,0
29,29000.0,0.8,3900.0,7.4,1,17300.0,1,102000.0,24,personal,0.293,1
30,25400.0,7.1,2400.0,7.2,1,1900.0,0,65000.0,36,vehicle,0.171,0
52,37500.0,5.5,15000.0,12.1,1,39800.0,0,325000.0,36,personal,0.66,0
54,47200.0,1.8,17300.0,4.3,1,74500.0,0,86000.0,36,personal,0.421,0
40,30600.0,0.6,12100.0,6.1,0,17800.0,0,69000.0,12,business,0.598,0
59,68600.0,8.9,11300.0,6.9,1,8200.0,0,130000.0,24,education,0.25,1
22,121300.0,5.6,54300.0,2.5,2,2200.0,0,437000.0,36,home_improvement,0.556,0
21,48300.0,0.0,24900.0,2.3,3,7500.0,0,116000.0,36,business,0.588,1
56,39400.0,4.9,3100.0,11.7,2,27500.0,0,48000.0,48,business,0.106,0
44,26600.0,8.3,5500.0,0.3,2,41100.0,0,489000.0,12,home_improvement,1.861,1
47,47400.0,4.5,7700.0,12.2,1,30600.0,0,169000.0,48,personal,0.243,0
22,78000.0,2.8,10600.0,3.5,0,200.0,0,288000.0,36,business,0.247,0
51,96500.0,4.4,19400.0,1.4,0,3800.0,0,104000.0,36,medical,0.233,0
34,75200.0,4.8,22700.0,3.3,1,27600.0,0,127000.0,24,home_improvement,0.378,1
22,58700.0,5.1,8100.0,4.1,1,2800.0,0,125000.0,12,home_improvement,0.33,0
49,48300.0,17.1,13600.0,0.5,0,6200.0,0,52000.0,36,vehicle,0.314,0
35,25000.0,1.0,6400.0,4.4,0,5000.0,0,208000.0,48,medical,0.443,1
32,38400.0,4.9,10300.0,9.3,0,2100.0,0,139000.0,48,personal,0.35,0
57,36400.0,1.0,21500.0,14.2,0,30100.0,0,137000.0,36,vehicle,0.704,0
48,38500.0,1.2,16400.0,3.7,1,28600.0,0,191000.0,24,home_improvement,0.649,0
40,29000.0,5.5,10000.0,1.6,1,12600.0,0,223000.0,12,home_improvement,1.037,1
59,56400.0,12.4,7800.0,3.3,0,78600.0,0,204000.0,36,vehicle,0.247,1
44,35500.0,0.9,11200.0,0.0,2,26100.0,0,126000.0,24,business,0.475,0
41,34200.0,16.4,10900.0,10.1,1,16200.0,0,88000.0,48,vehicle,0.377,0
30,29100.0,1.9,19800.0,6.1,1,14600.0,0,284000.0,36,vehicle,0.973,0
34,44600.0,2.5,5100.0,0.7,4,37700.0,0,65000.0,24,education,0.18,0
57,78700.0,0.8,19100.0,3.8,1,23300.0,0,185000.0,48,personal,0.296,0
38,40000.0,4.8,3200.0,0.1,0,6200.0,0,179000.0,60,vehicle,0.161,0
44,45600.0,4.5,22000.0,1.0,0,22800.0,0,83000.0,24,personal,0.564,0
34,95900.0,2.9,51600.0,0.7,1,47100.0,0,113000.0,36,vehicle,0.573,0
54,69000.0,3.2,9200.0,0.7,0,78200.0,0,260000.0,48,vehicle,0.218,0
32,52300.0,4.9,24100.0,3.2,1,236700.0,0,93000.0,48,home_improvement,0.501,0
42,51300.0,4.4,19700.0,13.3,1,70000.0,0,201000.0,36,vehicle,0.502,1
26,30600.0,2.3,5900.0,0.6,3,3200.0,0,84000.0,36,business,0.275,1
56,29300.0,10.8,12300.0,8.2,2,21600.0,0,138000.0,12,personal,0.844,0
56,42800.0,5.5,22000.0,0.3,2,47800.0,0,117000.0,48,business,0.576,0
42,43300.0,1.1,6000.0,0.3,1,2000.0,0,210000.0,24,vehicle,0.357,0
34,27400.0,1.9,5700.0,4.0,2,17400.0,0,124000.0,48,education,0.31,0
36,55100.0,7.8,10300.0,3.4,2,7800.0,0,192000.0,48,medical,0.265,0
56,35400.0,0.6,10000.0,1.7,3,6300.0,0,69000.0,60,personal,0.318,0
45,66700.0,6.9,13900.0,3.0,0,22400.0,0,185000.0,36,personal,0.292,0
52,39100.0,2.2,14100.0,5.6,1,4300.0,0,144000.0,36,vehicle,0.471,0
53,37600.0,4.0,13600.0,5.9,1,5300.0,0,82000.0,24,home_improvement,0.46,0
56,26300.0,1.6,3600.0,0.0,2,6800.0,0,96000.0,12,vehicle,0.465,0
40,27700.0,21.5,3300.0,0.3,2,3100.0,0,151000.0,36,medical,0.283,0
38,72600.0,11.8,4800.0,0.0,0,7000.0,0,100000.0,60,home_improvement,0.091,0
58,45300.0,13.2,7500.0,0.1,1,77900.0,0,94000.0,36,education,0.228,0
23,47800.0,1.0,16100.0,7.3,1,3800.0,0,403000.0,24,home_improvement,0.716,1
43,82500.0,9.2,37500.0,0.3,1,15000.0,1,166000.0,36,education,0.515,1
52,22200.0,3.8,2500.0,5.0,2,11600.0,0,320000.0,48,business,0.437,1
36,54300.0,6.2,3400.0,15.7,0,110500.0,1,109000.0,48,personal,0.108,0
25,19600.0,1.2,3100.0,6.9,4,35400.0,0,145000.0,60,personal,0.291,0
24,33000.0,6.2,15400.0,0.3,0,12500.0,0,77000.0,12,vehicle,0.677,0
41,24000.0,12.3,5700.0,9.0,1,87600.0,0,375000.0,48,home_improvement,0.589,0
60,59100.0,1.6,2800.0,12.7,1,6200.0,0,99000.0,12,personal,0.198,0
34,17100.0,1.3,5200.0,4.9,0,88800.0,0,221000.0,48,education,0.595,0
59,36200.0,0.6,11500.0,3.8,1,69100.0,0,159000.0,48,personal,0.416,0
51,23800.0,1.6,4100.0,3.7,0,17900.0,0,465000.0,36,vehicle,0.758,0
34,27300.0,3.8,7200.0,6.9,1,6400.0,0,268000.0,48,personal,0.485,0
26,29300.0,8.9,7200.0,3.2,1,64500.0,0,160000.0,24,business,0.491,1
32,72700.0,1.6,18400.0,1.6,1,33700.0,0,122000.0,12,vehicle,0.404,1
36,34500.0,4.9,4600.0,14.1,1,33300.0,0,339000.0,24,vehicle,0.575,0
37,87300.0,3.3,17900.0,0.2,1,20500.0,0,51000.0,12,medical,0.258,0
43,95900.0,1.7,12600.0,4.4,2,8900.0,0,124000.0,48,education,0.16,0
34,103900.0,3.6,20600.0,3.5,0,28400.0,0,272000.0,24,personal,0.316,1
27,39100.0,0.9,600.0,4.1,2,4800.0,0,121000.0,48,business,0.085,0
52,44100.0,5.1,4500.0,4.1,1,5500.0,0,128000.0,48,vehicle,0.167,1
35,47600.0,0.6,12000.0,0.5,3,81400.0,0,313000.0,60,medical,0.37,1
64,34000.0,6.6,7500.0,0.6,1,296500.0,0,689000.0,48,education,0.677,0
37,48600.0,1.0,14800.0,0.3,1,10500.0,0,130000.0,48,personal,0.365,1
61,26300.0,31.5,9700.0,11.1,0,53100.0,0,81000.0,24,personal,0.507,0
64,17300.0,8.7,1400.0,3.8,0,20600.0,1,162000.0,24,personal,0.502,0
54,55300.0,2.1,100.0,0.3,2,11600.0,0,192000.0,36,home_improvement,0.106,0
25,34300.0,2.8,13200.0,2.3,1,10000.0,0,150000.0,36,home_improvement,0.516,1
47,25900.0,1.5,9400.0,1.8,0,78300.0,0,115000.0,24,education,0.563,0
43,27400.0,7.3,6600.0,0.6,0,9600.0,0,179000.0,12,home_improvement,0.829,1
60,79400.0,2.4,23500.0,6.9,0,6900.0,0,123000.0,36,medical,0.342,0
34,49500.0,7.0,7800.0,6.0,0,53700.0,0,83000.0,12,vehicle,0.308,0
35,20200.0,0.1,9000.0,2.5,0,89100.0,0,139000.0,48,home_improvement,0.6,1
63,23500.0,0.7,1300.0,3.0,1,35000.0,0,194000.0,12,medical,0.798,1
53,35200.0,2.3,3400.0,2.3,0,1800.0,0,318000.0,60,personal,0.259,1
51,49700.0,0.6,18700.0,3.2,0,10600.0,0,392000.0,36,vehicle,0.613,0
55,28100.0,4.6,4800.0,5.3,2,73200.0,0,156000.0,36,personal,0.337,0
37,37100.0,0.3,7600.0,8.3,0,17200.0,0,107000.0,24,education,0.335,0
48,42300.0,9.8,12600.0,3.6,1,2200.0,0,175000.0,36,vehicle,0.422,0
39,42700.0,7.2,9700.0,0.5,3,30600.0,0,217000.0,24,medical,0.456,0
43,13700.0,1.2,5100.0,5.9,0,9100.0,0,63000.0,48,personal,0.476,1
52,44300.0,3.3,9000.0,1.9,1,3900.0,0,138000.0,24,medical,0.343,0
60,18400.0,3.0,10100.0,4.0,1,2500.0,1,125000.0,36,personal,0.753,1
33,35300.0,6.5,5300.0,0.9,0,16900.0,0,248000.0,48,home_improvement,0.308,1
40,32000.0,2.6,2400.0,0.7,0,30700.0,0,181000.0,24,business,0.33,0
55,24700.0,0.2,1400.0,0.2,2,4000.0,0,168000.0,36,vehicle,0.261,0
25,58700.0,1.6,15000.0,1.5,1,1100.0,0,465000.0,24,vehicle,0.612,0
29,24200.0,3.1,7500.0,3.6,1,51200.0,0,113000.0,36,business,0.45,0
49,31700.0,18.3,9500.0,1.5,0,65200.0,0,116000.0,48,business,0.382,1
26,59600.0,10.6,3400.0,1.1,1,4700.0,0,201000.0,48,home_improvement,0.133,0
45,31300.0,1.0,1300.0,21.1,1,9200.0,0,103000.0,24,vehicle,0.19,0
51,28500.0,6.4,2500.0,27.0,0,115400.0,0,171000.0,48,vehicle,0.223,0
42,35600.0,13.8,20900.0,3.7,1,4900.0,0,471000.0,48,home_improvement,0.885,0
22,51200.0,0.0,16700.0,1.6,1,26000.0,0,340000.0,12,education,0.924,0
25,76900.0,6.4,37400.0,7.9,1,8900.0,1,90000.0,12,personal,0.592,1
47,26300.0,3.1,3700.0,5.3,1,3500.0,0,48000.0,36,personal,0.195,0
45,27300.0,5.7,2300.0,3.8,2,6500.0,1,46000.0,24,business,0.16,1
28,35400.0,4.7,5600.0,9.6,1,2300.0,0,190000.0,12,personal,0.641,0
21,44500.0,20.9,18700.0,2.4,0,7800.0,0,101000.0,48,vehicle,0.471,0
40,28400.0,1.7,10700.0,1.2,1,4700.0,0,139000.0,12,education,0.817,1
64,54700.0,7.7,28300.0,13.7,2,11900.0,0,122000.0,24,education,0.618,1
43,26600.0,1.3,10000.0,7.9,1,94100.0,0,156000.0,48,vehicle,0.508,0
52,17100.0,2.9,7000.0,9.7,0,8000.0,0,99000.0,12,personal,0.93,1
31,51000.0,18.5,15800.0,10.0,2,7100.0,0,107000.0,24,medical,0.404,0
59,53700.0,7.3,12300.0,1.9,4,3700.0,0,648000.0,36,personal,0.591,0
44,64200.0,1.9,25100.0,7.9,1,58100.0,0,146000.0,36,business,0.459,0
31,16400.0,4.8,2600.0,8.8,0,12900.0,0,169000.0,12,home_improvement,1.086,0
49,29700.0,0.3,2300.0,3.2,3,94500.0,0,144000.0,36,personal,0.223,1
46,35800.0,1.5,12100.0,3.9,2,7800.0,0,234000.0,24,personal,0.632,1
36,88500.0,6.3,11700.0,3.4,1,22300.0,0,364000.0,36,business,0.256,0
55,37400.0,4.2,4500.0,0.1,2,2800.0,0,39000.0,36,vehicle,0.152,0
40,21900.0,3.2,3800.0,3.1,1,19800.0,0,96000.0,36,vehicle,0.305,0
23,45900.0,5.9,7700.0,0.2,0,71700.0,0,199000.0,48,medical,0.265,0
21,72300.0,2.5,25600.0,2.4,2,17700.0,0,342000.0,24,vehicle,0.567,1
21,65700.0,0.1,10000.0,0.2,2,7500.0,0,58000.0,36,personal,0.179,0
37,51700.0,2.9,8800.0,2.4,0,1400.0,0,110000.0,24,personal,0.266,1
22,45200.0,11.6,13900.0,1.5,0,25600.0,0,167000.0,36,personal,0.418,0
49,14500.0,9.7,5300.0,5.9,1,58900.0,0,111000.0,48,medical,0.538,0
40,40600.0,2.6,15500.0,2.6,0,13100.0,0,380000.0,48,business,0.592,0
26,43500.0,0.1,10400.0,2.9,4,5300.0,0,240000.0,36,medical,0.405,1
28,37300.0,5.1,18600.0,9.4,1,2400.0,0,417000.0,24,business,1.002,1
49,55200.0,6.8,2200.0,2.6,3,13600.0,0,199000.0,12,business,0.364,0
53,37100.0,1.7,5700.0,0.7,1,17200.0,1,933000.0,24,home_improvement,1.285,1
23,34000.0,3.2,1100.0,0.5,1,7300.0,0,219000.0,36,personal,0.226,0
55,64100.0,24.1,12600.0,1.5,2,27600.0,0,159000.0,24,medical,0.308,0
25,33300.0,4.3,2900.0,1.2,0,17400.0,0,413000.0,48,vehicle,0.366,0
47,41300.0,2.2,21400.0,6.8,1,20900.0,0,150000.0,48,home_improvement,0.6,0
64,60100.0,4.9,34000.0,5.7,1,55300.0,0,111000.0,36,personal,0.621,1
32,25500.0,1.0,5000.0,0.2,2,5300.0,0,103000.0,36,medical,0.317,0
40,24300.0,1.1,16400.0,0.9,1,9300.0,0,126000.0,24,business,0.908,1
40,73900.0,12.9,31000.0,2.4,0,36200.0,0,88000.0,24,vehicle,0.473,1
29,30700.0,1.4,2800.0,0.4,1,10400.0,0,144000.0,24,business,0.302,0
59,54800.0,1.9,26500.0,0.7,2,59400.0,0,191000.0,36,personal,0.588,1
24,18100.0,3.9,4100.0,9.6,2,4800.0,1,225000.0,60,personal,0.45,1
39,13000.0,11.5,7000.0,3.1,0,45600.0,0,133000.0,36,personal,0.845,1
58,47300.0,7.6,8500.0,6.4,1,32300.0,0,54000.0,36,home_improvement,0.214,0
47,37900.0,0.2,7000.0,1.6,2,20900.0,0,203000.0,24,home_improvement,0.426,0
63,47500.0,5.9,24900.0,1.9,0,83000.0,0,170000.0,48,vehicle,0.605,0
33,93300.0,3.5,6600.0,7.8,2,11700.0,0,76000.0,36,business,0.095,0
33,23000.0,3.2,6500.0,4.3,1,53800.0,0,114000.0,36,personal,0.431,0
42,40800.0,5.9,6500.0,4.5,0,16800.0,0,220000.0,36,vehicle,0.321,0
48,78000.0,1.1,12100.0,4.1,0,51100.0,0,250000.0,36,personal,0.251,0
42,24500.0,19.9,7100.0,3.1,1,30500.0,0,54000.0,36,personal,0.356,0
63,30800.0,5.2,2800.0,18.9,1,17600.0,0,343000.0,12,medical,1.093,1
39,18100.0,2.3,8800.0,9.0,0,6500.0,0,269000.0,60,vehicle,0.754,1
28,109900.0,4.6,22400.0,5.0,0,7200.0,0,198000.0,48,personal,0.244,0
28,14900.0,1.2,7500.0,4.5,0,22300.0,0,106000.0,12,home_improvement,1.144,0
62,57500.0,5.0,7800.0,0.4,1,78600.0,0,343000.0,36,vehicle,0.315,0
46,22200.0,0.1,12400.0,2.7,2,11500.0,1,91000.0,36,home_improvement,0.682,1
46,25000.0,2.1,6900.0,2.7,0,21900.0,0,187000.0,48,personal,0.444,0
43,64800.0,6.9,32900.0,0.2,0,13700.0,1,88000.0,36,home_improvement,0.548,1
63,28700.0,8.3,2900.0,5.6,0,42700.0,1,90000.0,60,vehicle,0.157,1
33,53800.0,1.5,23200.0,0.0,3,10900.0,0,52000.0,60,business,0.449,0
48,74700.0,3.9,10300.0,2.2,1,15200.0,0,198000.0,12,home_improvement,0.376,0
29,43900.0,3.8,15200.0,9.3,0,4600.0,1,109000.0,24,personal,0.458,1
40,59900.0,2.7,23200.0,1.7,1,22600.0,0,114000.0,24,home_improvement,0.473,0
39,41600.0,1.3,7600.0,3.5,0,4300.0,0,207000.0,24,home_improvement,0.407,0
59,42500.0,6.1,10000.0,1.5,1,104500.0,0,398000.0,36,vehicle,0.516,0
32,30200.0,1.5,5500.0,0.8,2,6300.0,1,165000.0,12,medical,0.674,1
35,95600.0,12.1,30400.0,5.2,1,12100.0,0,145000.0,48,personal,0.352,0
51,56100.0,3.8,19000.0,0.9,2,1000.0,0,150000.0,36,education,0.419,0
34,50800.0,10.2,7000.0,0.3,1,7000.0,0,180000.0,12,medical,0.457,0
31,56800.0,1.7,20200.0,2.3,1,7800.0,0,190000.0,36,education,0.456,0
46,29600.0,8.2,10000.0,4.9,2,44200.0,0,311000.0,36,business,0.653,0
62,61000.0,0.6,6400.0,3.5,1,5600.0,0,95000.0,48,business,0.14,1
47,80800.0,7.3,13900.0,1.1,1,17200.0,0,68000.0,24,business,0.21,0
31,21600.0,2.4,8600.0,6.8,0,74300.0,0,108000.0,36,vehicle,0.548,1
58,51200.0,3.2,7100.0,0.4,2,24400.0,1,127000.0,48,personal,0.194,0
54,41300.0,0.9,14700.0,4.4,0,7300.0,0,72000.0,24,business,0.434,0
63,31800.0,0.1,12800.0,3.7,0,63400.0,0,322000.0,24,vehicle,0.858,1
39,24500.0,5.5,7400.0,9.2,2,1000.0,0,232000.0,24,home_improvement,0.728,1
26,64400.0,4.4,9800.0,3.0,1,24500.0,0,108000.0,48,education,0.19,0
58,44100.0,4.9,11700.0,6.8,3,54400.0,0,121000.0,48,vehicle,0.327,1
62,36600.0,1.5,6400.0,1.0,3,4100.0,0,63000.0,12,personal,0.33,0
48,51200.0,1.4,8300.0,3.2,2,800.0,0,52000.0,24,business,0.208,1
21,37900.0,8.9,5500.0,3.0,1,3900.0,0,106000.0,12,personal,0.397,1
55,29200.0,7.2,5300.0,1.4,2,10600.0,0,105000.0,24,personal,0.343,0
60,42500.0,2.1,8800.0,0.0,2,4700.0,0,78000.0,48,personal,0.248,0
28,39600.0,5.1,9900.0,5.5,0,23300.0,0,323000.0,60,personal,0.397,0
27,18100.0,8.8,5200.0,2.0,4,4100.0,0,136000.0,36,business,0.513,0
31,30200.0,11.0,4700.0,1.4,0,10400.0,0,105000.0,60,home_improvement,0.218,0
59,22700.0,0.0,11300.0,0.9,2,37500.0,0,115000.0,24,vehicle,0.726,0
24,19100.0,8.4,9200.0,7.6,1,16900.0,0,163000.0,48,business,0.674,1
45,49500.0,2.2,26700.0,1.6,0,2100.0,1,72000.0,24,home_improvement,0.605,1
32,29700.0,6.3,19000.0,0.9,4,86200.0,0,218000.0,24,home_improvement,0.97,0
46,64100.0,2.3,40600.0,3.0,1,11100.0,0,120000.0,36,personal,0.69,0
58,17600.0,4.7,2200.0,6.1,3,20100.0,0,203000.0,48,vehicle,0.384,0
32,35100.0,5.2,11600.0,3.7,1,37800.0,0,114000.0,36,vehicle,0.428,0
63,30400.0,2.6,4100.0,12.9,2,4100.0,0,237000.0,36,vehicle,0.369,0
57,19700.0,3.6,2600.0,12.6,1,2300.0,0,297000.0,36,personal,0.584,1
44,40200.0,6.5,12600.0,9.3,1,5400.0,0,192000.0,60,vehicle,0.399,0
36,20500.0,3.2,1400.0,3.3,2,100000.0,0,85000.0,48,personal,0.162,0
33,44400.0,0.1,10700.0,5.8,2,9800.0,0,35000.0,36,vehicle,0.265,0
45,55500.0,0.1,16100.0,1.4,2,33900.0,1,36000.0,48,vehicle,0.305,0
24,45300.0,5.4,17600.0,3.4,0,7300.0,0,196000.0,12,home_improvement,0.778,0
31,47900.0,9.4,15800.0,0.3,4,9500.0,0,53000.0,36,medical,0.363,1
52,63800.0,7.7,10700.0,1.2,3,200100.0,0,159000.0,12,personal,0.392,1
27,39700.0,1.9,1600.0,1.6,2,11000.0,0,154000.0,60,education,0.11,1
31,27700.0,3.2,11600.0,1.8,1,4900.0,0,148000.0,12,personal,0.9,0
48,30500.0,1.3,2600.0,0.7,0,14300.0,0,100000.0,60,business,0.144,0
61,30800.0,22.6,8000.0,0.3,0,1900.0,0,88000.0,60,education,0.311,0
43,25100.0,1.5,1500.0,3.5,0,2800.0,0,264000.0,24,personal,0.533,0
43,57100.0,2.7,11400.0,2.7,4,50700.0,0,140000.0,60,personal,0.244,0
48,50900.0,5.7,9300.0,3.5,1,18900.0,0,285000.0,36,medical,0.351,0
63,19000.0,10.4,7800.0,0.6,0,17900.0,0,179000.0,60,personal,0.58,0
46,27700.0,0.3,3700.0,11.8,0,10800.0,0,145000.0,36,home_improvement,0.291,1
45,24600.0,1.8,5700.0,2.1,1,2900.0,0,121000.0,36,personal,0.379,0
49,46300.0,4.2,18200.0,2.4,1,41300.0,0,114000.0,48,vehicle,0.448,0
39,65100.0,4.8,11300.0,3.2,0,100400.0,0,148000.0,24,personal,0.276,0
53,49100.0,0.4,28100.0,4.7,3,2300.0,0,143000.0,60,education,0.625,1
56,29300.0,5.5,8300.0,1.9,2,22800.0,0,209000.0,48,business,0.444,0
34,34800.0,3.8,3000.0,0.6,0,1600.0,1,147000.0,12,home_improvement,0.466,0
34,21400.0,8.8,2700.0,6.1,0,6400.0,0,399000.0,12,personal,1.804,1
55,22200.0,1.3,8800.0,1.2,2,188300.0,0,329000.0,48,education,0.73,0
50,58700.0,1.1,9300.0,2.3,1,46600.0,0,147000.0,24,personal,0.271,0
48,76900.0,7.9,7100.0,4.0,0,22700.0,0,136000.0,12,personal,0.251,0
37,29100.0,6.1,7100.0,13.5,1,1600.0,0,153000.0,48,personal,0.362,1
23,41000.0,7.8,19300.0,0.1,0,40900.0,0,62000.0,60,medical,0.498,0
36,55500.0,7.6,4500.0,2.9,1,18400.0,0,173000.0,24,education,0.221,0
50,19000.0,0.5,1800.0,11.0,0,8900.0,0,77000.0,24,business,0.277,1
49,25000.0,1.6,10000.0,1.2,0,3900.0,0,71000.0,48,personal,0.464,0
35,98400.0,1.5,3200.0,0.5,3,3500.0,0,175000.0,36,home_improvement,0.086,0
45,26100.0,13.6,5900.0,3.6,2,4900.0,0,248000.0,60,personal,0.397,0
58,34100.0,3.3,11400.0,0.7,0,29100.0,0,141000.0,36,business,0.458,1
62,30600.0,0.6,8000.0,8.4,1,11700.0,1,760000.0,36,personal,1.007,1
58,16400.0,1.7,2900.0,5.1,1,14700.0,0,197000.0,60,education,0.393,1
43,41700.0,10.3,7800.0,0.5,1,57800.0,0,181000.0,48,personal,0.285,0
45,39700.0,9.4,4500.0,3.4,0,2700.0,0,149000.0,36,personal,0.226,0
62,43500.0,11.5,13800.0,0.1,0,1300.0,0,127000.0,12,business,0.58,1
27,38600.0,2.5,4500.0,7.5,1,34300.0,0,157000.0,48,business,0.208,1
42,32600.0,5.1,1800.0,0.9,0,3000.0,0,334000.0,48,business,0.286,1
37,31800.0,1.6,7100.0,5.3,0,7100.0,0,125000.0,12,personal,0.577,0
38,32000.0,1.0,13200.0,0.4,1,9100.0,0,106000.0,48,medical,0.487,1
61,25700.0,0.1,6500.0,2.6,0,11200.0,0,47000.0,48,vehicle,0.294,0
30,27600.0,1.3,6400.0,10.6,0,1200.0,1,271000.0,12,business,1.116,1
30,25900.0,4.6,11100.0,0.3,3,11900.0,0,370000.0,48,personal,0.75,0
27,51900.0,11.7,17700.0,1.4,1,111200.0,0,448000.0,24,personal,0.729,0
58,46100.0,0.7,16200.0,6.1,1,9200.0,0,154000.0,12,business,0.652,0
47,40600.0,12.5,21700.0,2.5,1,17300.0,0,128000.0,24,business,0.676,1
53,96200.0,2.1,27300.0,4.2,1,39600.0,0,292000.0,36,home_improvement,0.375,0
21,26500.0,2.8,3000.0,6.7,3,61800.0,0,151000.0,24,business,0.37,0
64,66400.0,2.3,5500.0,6.1,0,61400.0,0,91000.0,48,personal,0.114,0
54,35700.0,2.6,6500.0,2.0,3,7600.0,0,258000.0,36,education,0.399,0
24,43100.0,1.5,15500.0,2.3,2,26300.0,0,59000.0,12,medical,0.483,1
37,54300.0,6.0,7900.0,3.4,1,104400.0,0,452000.0,36,business,0.395,0
24,32400.0,7.1,7800.0,0.5,2,8600.0,0,69000.0,36,home_improvement,0.305,1
63,24900.0,8.7,9000.0,8.1,1,83200.0,0,284000.0,12,education,1.388,1
46,26900.0,2.1,4500.0,0.4,0,7600.0,0,51000.0,36,business,0.224,0
24,15600.0,7.2,4300.0,0.8,1,15300.0,0,172000.0,48,business,0.524,0
21,52700.0,5.1,15300.0,11.6,1,185700.0,0,66000.0,12,business,0.403,0
27,52200.0,15.8,3400.0,1.3,1,3900.0,0,131000.0,24,education,0.178,0
50,81800.0,2.8,6900.0,1.1,0,900.0,0,185000.0,60,vehicle,0.125,0
29,48400.0,24.3,10400.0,2.2,1,27000.0,0,106000.0,36,education,0.281,0
55,53900.0,6.7,10300.0,5.2,1,42300.0,0,180000.0,48,home_improvement,0.266,1
28,38700.0,7.5,21700.0,1.8,1,8600.0,0,302000.0,36,education,0.795,1
44,49500.0,0.1,3600.0,8.3,1,10200.0,0,123000.0,24,personal,0.185,0
39,65500.0,3.4,7200.0,0.6,1,33100.0,0,159000.0,12,business,0.328,0
56,43500.0,3.8,10300.0,0.5,1,6600.0,0,459000.0,48,medical,0.474,1
63,31700.0,0.2,3600.0,0.3,3,7900.0,0,157000.0,36,vehicle,0.262,0
47,36300.0,1.9,7700.0,1.4,1,37200.0,0,215000.0,60,home_improvement,0.319,1
52,56300.0,15.6,7500.0,0.9,0,41500.0,0,113000.0,60,personal,0.169,0
34,32200.0,2.8,5900.0,2.5,1,13300.0,0,425000.0,24,home_improvement,0.777,0
38,59900.0,1.0,36600.0,21.8,0,5200.0,0,153000.0,36,medical,0.688,1
48,94700.0,3.6,12000.0,8.1,0,35400.0,0,130000.0,24,home_improvement,0.188,0
49,60200.0,0.2,4000.0,9.0,2,19200.0,0,125000.0,24,business,0.16,0
36,56200.0,3.6,29700.0,7.1,1,4400.0,0,81000.0,24,vehicle,0.593,1
55,46900.0,4.5,9300.0,1.3,1,4400.0,0,32000.0,36,business,0.219,0
51,28300.0,2.2,8100.0,1.0,3,7900.0,0,63000.0,48,medical,0.336,0
24,27200.0,7.2,1800.0,5.3,0,70400.0,0,139000.0,48,personal,0.181,1
57,27000.0,0.7,7200.0,3.7,4,4100.0,0,91000.0,36,home_improvement,0.368,0
37,51500.0,10.5,27200.0,0.9,0,134300.0,1,234000.0,36,personal,0.664,0
59,33700.0,15.6,3300.0,13.7,0,63500.0,0,195000.0,60,personal,0.202,0
46,39600.0,0.0,3900.0,2.2,1,29900.0,0,57000.0,12,personal,0.228,1
59,48500.0,9.2,8400.0,6.7,2,7400.0,0,268000.0,24,medical,0.422,0
61,27500.0,3.5,13300.0,0.3,3,171800.0,0,206000.0,24,personal,0.821,1
24,32000.0,3.1,4200.0,0.1,1,13100.0,0,150000.0,12,education,0.553,1
50,46400.0,1.4,9400.0,2.4,1,6300.0,0,461000.0,36,personal,0.501,0
50,35200.0,3.0,3300.0,0.5,0,8000.0,0,204000.0,24,vehicle,0.355,0
42,36700.0,15.0,3600.0,15.5,1,2100.0,0,217000.0,60,personal,0.205,0
31,25200.0,1.2,6500.0,6.7,1,4200.0,0,120000.0,36,education,0.401,1
22,36900.0,1.0,9800.0,2.4,0,5300.0,0,195000.0,36,personal,0.424,0
64,84400.0,1.4,12400.0,15.6,0,11300.0,1,100000.0,24,medical,0.2,0
32,32800.0,4.0,8900.0,1.1,0,10400.0,0,217000.0,24,personal,0.569,0
50,24000.0,13.3,3700.0,4.5,1,2400.0,0,193000.0,60,personal,0.299,0
56,61800.0,4.3,12000.0,0.1,2,8500.0,0,256000.0,36,business,0.318,0
38,50800.0,1.4,7000.0,1.9,0,9600.0,0,140000.0,24,education,0.262,0
46,44200.0,2.9,3700.0,0.3,2,7600.0,0,167000.0,36,personal,0.197,0
27,22200.0,2.5,5700.0,1.8,0,17400.0,0,139000.0,24,personal,0.538,0
21,23600.0,0.2,2800.0,1.9,3,20500.0,0,107000.0,48,education,0.221,0
46,20100.0,3.6,4900.0,1.9,1,26000.0,1,277000.0,36,home_improvement,0.657,1
43,48700.0,0.7,7100.0,2.1,1,2500.0,0,111000.0,36,medical,0.214,1
46,63500.0,9.2,5500.0,3.8,1,4300.0,0,279000.0,36,business,0.218,0
26,49500.0,4.0,17800.0,0.8,1,6300.0,0,173000.0,48,education,0.438,1
26,96500.0,9.3,25100.0,1.1,2,33800.0,0,260000.0,36,vehicle,0.341,0
64,32900.0,15.6,9800.0,4.1,0,17600.0,0,66000.0,36,personal,0.358,0
28,34700.0,14.3,6700.0,2.5,3,10700.0,0,182000.0,24,business,0.429,0
44,42100.0,0.5,9800.0,0.7,0,11100.0,0,422000.0,24,personal,0.684,0
42,36200.0,14.5,18900.0,6.2,2,59800.0,0,88000.0,48,personal,0.577,0
39,50200.0,7.9,21600.0,10.7,1,87600.0,0,118000.0,36,home_improvement,0.501,0
57,30100.0,7.5,6100.0,2.5,0,10700.0,0,136000.0,36,personal,0.338,0
38,21400.0,0.5,6500.0,3.8,0,6600.0,0,189000.0,24,personal,0.701,1
51,17900.0,1.0,1600.0,6.8,1,1000.0,0,118000.0,48,vehicle,0.238,0
57,49800.0,18.5,4900.0,13.3,0,22100.0,0,210000.0,36,personal,0.225,0
50,31700.0,1.2,11700.0,13.9,1,14100.0,0,293000.0,48,home_improvement,0.577,0
62,23700.0,0.9,8400.0,10.2,1,40100.0,0,318000.0,36,business,0.757,0
53,30400.0,2.2,2700.0,6.8,1,42500.0,0,125000.0,24,vehicle,0.274,0
30,96600.0,12.2,23300.0,2.2,2,11500.0,0,152000.0,48,vehicle,0.277,0
57,24300.0,3.2,2300.0,4.4,0,2700.0,0,377000.0,12,personal,1.491,1
32,55700.0,12.7,15000.0,5.8,2,67400.0,0,47000.0,36,medical,0.295,0
50,48500.0,2.0,3600.0,0.4,1,5500.0,0,132000.0,60,vehicle,0.123,0
47,73400.0,1.3,19000.0,0.5,1,72300.0,0,197000.0,48,business,0.319,0
59,38000.0,3.4,300.0,4.9,1,31400.0,0,73000.0,48,personal,0.051,0
29,19900.0,4.8,2100.0,4.4,2,1300.0,0,126000.0,36,vehicle,0.295,0
41,62700.0,2.5,17000.0,6.5,0,8100.0,0,202000.0,12,vehicle,0.561,0
32,35900.0,2.1,20400.0,0.8,4,6000.0,0,138000.0,60,business,0.637,1
49,71200.0,1.2,25300.0,11.0,2,400.0,0,317000.0,60,education,0.435,0
53,57900.0,1.6,4000.0,1.1,2,2500.0,0,138000.0,36,personal,0.141,1
63,62800.0,5.6,13200.0,0.6,0,2100.0,1,120000.0,36,medical,0.268,1
35,116500.0,2.3,14200.0,1.6,1,40100.0,0,148000.0,36,business,0.16,0
22,45600.0,0.4,10600.0,6.6,2,6400.0,0,178000.0,36,vehicle,0.35,1
59,76800.0,0.7,17800.0,0.1,2,11000.0,0,55000.0,12,vehicle,0.296,0
64,33500.0,2.3,8700.0,1.0,1,13200.0,0,206000.0,60,vehicle,0.37,1
38,51200.0,12.9,13100.0,12.5,1,187300.0,0,69000.0,48,personal,0.286,0
23,32000.0,2.4,3100.0,0.1,2,13500.0,0,151000.0,24,vehicle,0.309,0
27,49800.0,0.3,6900.0,1.3,0,6600.0,0,53000.0,36,personal,0.17,0
63,47500.0,2.7,9900.0,1.6,0,6000.0,0,274000.0,36,education,0.381,1
38,15900.0,5.5,3500.0,10.3,1,7800.0,0,61000.0,24,business,0.393,0
64,30500.0,4.5,5300.0,7.6,0,22200.0,1,289000.0,36,education,0.458,1
58,44500.0,1.6,3600.0,2.5,1,9000.0,0,202000.0,36,vehicle,0.217,0
57,14500.0,5.8,2000.0,1.5,1,4100.0,0,183000.0,36,education,0.517,0
53,38400.0,5.0,5200.0,11.6,1,14200.0,0,350000.0,48,education,0.34,0
64,63200.0,0.9,16600.0,0.8,1,57000.0,0,74000.0,12,vehicle,0.368,0
51,72000.0,0.9,11300.0,2.6,1,15400.0,0,123000.0,12,medical,0.311,0
31,28200.0,4.0,3300.0,2.2,0,6600.0,0,271000.0,36,business,0.405,0
24,74200.0,5.4,28000.0,10.9,2,16400.0,0,604000.0,36,personal,0.622,0
38,69100.0,16.3,13700.0,5.6,1,900.0,0,215000.0,36,business,0.292,1
24,15300.0,2.7,1500.0,2.5,0,9800.0,0,104000.0,24,home_improvement,0.404,0
54,42300.0,7.2,6300.0,3.7,2,4600.0,1,149000.0,12,personal,0.466,1
49,44400.0,0.6,7800.0,9.5,1,1400.0,0,361000.0,48,personal,0.359,0
44,79500.0,11.0,35900.0,7.1,1,70600.0,0,300000.0,36,medical,0.565,0
42,45700.0,5.0,14800.0,3.8,2,7000.0,0,42000.0,12,business,0.407,0
22,75100.0,5.0,13600.0,9.9,1,4700.0,0,174000.0,60,business,0.223,0
64,28200.0,0.8,13900.0,1.9,1,14300.0,0,246000.0,60,vehicle,0.65,1
26,19600.0,0.2,6500.0,5.3,1,2300.0,1,156000.0,24,personal,0.69,0
62,30000.0,6.0,14500.0,0.1,1,5700.0,0,91000.0,48,home_improvement,0.552,0
45,81600.0,0.6,21300.0,3.5,0,5400.0,0,502000.0,36,personal,0.446,0
41,60900.0,0.7,14300.0,0.6,0,10000.0,0,131000.0,24,medical,0.332,0
36,114100.0,1.0,18500.0,3.0,0,146000.0,0,349000.0,24,business,0.3,0
51,21000.0,0.5,6200.0,1.1,0,98400.0,0,111000.0,60,personal,0.39,0
34,64100.0,4.9,20300.0,1.9,0,2100.0,1,153000.0,24,personal,0.424,1
59,56400.0,2.7,8500.0,6.3,0,13700.0,0,156000.0,24,education,0.275,0
48,35300.0,1.5,7000.0,0.2,1,5800.0,0,267000.0,36,personal,0.425,0
52,56900.0,2.9,16700.0,3.1,0,18300.0,0,129000.0,36,vehicle,0.362,0
48,42700.0,9.3,10700.0,0.6,0,2300.0,0,166000.0,24,business,0.426,0
29,49400.0,13.1,10000.0,3.4,0,156100.0,0,47000.0,48,vehicle,0.224,1
42,54500.0,3.3,13000.0,4.0,1,11800.0,0,125000.0,36,personal,0.307,0
52,62400.0,4.2,28500.0,0.8,1,6100.0,0,32000.0,60,education,0.466,0
25,41700.0,1.5,1600.0,0.0,2,5400.0,0,134000.0,24,business,0.183,0
43,89300.0,3.6,7800.0,0.4,0,16300.0,0,129000.0,36,business,0.131,0
25,36400.0,6.9,10700.0,4.7,2,4300.0,0,221000.0,48,business,0.431,0
62,93700.0,3.4,7900.0,1.9,1,6200.0,0,163000.0,12,personal,0.241,0
52,24200.0,1.8,6500.0,1.9,0,21600.0,0,488000.0,36,business,0.874,0
30,25800.0,4.4,10500.0,4.7,0,3000.0,0,346000.0,36,business,0.809,0
59,26500.0,14.7,7200.0,2.7,3,16300.0,0,376000.0,36,personal,0.697,0
35,61700.0,10.9,15600.0,4.1,1,23400.0,0,363000.0,24,personal,0.518,0
27,27900.0,7.3,4400.0,10.1,2,2100.0,0,164000.0,12,business,0.687,0
49,78500.0,1.6,20000.0,2.8,2,15300.0,0,105000.0,48,personal,0.285,1
23,31700.0,1.4,3300.0,4.1,1,14600.0,0,218000.0,36,vehicle,0.31,1
39,48000.0,9.1,20500.0,4.1,2,37600.0,0,67000.0,12,home_improvement,0.553,0
30,53500.0,1.0,21200.0,3.1,2,8600.0,0,513000.0,36,home_improvement,0.684,1
48,25400.0,4.7,3900.0,4.4,0,3800.0,0,46000.0,24,vehicle,0.235,0
49,21500.0,2.9,1800.0,7.2,1,3300.0,0,186000.0,24,personal,0.473,0
35,45600.0,3.2,3100.0,6.6,1,2500.0,0,167000.0,48,personal,0.15,0
55,35400.0,3.0,7900.0,0.2,1,12000.0,0,239000.0,36,personal,0.426,0
26,50200.0,11.5,9600.0,12.1,3,4400.0,0,233000.0,24,business,0.4,0
32,21900.0,0.5,2300.0,7.5,1,47600.0,0,212000.0,48,personal,0.323,0
58,34200.0,7.6,15700.0,14.1,2,14600.0,1,236000.0,24,business,0.77,0
33,37000.0,9.0,4100.0,0.9,0,20300.0,0,227000.0,24,vehicle,0.387,0
49,13400.0,14.3,3500.0,3.1,0,15000.0,0,59000.0,12,education,0.657,0
39,62800.0,3.0,15900.0,2.3,2,10600.0,0,233000.0,60,education,0.32,0
23,28500.0,3.5,10300.0,1.9,1,61000.0,0,106000.0,36,business,0.473,0
28,78800.0,16.3,38700.0,2.1,4,1600.0,1,118000.0,24,personal,0.558,0
28,29400.0,3.1,11900.0,9.4,0,12900.0,0,318000.0,36,business,0.729,0
40,31700.0,3.5,11100.0,4.8,1,2200.0,0,87000.0,12,home_improvement,0.597,0
24,23000.0,2.0,8000.0,1.6,1,1500.0,1,281000.0,48,home_improvement,0.623,1
41,67200.0,0.2,30200.0,1.9,1,2500.0,0,52000.0,12,personal,0.519,0
23,49200.0,2.8,20100.0,2.5,1,131000.0,0,105000.0,36,home_improvement,0.473,0
28,75400.0,5.3,21100.0,1.8,0,8100.0,0,138000.0,48,personal,0.321,0
43,36600.0,5.9,13900.0,0.9,0,14900.0,0,228000.0,24,vehicle,0.66,0
36,39400.0,0.0,12800.0,2.3,1,81600.0,0,186000.0,12,business,0.75,1
33,18800.0,8.1,3300.0,0.3,0,3500.0,0,232000.0,36,business,0.546,0
23,30300.0,3.4,7100.0,7.7,1,10200.0,0,839000.0,36,vehicle,1.065,0
29,43300.0,3.7,2800.0,7.0,2,9200.0,0,159000.0,24,home_improvement,0.23,0
34,47800.0,16.3,4900.0,8.9,1,37800.0,1,209000.0,24,vehicle,0.299,0
33,91200.0,1.7,17300.0,2.4,0,59400.0,1,317000.0,36,vehicle,0.294,0
27,17400.0,7.2,5100.0,4.2,0,3600.0,0,198000.0,60,education,0.498,0
35,44500.0,4.3,7100.0,6.6,1,5000.0,0,72000.0,36,personal,0.208,0
27,33900.0,6.0,13800.0,1.5,2,57700.0,0,79000.0,36,personal,0.477,0
58,41500.0,2.7,4200.0,4.0,1,5300.0,0,250000.0,48,personal,0.237,1
54,42000.0,1.6,9500.0,2.3,2,9700.0,0,223000.0,24,education,0.465,0
61,36800.0,3.9,7600.0,1.9,1,7200.0,0,192000.0,24,home_improvement,0.441,0
42,24100.0,2.3,1600.0,7.8,1,44500.0,0,279000.0,36,personal,0.414,1
44,22200.0,1.3,11300.0,3.9,3,19100.0,0,125000.0,12,business,1.016,1
57,35600.0,9.1,4000.0,3.9,1,1200.0,0,60000.0,60,personal,0.143,1
64,21200.0,3.2,3400.0,0.7,0,3700.0,0,258000.0,12,personal,1.256,1
21,38100.0,9.4,6100.0,1.7,1,7700.0,0,114000.0,60,personal,0.214,0
30,35800.0,3.2,6200.0,7.4,0,11100.0,0,418000.0,60,vehicle,0.383,0
63,13300.0,4.1,3300.0,1.0,2,71600.0,0,391000.0,48,vehicle,0.91,0
36,95800.0,26.8,55500.0,14.1,2,19000.0,0,165000.0,12,vehicle,0.734,1
28,41600.0,15.1,7700.0,7.1,1,9400.0,0,324000.0,36,medical,0.419,0
45,13400.0,1.6,3200.0,1.2,0,19900.0,0,154000.0,24,personal,0.756,1
32,44900.0,10.1,7500.0,0.5,1,11900.0,0,96000.0,24,vehicle,0.263,0
45,36600.0,2.5,16400.0,0.7,1,5900.0,0,183000.0,36,business,0.598,1
37,22200.0,0.4,4500.0,1.1,2,4500.0,0,165000.0,12,personal,0.872,0
46,46100.0,4.3,6100.0,1.1,0,8700.0,0,212000.0,24,medical,0.339,0
34,26300.0,18.9,5800.0,0.1,1,3200.0,0,138000.0,36,business,0.378,1
61,43800.0,18.3,7600.0,5.0,2,15200.0,0,117000.0,60,personal,0.222,1
56,29300.0,0.7,7000.0,15.1,0,49400.0,0,76000.0,36,home_improvement,0.317,0
43,26700.0,7.4,11100.0,1.3,0,27600.0,0,289000.0,24,personal,0.903,0
63,39900.0,8.1,12100.0,0.1,1,33400.0,0,59000.0,36,business,0.348,1
26,19300.0,2.3,2600.0,10.0,3,4800.0,0,109000.0,12,home_improvement,0.643,0
25,38700.0,5.4,7200.0,0.9,2,2800.0,1,69000.0,48,personal,0.226,0
63,53900.0,3.3,1300.0,0.0,0,36400.0,0,271000.0,60,personal,0.115,0
45,71100.0,1.3,11700.0,1.0,3,18900.0,0,233000.0,12,education,0.459,0
38,65500.0,7.2,16800.0,0.4,1,10100.0,0,268000.0,24,business,0.441,0
33,73800.0,1.5,19400.0,5.2,2,28500.0,0,309000.0,12,vehicle,0.64,0
63,32700.0,2.1,5900.0,0.0,1,9500.0,1,66000.0,60,personal,0.217,1
34,25300.0,1.1,16000.0,2.3,0,93300.0,0,109000.0,12,personal,1.02,1
48,57900.0,6.4,13700.0,2.7,1,28700.0,0,161000.0,12,personal,0.487,0
38,31800.0,3.1,6700.0,6.1,0,12800.0,0,88000.0,36,personal,0.294,0
48,40200.0,2.9,17400.0,3.0,1,2200.0,0,141000.0,24,education,0.591,1
47,56200.0,4.6,16200.0,0.5,1,6900.0,0,264000.0,60,home_improvement,0.373,0
52,99700.0,0.9,4100.0,2.2,2,58100.0,0,150000.0,48,personal,0.075,0
29,50900.0,11.4,10300.0,10.9,2,28500.0,0,225000.0,24,home_improvement,0.401,0
60,44000.0,3.1,3700.0,1.1,2,95300.0,0,209000.0,36,home_improvement,0.227,0
52,24200.0,2.3,6600.0,1.4,1,4400.0,0,266000.0,48,personal,0.52,0
40,67900.0,0.7,14100.0,8.3,1,1600.0,0,244000.0,12,personal,0.531,1
48,48200.0,0.9,13900.0,6.2,0,38900.0,0,230000.0,36,medical,0.432,0
53,34300.0,12.7,12500.0,1.4,0,36800.0,0,289000.0,36,education,0.617,0
24,32800.0,3.0,6100.0,4.9,2,15000.0,0,352000.0,60,personal,0.379,1
54,33400.0,6.4,3900.0,0.4,3,43000.0,0,156000.0,24,personal,0.327,1
23,40900.0,0.4,8000.0,3.1,0,77300.0,0,134000.0,24,education,0.343,0
46,20800.0,5.2,1300.0,8.2,1,9400.0,0,367000.0,24,personal,0.856,1
28,69400.0,12.7,22700.0,7.4,1,71600.0,0,121000.0,24,education,0.406,0
26,63900.0,1.8,23900.0,0.9,0,1700.0,0,242000.0,48,home_improvement,0.459,1
36,37200.0,4.3,8100.0,3.0,1,15000.0,0,78000.0,36,home_improvement,0.281,0
44,33500.0,14.1,400.0,2.0,1,14300.0,0,110000.0,36,personal,0.11,0
59,39700.0,6.4,5800.0,3.3,0,19600.0,0,342000.0,48,personal,0.34,0
50,42900.0,0.3,13400.0,0.3,1,33600.0,0,248000.0,36,personal,0.486,0
33,35100.0,2.4,21200.0,15.9,3,42400.0,0,353000.0,12,business,1.509,1
25,62900.0,0.4,33000.0,3.3,1,7400.0,0,100000.0,36,home_improvement,0.572,0
45,21100.0,9.9,4300.0,0.5,2,3500.0,0,197000.0,24,business,0.624,0
40,29100.0,4.9,1800.0,4.1,0,39200.0,1,241000.0,36,home_improvement,0.31,1
38,56900.0,15.7,16900.0,0.0,3,4500.0,0,75000.0,36,business,0.337,1
38,46400.0,0.1,8600.0,0.0,0,1900.0,0,93000.0,48,vehicle,0.23,0
22,29600.0,2.8,5200.0,0.8,2,20200.0,0,132000.0,36,personal,0.309,0
30,48100.0,0.6,18900.0,1.3,0,9300.0,0,111000.0,48,home_improvement,0.445,0
32,28100.0,2.2,13700.0,1.2,0,2200.0,0,314000.0,24,medical,0.99,1
33,34900.0,0.9,5600.0,2.3,2,2400.0,0,89000.0,24,personal,0.275,0
31,64200.0,2.0,6600.0,2.9,1,11200.0,0,180000.0,24,vehicle,0.229,0
39,61100.0,8.6,5400.0,2.2,2,8100.0,0,470000.0,36,business,0.319,0
55,45700.0,0.9,10800.0,1.9,2,21600.0,0,108000.0,24,business,0.343,0
59,25000.0,3.2,4300.0,4.4,1,18500.0,0,330000.0,48,personal,0.469,1
46,33900.0,12.7,9500.0,1.1,0,20100.0,0,112000.0,24,personal,0.429,0
34,41900.0,33.5,9200.0,4.0,0,4800.0,0,159000.0,36,vehicle,0.333,0
64,77300.0,1.4,25700.0,12.6,0,10400.0,0,41000.0,36,medical,0.348,1
44,18000.0,13.7,2400.0,2.6,1,22700.0,0,254000.0,36,personal,0.557,0
61,27100.0,1.5,4400.0,2.9,5,10300.0,0,342000.0,12,personal,1.298,1
21,66700.0,2.7,11700.0,5.2,0,49000.0,0,263000.0,24,home_improvement,0.353,0
63,74000.0,10.5,33100.0,2.8,1,7400.0,0,182000.0,48,personal,0.503,0
42,38900.0,7.7,4400.0,0.6,0,26000.0,0,138000.0,48,personal,0.193,0
43,80200.0,9.7,26500.0,3.8,2,16100.0,0,183000.0,60,medical,0.371,1
39,28900.0,8.1,7100.0,2.8,0,5900.0,0,312000.0,24,personal,0.731,0
38,20400.0,1.3,6400.0,12.1,3,35400.0,0,26000.0,60,personal,0.337,0
32,57300.0,4.1,19800.0,0.4,0,6400.0,0,97000.0,36,personal,0.396,1
48,71900.0,2.4,18700.0,3.1,0,25900.0,0,233000.0,12,vehicle,0.552,0
48,71300.0,3.1,40100.0,3.8,0,35000.0,0,135000.0,24,business,0.648,1
53,27200.0,0.8,6900.0,3.9,0,35600.0,1,166000.0,24,personal,0.528,0
39,43900.0,1.9,1200.0,0.2,3,13300.0,0,315000.0,24,business,0.35,1
48,58600.0,9.7,16800.0,1.6,1,3000.0,0,195000.0,24,business,0.436,0
57,46000.0,11.4,6900.0,1.2,0,19900.0,0,145000.0,24,home_improvement,0.292,0
46,76900.0,4.7,12500.0,4.6,1,98300.0,0,260000.0,12,business,0.467,0
55,33400.0,3.4,8400.0,5.3,0,115400.0,0,228000.0,24,home_improvement,0.559,1
54,38900.0,6.2,15300.0,0.9,2,5300.0,0,125000.0,36,personal,0.49,0
55,44600.0,4.7,16400.0,7.0,0,18400.0,0,215000.0,48,medical,0.476,0
60,58400.0,20.6,19200.0,2.7,1,4800.0,0,164000.0,12,vehicle,0.581,0
36,36800.0,1.1,11000.0,1.2,1,96600.0,0,108000.0,12,vehicle,0.563,1
58,60900.0,3.0,7900.0,1.4,3,31800.0,0,50000.0,36,vehicle,0.154,0
33,82600.0,12.5,7600.0,1.2,0,16800.0,0,130000.0,12,personal,0.234,0
43,31800.0,12.3,1900.0,3.7,2,28700.0,0,251000.0,12,personal,0.77,1
42,37300.0,3.4,7600.0,3.0,0,1200.0,1,403000.0,24,personal,0.69,1
36,62000.0,0.7,5900.0,11.2,1,7900.0,0,140000.0,36,vehicle,0.163,0
48,95500.0,8.4,30500.0,1.3,0,19400.0,0,38000.0,48,home_improvement,0.328,0
55,53400.0,4.4,33700.0,1.5,1,4500.0,0,247000.0,36,business,0.77,0
28,28200.0,7.4,3100.0,0.0,2,8600.0,0,169000.0,36,education,0.29,0
64,43900.0,3.1,6500.0,1.4,2,23400.0,1,590000.0,36,education,0.551,1
42,61800.0,1.1,6500.0,1.2,0,26900.0,0,189000.0,36,personal,0.197,0
41,27800.0,0.1,1300.0,2.1,2,9700.0,0,190000.0,48,vehicle,0.201,0
46,24700.0,4.1,1800.0,2.7,0,12600.0,0,218000.0,36,personal,0.338,0
60,34400.0,0.9,5400.0,4.4,1,4300.0,0,42000.0,12,vehicle,0.267,0
41,54000.0,1.0,5700.0,0.9,0,5900.0,0,300000.0,60,education,0.206,0
45,21700.0,2.9,8400.0,3.3,1,33100.0,0,187000.0,24,medical,0.775,0
61,29400.0,2.9,4100.0,5.2,0,3700.0,0,135000.0,24,medical,0.346,0
21,45400.0,1.6,31400.0,1.1,2,45800.0,0,509000.0,24,personal,1.196,1
26,65600.0,0.7,1500.0,1.7,0,46400.0,0,174000.0,24,home_improvement,0.142,0
43,45700.0,14.5,16600.0,0.9,2,24600.0,0,169000.0,12,home_improvement,0.696,1
43,47500.0,0.7,4900.0,0.5,0,26000.0,0,191000.0,12,vehicle,0.465,1
63,63100.0,2.2,13800.0,5.6,1,2800.0,0,133000.0,60,home_improvement,0.257,0
63,82400.0,1.8,31500.0,1.1,1,27500.0,0,337000.0,12,vehicle,0.75,0
43,78300.0,10.1,10000.0,1.8,2,3700.0,0,207000.0,60,home_improvement,0.175,0
52,16000.0,2.6,3400.0,1.1,2,1600.0,0,131000.0,36,personal,0.458,1
50,41900.0,0.7,6300.0,0.2,0,19700.0,0,421000.0,24,personal,0.602,0
33,60500.0,0.1,10000.0,5.2,3,120700.0,1,124000.0,36,home_improvement,0.227,1
63,86200.0,6.4,5300.0,4.1,1,5900.0,0,34000.0,24,personal,0.079,1
38,53600.0,6.3,14900.0,2.6,1,24000.0,0,417000.0,24,home_improvement,0.628,0
43,27300.0,2.7,7300.0,4.5,2,23300.0,0,91000.0,36,home_improvement,0.367,0
35,28900.0,0.7,4700.0,7.5,1,14800.0,0,63000.0,24,personal,0.261,0
53,29300.0,2.3,6100.0,3.9,1,2200.0,0,362000.0,48,personal,0.486,0
41,46100.0,4.5,18800.0,9.5,1,17600.0,0,88000.0,36,personal,0.465,0
59,32300.0,6.1,700.0,0.9,1,85400.0,0,274000.0,24,vehicle,0.403,0
43,12000.0,0.4,1100.0,8.6,3,44300.0,0,231000.0,12,home_improvement,1.824,1
47,23600.0,4.1,900.0,3.1,1,1400.0,0,238000.0,36,personal,0.341,0
64,32900.0,1.6,4800.0,7.4,1,52600.0,0,192000.0,60,business,0.251,1
38,21700.0,4.8,2700.0,5.4,0,12800.0,1,160000.0,36,home_improvement,0.346,0
44,23200.0,5.2,8900.0,0.2,0,62800.0,0,61000.0,36,vehicle,0.462,0
60,101000.0,12.1,36300.0,7.3,3,2300.0,1,93000.0,24,personal,0.401,1
62,40000.0,2.6,8000.0,1.6,1,6600.0,0,321000.0,36,home_improvement,0.441,0
27,33700.0,3.9,19200.0,2.2,1,14600.0,1,518000.0,36,home_improvement,1.031,1
40,54200.0,1.6,5700.0,0.0,1,61200.0,0,43000.0,48,home_improvement,0.123,0
47,67200.0,1.7,16500.0,5.7,1,10900.0,0,219000.0,12,personal,0.539,0
26,110000.0,0.2,56800.0,2.5,0,7100.0,0,340000.0,24,business,0.655,0
47,86500.0,1.7,7100.0,11.2,1,11300.0,0,150000.0,48,personal,0.121,0
29,48800.0,0.3,14400.0,1.3,2,135400.0,1,44000.0,60,education,0.311,1
51,20100.0,16.6,7600.0,2.7,0,4100.0,0,462000.0,48,personal,0.895,0
41,25600.0,4.9,4300.0,2.1,1,8000.0,0,135000.0,36,business,0.326,0
46,33500.0,1.0,3800.0,6.3,0,4000.0,0,73000.0,12,personal,0.31,0
60,50400.0,0.6,1300.0,3.1,0,24900.0,0,94000.0,48,home_improvement,0.068,1
33,41900.0,2.3,4900.0,2.5,0,4000.0,0,333000.0,48,vehicle,0.296,0
43,20700.0,1.8,5800.0,11.7,0,15800.0,0,151000.0,60,vehicle,0.411,0
40,19100.0,1.6,2800.0,1.9,0,5200.0,0,34000.0,36,vehicle,0.2,0
57,45100.0,3.2,21700.0,2.7,0,21600.0,0,535000.0,36,personal,0.837,1
48,42400.0,12.2,3700.0,3.2,2,16700.0,0,218000.0,24,home_improvement,0.319,1
37,36500.0,4.2,3300.0,0.2,2,37800.0,0,108000.0,60,personal,0.144,0
48,49900.0,3.7,15900.0,3.0,1,24400.0,0,355000.0,36,personal,0.532,1
61,70300.0,8.2,33200.0,1.6,2,57100.0,0,107000.0,48,personal,0.507,1
22,46100.0,0.0,12700.0,4.2,0,200300.0,0,147000.0,36,vehicle,0.371,0
45,26300.0,1.1,4100.0,4.1,1,217600.0,0,182000.0,48,home_improvement,0.312,0
61,95000.0,3.4,10900.0,5.0,0,22600.0,0,207000.0,24,business,0.213,0
26,37100.0,6.1,6700.0,2.0,1,18300.0,0,240000.0,36,vehicle,0.375,0
31,41000.0,3.3,11700.0,0.4,2,8800.0,0,75000.0,24,home_improvement,0.368,0
58,29900.0,0.9,2900.0,2.3,3,9900.0,0,41000.0,24,business,0.159,0
26,24700.0,13.3,6400.0,3.2,0,19300.0,0,301000.0,24,business,0.807,1
31,25700.0,2.0,2300.0,0.1,1,4500.0,0,85000.0,48,home_improvement,0.164,0
34,23300.0,7.8,8200.0,3.2,2,28100.0,0,182000.0,48,medical,0.528,0
22,12000.0,11.1,3400.0,2.0,1,1500.0,0,279000.0,24,education,1.329,1
60,37400.0,2.1,11200.0,2.6,1,16100.0,0,304000.0,12,vehicle,1.031,1
23,65900.0,9.3,6200.0,1.4,0,5100.0,0,90000.0,36,vehicle,0.135,0
55,25800.0,6.2,5300.0,2.7,3,8700.0,1,97000.0,36,vehicle,0.318,0
53,127000.0,11.7,68900.0,8.5,1,26900.0,0,95000.0,12,personal,0.61,0
44,74900.0,1.4,18900.0,6.2,2,3700.0,0,104000.0,36,personal,0.294,1
39,39800.0,13.4,19700.0,3.8,0,5900.0,0,190000.0,12,vehicle,0.925,1
38,24300.0,0.3,7900.0,3.9,0,3200.0,0,61000.0,48,home_improvement,0.382,0
44,19600.0,7.9,4500.0,9.0,0,64500.0,1,75000.0,36,personal,0.344,1
55,38100.0,2.9,3500.0,2.6,0,1300.0,0,149000.0,24,medical,0.268,0
21,41400.0,1.0,8600.0,3.1,1,7700.0,0,238000.0,24,personal,0.466,0
56,36600.0,0.4,6200.0,7.9,0,36700.0,0,95000.0,24,business,0.286,0
45,64900.0,2.5,28900.0,5.6,0,51600.0,0,135000.0,48,personal,0.492,0
63,78700.0,2.5,21000.0,2.3,2,53800.0,0,51000.0,12,vehicle,0.325,0
54,49600.0,1.3,11100.0,1.5,2,31800.0,0,263000.0,60,personal,0.319,1
45,50900.0,1.2,10200.0,2.9,3,4700.0,0,218000.0,12,home_improvement,0.586,1
36,34800.0,2.6,10700.0,0.5,0,16500.0,0,250000.0,12,home_improvement,0.954,1
54,40000.0,2.6,5300.0,4.6,2,1600.0,0,137000.0,24,vehicle,0.287,0
49,48300.0,2.9,12500.0,2.5,3,5500.0,0,130000.0,12,vehicle,0.501,0
39,34800.0,10.2,11600.0,3.6,0,3600.0,0,146000.0,60,vehicle,0.409,0
43,54000.0,4.7,26700.0,7.5,1,6800.0,0,114000.0,24,education,0.589,0
39,25000.0,0.1,8800.0,1.8,0,11500.0,0,212000.0,48,personal,0.543,1
45,28900.0,3.7,8200.0,2.7,4,3000.0,0,173000.0,24,vehicle,0.553,0
36,25100.0,7.2,12700.0,3.2,1,68500.0,0,231000.0,12,personal,1.334,0
29,29700.0,0.3,1800.0,1.3,1,2900.0,1,153000.0,36,vehicle,0.215,1
21,35300.0,2.7,11000.0,1.3,0,19300.0,0,61000.0,12,home_improvement,0.467,1
62,63800.0,3.0,37600.0,3.0,0,1700.0,0,66000.0,36,education,0.62,0
39,40900.0,15.4,9700.0,1.2,2,16000.0,0,79000.0,24,personal,0.324,1
53,22500.0,3.2,6500.0,7.9,1,2900.0,0,83000.0,36,personal,0.4,0
54,21400.0,6.9,4100.0,21.1,1,60700.0,0,183000.0,24,education,0.576,0
36,33300.0,1.8,1200.0,0.9,0,12200.0,0,54000.0,60,home_improvement,0.065,0
64,58400.0,7.6,13100.0,3.4,0,7200.0,0,166000.0,24,business,0.352,1
60,75500.0,1.9,28500.0,0.6,2,24200.0,0,69000.0,36,personal,0.405,0
38,19600.0,2.8,5900.0,0.8,1,11100.0,0,162000.0,12,education,1.045,0
54,47500.0,3.3,8100.0,5.8,0,27500.0,0,110000.0,12,personal,0.379,0
45,33500.0,13.0,5500.0,0.9,1,41600.0,0,188000.0,24,home_improvement,0.417,0
26,34700.0,0.3,15300.0,5.5,1,10500.0,0,177000.0,48,personal,0.556,1
41,24900.0,1.1,4500.0,2.1,0,12300.0,0,193000.0,36,vehicle,0.413,1
26,36400.0,6.1,5800.0,2.6,1,3100.0,0,259000.0,12,education,0.8,1
52,24400.0,4.3,7100.0,1.2,0,43100.0,0,85000.0,24,personal,0.448,0
61,35600.0,1.4,2400.0,3.2,0,15000.0,0,274000.0,48,business,0.241,0
63,67300.0,1.7,9700.0,1.6,1,28300.0,0,119000.0,24,personal,0.224,1
59,53300.0,2.3,5800.0,0.8,0,8400.0,0,313000.0,24,vehicle,0.373,0
51,95000.0,3.0,34100.0,0.6,3,1500.0,0,265000.0,48,home_improvement,0.422,0
62,50900.0,8.5,1800.0,30.0,2,5100.0,0,118000.0,24,personal,0.14,0
30,43400.0,0.1,6500.0,1.7,2,800.0,0,449000.0,36,personal,0.46,0
50,51500.0,11.4,4500.0,6.5,1,9600.0,0,82000.0,48,vehicle,0.123,0
38,28300.0,2.7,5700.0,1.7,3,54100.0,0,81000.0,60,business,0.253,0
44,15700.0,1.3,12200.0,3.9,0,3600.0,0,209000.0,36,home_improvement,1.176,1
29,57400.0,3.6,8000.0,7.4,1,117000.0,0,142000.0,24,education,0.251,1
51,17900.0,5.4,1000.0,4.8,1,4000.0,0,727000.0,60,home_improvement,0.787,1
35,66500.0,0.2,8900.0,0.3,4,1500.0,0,235000.0,36,education,0.24,0
24,56300.0,6.3,2900.0,0.9,0,3200.0,0,354000.0,60,personal,0.165,0
60,27400.0,7.2,7500.0,8.3,3,27200.0,0,153000.0,48,business,0.399,1
29,33000.0,0.9,2900.0,2.5,1,10000.0,0,55000.0,36,business,0.138,0
29,39900.0,0.9,15700.0,3.6,1,30900.0,0,62000.0,24,education,0.463,0
46,26500.0,1.1,3700.0,0.1,0,56500.0,0,214000.0,24,personal,0.503,0
24,51200.0,8.0,6200.0,2.7,1,3900.0,0,99000.0,24,personal,0.208,1
37,53300.0,1.6,1600.0,2.3,2,25300.0,0,116000.0,24,vehicle,0.128,0
36,21000.0,7.9,11200.0,4.6,0,2400.0,0,150000.0,48,personal,0.694,0
35,27700.0,3.9,6800.0,1.3,1,4100.0,0,142000.0,12,personal,0.707,0
55,39500.0,7.3,10700.0,5.4,0,23100.0,0,122000.0,60,vehicle,0.326,0
25,67100.0,4.0,20200.0,4.4,0,41200.0,0,68000.0,24,medical,0.347,0
25,53800.0,2.0,19000.0,2.9,0,7700.0,0,156000.0,36,personal,0.44,1
40,14100.0,12.1,4200.0,1.9,3,21100.0,0,101000.0,24,vehicle,0.62,1
35,35200.0,6.3,1000.0,1.4,1,8300.0,0,183000.0,24,home_improvement,0.262,0
38,49600.0,3.3,26700.0,3.1,3,366200.0,0,95000.0,36,vehicle,0.596,0
22,28000.0,5.1,8300.0,3.4,4,15000.0,0,272000.0,60,personal,0.471,0
49,27000.0,4.8,2600.0,2.4,0,13100.0,0,104000.0,60,medical,0.166,0
33,28700.0,2.2,6000.0,1.5,1,4300.0,0,473000.0,12,business,1.692,1
24,34900.0,2.8,11800.0,8.5,1,11400.0,0,56000.0,36,home_improvement,0.386,0
62,25800.0,1.9,5600.0,1.5,3,19600.0,0,199000.0,12,medical,0.911,1
30,54000.0,35.0,13800.0,4.5,2,10000.0,0,110000.0,12,personal,0.439,1
51,27200.0,4.3,4100.0,9.4,0,6400.0,0,110000.0,48,business,0.242,0
61,25200.0,0.5,3300.0,4.2,0,28200.0,0,187000.0,24,business,0.465,1
28,33500.0,3.7,9200.0,1.8,2,7400.0,0,181000.0,60,personal,0.372,1
23,78100.0,0.3,7000.0,1.4,1,40400.0,0,145000.0,48,personal,0.131,0
29,50800.0,1.7,5300.0,7.7,2,6300.0,0,146000.0,36,vehicle,0.191,0
50,52300.0,3.0,19800.0,2.7,0,6200.0,0,80000.0,12,vehicle,0.516,0
31,45700.0,3.8,13100.0,3.6,1,34800.0,0,250000.0,12,vehicle,0.779,0
55,26200.0,18.7,4100.0,3.6,2,28500.0,0,171000.0,36,personal,0.352,0
57,30100.0,20.1,4000.0,3.1,3,75000.0,0,167000.0,48,medical,0.258,0
62,27900.0,0.5,10200.0,10.7,0,4500.0,0,153000.0,36,business,0.53,1
33,65600.0,3.9,9500.0,10.7,0,15000.0,0,418000.0,48,medical,0.288,0
56,45800.0,8.5,10300.0,0.2,1,39300.0,0,46000.0,36,education,0.255,0
33,19000.0,1.4,2000.0,2.8,0,64700.0,0,117000.0,60,personal,0.216,0
32,77200.0,6.9,30700.0,3.3,0,44600.0,0,116000.0,48,medical,0.431,0
57,34600.0,10.5,9200.0,10.4,2,12000.0,0,279000.0,36,personal,0.508,0
30,53900.0,5.4,14500.0,0.3,0,24400.0,0,258000.0,48,personal,0.377,0
29,64400.0,2.0,12700.0,6.2,2,2600.0,0,71000.0,36,personal,0.23,1
27,12700.0,12.8,1400.0,4.1,3,259800.0,0,346000.0,12,education,2.562,1
22,49200.0,10.8,8200.0,5.3,2,20900.0,0,179000.0,48,personal,0.249,0
43,35800.0,6.3,7400.0,1.4,0,11100.0,1,500000.0,36,vehicle,0.626,1
59,13500.0,2.3,1000.0,5.5,0,33700.0,0,90000.0,36,personal,0.274,0
60,24100.0,7.8,6400.0,1.3,2,13100.0,0,247000.0,12,education,1.188,1
59,32700.0,1.9,7400.0,4.5,1,147600.0,0,85000.0,12,business,0.46,0
41,58700.0,1.5,2900.0,6.2,2,181400.0,0,160000.0,60,medical,0.098,0
43,37100.0,3.6,3000.0,6.1,0,6500.0,0,51000.0,48,personal,0.112,0
49,42900.0,29.3,11100.0,3.1,2,15800.0,1,74000.0,36,education,0.31,0
34,34200.0,8.2,8100.0,2.1,0,13000.0,0,75000.0,36,business,0.303,0
46,65500.0,6.5,14400.0,1.1,2,1400.0,0,136000.0,48,education,0.267,0
25,50700.0,3.0,11300.0,0.1,1,29900.0,0,271000.0,60,personal,0.319,0
51,43200.0,1.9,20600.0,0.2,1,13700.0,0,130000.0,48,vehicle,0.545,0
45,24000.0,9.7,2600.0,2.2,1,32200.0,0,204000.0,36,home_improvement,0.363,0
51,42400.0,4.2,2100.0,0.4,4,2800.0,0,67000.0,60,personal,0.078,1
40,140300.0,8.4,53000.0,0.5,2,63300.0,0,301000.0,48,personal,0.426,0
64,57400.0,3.3,22800.0,0.9,0,13800.0,0,227000.0,12,medical,0.753,0
37,28800.0,7.0,8400.0,2.6,2,2000.0,0,249000.0,12,personal,1.07,1
22,92400.0,10.1,29900.0,3.6,2,2400.0,0,75000.0,48,business,0.342,1
45,28200.0,2.5,6700.0,4.7,1,12700.0,0,74000.0,48,business,0.297,1
33,55400.0,0.1,11000.0,2.7,2,7200.0,0,131000.0,36,business,0.269,0
59,39300.0,1.5,22800.0,4.4,0,4600.0,0,220000.0,48,personal,0.706,0
48,43600.0,12.3,2300.0,7.9,1,20300.0,0,589000.0,48,home_improvement,0.357,0
62,44300.0,5.8,8400.0,1.9,2,22500.0,0,118000.0,36,vehicle,0.27,0
26,35900.0,6.7,8100.0,4.7,0,18000.0,0,252000.0,36,education,0.436,0
23,33700.0,2.0,6200.0,4.3,1,2700.0,0,75000.0,12,personal,0.384,0
55,22200.0,6.0,2300.0,4.0,1,11900.0,0,59000.0,60,personal,0.151,0
38,24200.0,5.2,9100.0,3.5,0,16100.0,0,574000.0,24,vehicle,1.443,1
31,46600.0,1.0,6400.0,5.2,2,3000.0,0,105000.0,12,vehicle,0.34,1
40,29500.0,17.3,4600.0,6.8,0,23000.0,0,141000.0,12,vehicle,0.586,0
25,26600.0,2.2,2300.0,2.0,1,17700.0,0,29000.0,36,personal,0.119,0
39,143200.0,2.0,27600.0,4.3,2,1700.0,0,110000.0,12,vehicle,0.262,0
42,123000.0,2.3,41600.0,1.1,3,4500.0,0,184000.0,48,personal,0.372,0
39,52100.0,0.5,8200.0,5.6,2,12200.0,0,69000.0,24,home_improvement,0.217,0
36,55500.0,4.9,28500.0,8.5,1,32000.0,0,175000.0,60,home_improvement,0.57,1
44,27800.0,1.4,2400.0,5.7,1,500.0,0,145000.0,48,vehicle,0.204,0
61,23500.0,8.1,12600.0,2.7,0,50900.0,0,296000.0,12,home_improvement,1.67,1
24,34400.0,2.5,23200.0,0.6,1,8700.0,0,279000.0,36,vehicle,0.918,1
35,40100.0,3.1,7000.0,8.3,3,51300.0,0,341000.0,24,business,0.557,0
45,55300.0,5.2,2500.0,6.7,0,700.0,0,269000.0,12,medical,0.483,0
64,17600.0,7.2,3400.0,4.8,1,4200.0,1,93000.0,36,business,0.352,1
55,105500.0,1.3,14700.0,7.6,1,27400.0,1,200000.0,24,medical,0.225,0
34,44900.0,17.0,7400.0,3.0,1,47200.0,0,130000.0,36,home_improvement,0.252,0
39,20000.0,4.9,4900.0,18.7,1,66300.0,0,303000.0,12,vehicle,1.608,1
58,43100.0,0.0,2900.0,7.3,0,40000.0,0,147000.0,36,vehicle,0.17,1
56,26700.0,2.7,10900.0,0.7,0,12900.0,0,182000.0,24,vehicle,0.715,0
27,25900.0,2.9,19100.0,2.1,1,26800.0,0,178000.0,12,vehicle,1.356,1
50,24900.0,8.3,8500.0,0.7,2,65700.0,0,277000.0,12,vehicle,1.343,1
39,35800.0,1.8,16600.0,1.0,0,49700.0,0,60000.0,36,education,0.514,0
45,103400.0,2.0,14600.0,2.8,1,7900.0,0,172000.0,12,education,0.291,0
36,41800.0,0.4,8500.0,1.8,1,32500.0,0,217000.0,36,vehicle,0.359,0
60,54800.0,1.7,9500.0,9.6,2,13300.0,0,142000.0,12,personal,0.407,0
28,61200.0,6.3,14200.0,0.0,2,71700.0,0,93000.0,36,vehicle,0.278,0
38,37600.0,5.0,6900.0,0.0,1,7300.0,0,207000.0,24,vehicle,0.431,0
48,23800.0,0.4,4400.0,10.1,0,32100.0,0,361000.0,12,education,1.55,1
36,19500.0,0.6,6200.0,1.1,1,46800.0,0,209000.0,60,business,0.511,1
39,33700.0,2.4,5200.0,0.0,0,4500.0,0,175000.0,24,business,0.388,0
62,67200.0,6.8,6800.0,2.3,2,7300.0,0,73000.0,24,personal,0.15,0
37,61100.0,8.9,9900.0,0.9,0,128800.0,0,536000.0,60,vehicle,0.32,0
33,45000.0,0.1,15100.0,0.2,0,31300.0,0,245000.0,48,business,0.458,0
27,47800.0,2.0,6100.0,3.0,1,78800.0,0,253000.0,36,vehicle,0.286,0
47,37700.0,2.8,10500.0,0.6,0,6700.0,0,177000.0,24,education,0.49,0
30,32300.0,12.1,16700.0,7.3,1,5000.0,0,226000.0,36,education,0.727,0
54,28800.0,3.5,12800.0,1.4,4,16700.0,0,431000.0,48,personal,0.781,1
56,20700.0,1.6,6800.0,1.0,1,7300.0,0,116000.0,48,home_improvement,0.455,1
45,90100.0,2.5,15000.0,5.4,1,700.0,0,458000.0,48,vehicle,0.281,1
26,43300.0,2.9,4700.0,7.6,2,65700.0,0,336000.0,12,business,0.807,0
44,32900.0,5.5,14000.0,0.4,4,101200.0,0,255000.0,24,business,0.774,1
38,91100.0,0.2,20900.0,0.7,3,68900.0,0,118000.0,36,business,0.268,1
43,99200.0,2.5,16600.0,2.6,2,95800.0,0,328000.0,36,education,0.267,0
26,138000.0,5.2,32300.0,3.6,1,29100.0,0,91000.0,36,vehicle,0.254,0
49,35900.0,1.7,18600.0,0.3,3,9500.0,0,257000.0,60,business,0.647,0
45,42100.0,4.5,20800.0,1.9,1,200600.0,0,72000.0,24,vehicle,0.571,0
37,53800.0,2.2,33700.0,9.1,0,82100.0,0,85000.0,48,vehicle,0.662,0
44,84800.0,7.1,12800.0,8.4,0,35000.0,0,165000.0,36,business,0.209,0
31,41300.0,0.3,8300.0,1.5,1,600.0,0,206000.0,36,vehicle,0.351,0
46,25800.0,12.5,4900.0,1.0,1,17300.0,0,53000.0,60,personal,0.227,0
54,28600.0,0.9,3300.0,3.5,3,9200.0,0,47000.0,24,home_improvement,0.189,0
48,68200.0,0.9,26200.0,0.4,3,20600.0,0,75000.0,24,vehicle,0.434,0
23,53100.0,9.2,8500.0,1.1,2,5200.0,0,289000.0,48,medical,0.283,1
31,37100.0,10.2,16500.0,0.7,2,22000.0,1,295000.0,36,vehicle,0.683,1
58,36000.0,0.5,15300.0,0.9,1,5400.0,0,99000.0,36,vehicle,0.507,0
34,37100.0,12.0,19100.0,1.0,1,33100.0,0,90000.0,12,business,0.733,1
46,70100.0,1.6,7100.0,3.9,0,3900.0,0,85000.0,36,medical,0.138,1
41,28100.0,4.8,11800.0,2.7,3,19200.0,0,78000.0,36,vehicle,0.503,0
59,23200.0,0.4,6900.0,7.9,0,18100.0,0,114000.0,36,home_improvement,0.445,0
50,90900.0,2.4,46300.0,5.3,1,19500.0,0,171000.0,12,vehicle,0.679,1
28,40600.0,3.0,2300.0,2.8,0,8600.0,0,489000.0,48,business,0.328,0
40,38700.0,4.6,4100.0,1.5,2,7200.0,0,136000.0,36,vehicle,0.211,0
52,54300.0,3.7,15500.0,7.1,4,60000.0,0,207000.0,24,personal,0.457,1
42,25700.0,3.1,6800.0,0.3,1,15200.0,1,454000.0,36,personal,0.795,1
27,56300.0,16.0,14500.0,4.6,0,8400.0,0,126000.0,36,personal,0.325,0
29,33800.0,1.0,7400.0,0.5,0,9000.0,0,149000.0,24,personal,0.417,1
21,66600.0,0.9,2900.0,3.0,0,26300.0,0,171000.0,24,business,0.159,0
49,20100.0,6.2,6100.0,9.3,0,5800.0,0,219000.0,36,home_improvement,0.63,1
28,49200.0,0.4,27100.0,1.1,2,9100.0,0,187000.0,24,personal,0.722,0
24,36200.0,3.3,4100.0,0.3,0,7000.0,0,172000.0,36,education,0.256,0
55,29200.0,3.3,2600.0,1.7,0,91500.0,0,472000.0,48,personal,0.453,1
23,56800.0,1.9,24900.0,2.6,1,9100.0,0,192000.0,12,personal,0.743,1
60,37500.0,13.3,14700.0,5.2,1,3600.0,0,97000.0,48,home_improvement,0.45,0
27,49500.0,1.7,11200.0,0.1,4,3100.0,0,152000.0,48,personal,0.295,0
47,70900.0,1.7,28100.0,0.6,0,7500.0,0,43000.0,48,vehicle,0.41,0
21,57300.0,1.3,7800.0,2.1,2,8800.0,1,165000.0,36,education,0.223,1
47,24700.0,0.8,6000.0,0.4,0,15300.0,0,152000.0,36,personal,0.428,1
36,31500.0,2.3,8600.0,12.5,0,5700.0,0,186000.0,36,vehicle,0.45,0
58,49300.0,5.7,16700.0,2.9,1,13700.0,0,491000.0,48,home_improvement,0.563,1
27,57400.0,6.8,13000.0,1.9,1,90900.0,0,101000.0,24,business,0.306,0
64,33700.0,8.4,7000.0,15.6,0,11400.0,0,275000.0,60,vehicle,0.355,0
43,43900.0,1.1,15400.0,4.2,1,56700.0,0,168000.0,24,home_improvement,0.523,0
61,43700.0,0.2,11600.0,2.9,0,16300.0,0,45000.0,12,vehicle,0.358,1
31,46600.0,18.4,23400.0,1.1,5,5900.0,0,96000.0,36,personal,0.564,0
62,23600.0,0.1,7400.0,1.2,3,6100.0,1,150000.0,60,home_improvement,0.428,0
53,21200.0,16.2,4600.0,1.8,1,20900.0,0,96000.0,48,vehicle,0.319,0
56,14500.0,8.8,3500.0,5.6,0,1400.0,0,270000.0,24,education,1.079,1
57,42100.0,12.2,13600.0,6.8,1,17400.0,1,146000.0,60,personal,0.385,1
61,21700.0,2.4,3100.0,0.9,2,3300.0,0,72000.0,60,medical,0.203,0
37,105000.0,1.1,31400.0,6.8,1,50100.0,0,123000.0,36,personal,0.334,0
55,53900.0,4.7,18700.0,1.6,2,57400.0,0,104000.0,24,personal,0.434,0
25,23600.0,6.8,5000.0,0.9,0,9200.0,0,187000.0,36,medical,0.45,1
52,66900.0,0.7,29200.0,0.9,1,191600.0,0,239000.0,36,personal,0.544,0
23,67000.0,8.0,17100.0,2.5,2,5400.0,0,67000.0,36,business,0.285,0
55,69500.0,1.2,26200.0,5.8,1,4100.0,0,123000.0,36,business,0.43,1
34,27900.0,3.4,10500.0,3.4,1,9500.0,0,149000.0,24,education,0.617,0
51,55400.0,9.7,7600.0,2.5,1,600.0,0,496000.0,24,vehicle,0.54,1
51,70000.0,1.1,7300.0,0.1,0,12200.0,0,247000.0,60,vehicle,0.168,1
37,81400.0,1.4,15800.0,3.3,3,7000.0,0,141000.0,12,vehicle,0.35,0
44,20200.0,0.3,600.0,4.5,0,229700.0,0,102000.0,24,home_improvement,0.257,0
43,36400.0,0.8,7200.0,0.4,3,3300.0,0,154000.0,60,vehicle,0.274,1
38,27500.0,0.8,1200.0,12.5,3,244700.0,0,49000.0,48,personal,0.084,0
34,92900.0,1.1,6500.0,0.4,0,53300.0,0,161000.0,36,personal,0.122,0
35,50100.0,1.7,23300.0,4.7,1,2000.0,0,257000.0,12,home_improvement,0.927,1
35,59900.0,8.4,28800.0,3.0,2,17000.0,0,104000.0,48,personal,0.52,0
26,49700.0,12.4,18300.0,8.6,2,27000.0,0,136000.0,48,home_improvement,0.43,0
47,47500.0,2.6,7400.0,2.1,1,11900.0,0,290000.0,12,personal,0.705,0
35,27200.0,0.7,12300.0,2.8,1,2800.0,0,71000.0,48,personal,0.511,0
56,32800.0,1.3,11700.0,3.2,3,3800.0,0,119000.0,24,home_improvement,0.52,0
28,41400.0,6.7,11100.0,8.3,0,6500.0,0,134000.0,48,education,0.341,0
35,30000.0,5.7,6600.0,6.4,0,8100.0,0,219000.0,48,vehicle,0.384,0
23,27600.0,17.1,7300.0,1.3,0,10000.0,0,188000.0,36,home_improvement,0.469,0
33,36600.0,0.1,17300.0,12.4,2,2100.0,0,190000.0,12,personal,0.94,0
61,30600.0,6.9,8900.0,5.6,3,21800.0,0,245000.0,36,home_improvement,0.531,0
54,41000.0,3.5,12500.0,0.0,2,23200.0,0,187000.0,36,business,0.442,0
44,32900.0,11.6,2300.0,0.8,1,2100.0,1,145000.0,48,personal,0.169,1
60,29500.0,4.3,7800.0,7.7,1,24500.0,0,237000.0,12,business,0.987,0
52,26400.0,3.0,2700.0,4.2,1,300.0,0,217000.0,36,medical,0.349,0
52,40200.0,5.5,2700.0,1.2,0,3300.0,0,158000.0,48,vehicle,0.156,0
50,59900.0,9.0,2100.0,0.8,4,3200.0,0,80000.0,36,vehicle,0.075,0
33,53800.0,1.7,20900.0,0.6,3,31900.0,0,407000.0,24,education,0.729,0
21,20200.0,0.6,2500.0,1.5,0,4100.0,0,182000.0,24,medical,0.529,1
54,59100.0,2.8,27600.0,9.2,1,5900.0,0,81000.0,24,medical,0.529,1
35,53600.0,1.2,1000.0,1.7,1,32300.0,0,74000.0,48,education,0.05,0
64,59800.0,2.8,23200.0,4.3,2,9000.0,0,198000.0,36,home_improvement,0.487,1
34,65400.0,23.6,7500.0,0.5,0,6300.0,0,223000.0,36,personal,0.217,0
49,28900.0,4.3,9000.0,3.0,1,800.0,0,97000.0,12,vehicle,0.613,1
54,35100.0,5.9,7000.0,1.7,0,24100.0,0,197000.0,36,personal,0.368,0
38,89800.0,5.7,9700.0,0.7,1,49700.0,0,183000.0,48,vehicle,0.154,0
27,87500.0,8.6,20500.0,6.4,1,13600.0,0,115000.0,24,vehicle,0.293,0
49,38800.0,14.4,28200.0,6.8,0,44900.0,0,201000.0,24,vehicle,0.96,1
51,52600.0,5.4,12400.0,1.5,1,18300.0,0,164000.0,60,business,0.292,0
45,54800.0,3.2,20400.0,4.2,0,5700.0,0,186000.0,36,vehicle,0.474,0
58,88500.0,1.9,14200.0,2.0,2,56100.0,0,320000.0,48,personal,0.242,1
34,46900.0,2.2,13100.0,0.2,0,47400.0,0,80000.0,24,education,0.356,0
28,23300.0,2.0,17500.0,2.2,1,9900.0,0,151000.0,24,education,1.043,1
47,32400.0,2.0,9400.0,3.4,1,24700.0,0,138000.0,12,medical,0.673,1
22,164400.0,5.9,110400.0,1.4,0,111900.0,0,174000.0,24,home_improvement,0.719,0
37,22800.0,4.4,9600.0,11.9,0,8000.0,0,76000.0,36,business,0.521,0
57,41100.0,1.1,3400.0,3.3,2,36600.0,0,211000.0,24,education,0.314,0
34,113700.0,17.5,34600.0,1.9,2,29700.0,0,90000.0,24,personal,0.34,0
45,28000.0,2.8,7200.0,5.3,0,17800.0,0,87000.0,12,education,0.537,1
50,12000.0,4.2,2300.0,1.7,1,12200.0,1,336000.0,48,home_improvement,0.822,1
49,12800.0,6.1,5500.0,0.1,0,900.0,1,262000.0,36,home_improvement,1.044,1
40,28100.0,4.8,4600.0,0.0,4,55300.0,0,263000.0,24,personal,0.585,1
41,18200.0,1.9,2300.0,1.4,2,3900.0,0,101000.0,24,education,0.376,0
42,64000.0,8.0,6000.0,0.7,2,20900.0,0,121000.0,36,home_improvement,0.15,0
55,45300.0,0.6,15600.0,1.7,0,6900.0,0,113000.0,60,vehicle,0.389,0
57,15400.0,4.2,100.0,5.9,0,92300.0,0,110000.0,24,business,0.328,0
36,19600.0,1.6,2400.0,1.5,3,5000.0,0,233000.0,12,home_improvement,1.192,1
63,70100.0,4.8,7700.0,3.3,4,6900.0,0,289000.0,48,personal,0.203,0
37,43800.0,1.2,22700.0,10.1,1,174500.0,0,71000.0,24,vehicle,0.591,0
36,76500.0,7.4,19600.0,4.8,0,33400.0,0,68000.0,48,business,0.276,0
22,66400.0,1.3,15500.0,3.3,0,6000.0,0,541000.0,48,home_improvement,0.417,1
24,23900.0,11.1,9400.0,8.1,3,9400.0,0,149000.0,48,vehicle,0.534,1
41,59700.0,9.9,28700.0,1.6,1,23100.0,0,154000.0,24,personal,0.597,0
59,51700.0,2.3,10300.0,0.9,0,4600.0,0,228000.0,24,home_improvement,0.398,1
54,16600.0,2.4,4700.0,5.5,1,7100.0,0,55000.0,24,business,0.432,0
50,21700.0,6.0,6300.0,0.2,0,11100.0,0,70000.0,36,vehicle,0.387,0
26,120200.0,0.5,40600.0,2.2,3,19100.0,0,325000.0,60,personal,0.386,1
37,26400.0,0.4,10200.0,1.4,0,28600.0,0,97000.0,36,medical,0.497,0
59,48300.0,0.7,25400.0,14.2,0,2000.0,0,392000.0,60,business,0.672,0
45,36800.0,4.1,5600.0,1.9,0,6800.0,1,229000.0,36,education,0.339,1
25,43600.0,0.8,11700.0,4.4,0,15000.0,0,216000.0,60,personal,0.358,0
25,37900.0,1.6,11100.0,1.3,2,60700.0,1,222000.0,48,home_improvement,0.425,0
40,62000.0,5.2,10100.0,16.3,0,14800.0,0,439000.0,24,vehicle,0.482,0
36,61200.0,0.1,4500.0,0.8,2,39500.0,1,213000.0,36,education,0.178,1
61,42300.0,1.0,14100.0,9.5,0,6700.0,0,172000.0,24,education,0.516,0
57,26700.0,13.3,10200.0,2.4,1,55900.0,1,285000.0,36,business,0.702,1
60,31100.0,5.4,6600.0,2.2,1,10500.0,0,170000.0,24,vehicle,0.458,0
29,19700.0,1.8,3500.0,4.8,0,40900.0,1,428000.0,48,vehicle,0.666,1
25,34500.0,0.2,7600.0,0.4,0,12300.0,0,138000.0,48,vehicle,0.31,0
62,18100.0,4.4,7100.0,3.2,2,38700.0,0,61000.0,48,business,0.468,1
22,44300.0,1.3,3000.0,1.0,1,9800.0,0,106000.0,48,home_improvement,0.122,0
29,45900.0,16.1,6200.0,0.7,0,20100.0,1,182000.0,12,personal,0.492,1
63,63100.0,5.8,6100.0,8.4,3,12600.0,0,260000.0,48,medical,0.189,0
56,23200.0,18.3,2800.0,23.6,2,15900.0,0,390000.0,24,home_improvement,0.877,1
42,23900.0,9.4,11700.0,14.2,2,32000.0,0,286000.0,48,business,0.759,1
42,79700.0,3.3,8300.0,6.9,1,32700.0,0,171000.0,36,education,0.169,0
42,21700.0,5.5,4100.0,10.1,2,2800.0,0,197000.0,24,business,0.597,1
54,101000.0,8.4,8200.0,10.3,1,52500.0,0,303000.0,48,personal,0.149,0
49,26500.0,4.3,2600.0,0.8,0,2800.0,0,136000.0,12,personal,0.56,0
58,26600.0,0.3,15300.0,0.4,1,20500.0,0,447000.0,60,business,0.878,1
53,58600.0,3.2,11900.0,0.5,1,3300.0,1,75000.0,36,medical,0.241,0
38,51400.0,0.7,11800.0,0.7,2,50600.0,0,401000.0,36,vehicle,0.464,0
27,84000.0,6.3,16000.0,6.9,0,43900.0,0,112000.0,36,business,0.23,0
21,17100.0,5.7,6100.0,11.3,1,16600.0,0,209000.0,48,education,0.632,1
53,51000.0,24.7,19700.0,1.7,2,5600.0,0,202000.0,24,vehicle,0.564,0
21,39300.0,5.0,6500.0,0.1,0,211000.0,0,232000.0,24,education,0.431,0
44,24700.0,8.1,5400.0,1.5,1,9200.0,0,121000.0,48,home_improvement,0.329,0
24,93600.0,1.6,42300.0,4.9,0,6400.0,0,441000.0,36,business,0.593,0
24,44600.0,2.1,3300.0,11.5,0,200.0,0,66000.0,36,vehicle,0.118,1
38,39000.0,12.4,13700.0,2.4,6,2200.0,0,178000.0,36,personal,0.488,0
47,49200.0,7.0,15800.0,1.6,3,63000.0,1,111000.0,48,home_improvement,0.372,0
63,18400.0,5.3,600.0,4.2,1,10500.0,0,117000.0,24,vehicle,0.319,0
52,22900.0,1.5,6500.0,0.9,1,7500.0,0,267000.0,24,home_improvement,0.808,1
53,34600.0,6.0,14600.0,5.8,2,29700.0,0,357000.0,36,business,0.731,0
48,46300.0,10.9,26700.0,2.1,0,6100.0,0,148000.0,12,business,0.864,0
62,71200.0,1.3,16800.0,15.1,2,2900.0,0,218000.0,24,vehicle,0.374,0
61,27000.0,6.1,3600.0,10.9,3,23200.0,0,141000.0,48,personal,0.251,1
56,24300.0,2.5,9700.0,4.4,2,24200.0,0,155000.0,36,home_improvement,0.591,1
26,50300.0,0.6,3100.0,4.2,1,27600.0,1,79000.0,36,vehicle,0.109,0
36,37800.0,7.2,2300.0,0.5,3,1600.0,0,122000.0,24,business,0.206,1
54,16900.0,0.9,7400.0,1.3,0,34200.0,1,619000.0,36,personal,1.537,1
43,26500.0,1.5,12000.0,7.9,0,26000.0,0,476000.0,24,personal,1.261,0
62,37000.0,7.6,10300.0,1.8,4,20300.0,0,82000.0,24,education,0.378,0
44,37400.0,6.8,12700.0,2.2,2,22300.0,0,197000.0,24,personal,0.577,1
33,41800.0,1.5,11400.0,7.3,1,22400.0,0,258000.0,60,business,0.384,0
38,22400.0,14.1,1600.0,2.2,1,4900.0,0,373000.0,36,business,0.571,0
33,37800.0,1.2,9900.0,7.6,2,3500.0,0,248000.0,36,vehicle,0.459,0
57,61500.0,25.3,8200.0,0.3,1,32900.0,0,140000.0,48,vehicle,0.185,0
63,12000.0,6.7,1400.0,4.7,0,10600.0,0,158000.0,12,personal,1.302,1
59,35300.0,2.5,9200.0,0.3,1,107700.0,0,147000.0,36,business,0.386,0
62,19000.0,0.7,900.0,6.2,2,7700.0,0,203000.0,24,personal,0.528,0
37,39600.0,1.9,9800.0,3.2,0,13800.0,0,217000.0,24,home_improvement,0.494,0
35,20400.0,1.1,7700.0,3.2,1,3000.0,0,385000.0,36,vehicle,0.944,1
38,42600.0,4.9,6800.0,1.9,0,3500.0,0,284000.0,48,home_improvement,0.31,0
43,83400.0,2.2,17000.0,9.3,0,6100.0,0,229000.0,48,medical,0.266,0
50,25800.0,1.7,3300.0,2.8,1,3400.0,0,118000.0,60,personal,0.21,0
54,27600.0,7.1,10000.0,1.2,2,42400.0,0,162000.0,24,medical,0.626,1
24,32500.0,1.3,6000.0,7.0,1,41700.0,0,266000.0,24,personal,0.553,1
23,46300.0,4.4,16900.0,11.8,0,1000.0,0,195000.0,60,education,0.441,1
27,25400.0,1.1,9100.0,1.1,1,4100.0,0,211000.0,36,medical,0.607,0
38,33800.0,6.3,12300.0,3.7,2,6800.0,0,108000.0,36,medical,0.46,0
62,29700.0,4.9,7700.0,3.6,0,23600.0,0,141000.0,36,vehicle,0.402,0
27,32500.0,8.0,2700.0,3.8,3,8300.0,1,154000.0,48,education,0.19,0
60,46600.0,0.4,6500.0,3.3,0,400.0,0,279000.0,36,education,0.319,0
26,51400.0,1.2,18600.0,0.4,1,2000.0,0,75000.0,24,personal,0.428,0
42,20600.0,0.8,3100.0,2.1,2,79700.0,0,190000.0,12,vehicle,0.981,1
21,46500.0,1.1,23000.0,17.0,1,5400.0,0,228000.0,48,home_improvement,0.605,1
24,165300.0,0.5,66800.0,0.4,3,25400.0,0,56000.0,12,vehicle,0.435,0
63,80400.0,4.1,26200.0,4.4,1,34900.0,0,276000.0,24,vehicle,0.48,0
49,30100.0,4.5,11000.0,9.0,1,2400.0,0,192000.0,24,business,0.652,0
41,42600.0,9.3,8800.0,0.9,1,12200.0,1,67000.0,12,education,0.348,0
46,39500.0,2.7,8900.0,6.5,1,106800.0,0,535000.0,48,home_improvement,0.53,0
34,49400.0,3.8,8300.0,1.1,1,19600.0,1,147000.0,48,home_improvement,0.235,1
29,33200.0,23.7,5800.0,0.1,2,15200.0,0,39000.0,24,home_improvement,0.228,0
32,35600.0,3.8,9000.0,2.9,2,13100.0,0,308000.0,48,vehicle,0.447,1
62,28900.0,4.3,12700.0,5.0,4,57600.0,0,206000.0,24,education,0.76,1
26,65700.0,27.5,17700.0,0.9,0,178500.0,0,215000.0,12,business,0.564,0
40,46200.0,25.7,11400.0,0.3,2,1100.0,0,130000.0,36,personal,0.331,1
44,46300.0,2.8,15000.0,3.2,1,208900.0,0,126000.0,24,business,0.446,0
47,69400.0,5.0,25600.0,0.6,1,26600.0,0,141000.0,12,vehicle,0.552,0
58,69900.0,3.3,29400.0,0.8,1,32900.0,0,251000.0,24,education,0.582,0
28,64200.0,6.4,22000.0,4.9,1,8900.0,0,132000.0,24,education,0.435,0
21,69000.0,13.9,8300.0,3.8,3,134200.0,0,175000.0,36,personal,0.196,0
44,81100.0,1.9,9600.0,11.7,2,13200.0,0,277000.0,36,education,0.221,0
27,26000.0,8.5,9500.0,1.6,0,14800.0,0,261000.0,12,personal,1.269,0
39,35100.0,5.3,9300.0,1.0,0,4800.0,0,190000.0,48,home_improvement,0.387,0
42,55200.0,1.6,16100.0,4.3,0,3100.0,0,126000.0,60,business,0.333,0
55,26900.0,8.0,7900.0,14.3,2,4100.0,0,68000.0,24,medical,0.407,0
50,34100.0,2.8,3000.0,3.2,1,48500.0,0,367000.0,12,education,1.057,0
49,43800.0,0.6,10200.0,1.4,1,58200.0,1,156000.0,48,personal,0.313,0
42,36200.0,25.1,5100.0,9.7,2,43400.0,1,164000.0,48,personal,0.243,1
31,41300.0,2.8,3600.0,3.8,0,12000.0,0,78000.0,24,education,0.172,1
40,24000.0,3.9,6100.0,1.0,1,39500.0,0,140000.0,36,personal,0.429,0
49,39500.0,8.3,19600.0,12.0,0,5300.0,0,133000.0,48,personal,0.572,0
61,42600.0,16.2,19900.0,1.3,1,13100.0,0,192000.0,24,personal,0.67,0
62,83000.0,10.3,2000.0,9.2,1,6900.0,0,228000.0,24,home_improvement,0.148,0
54,35600.0,3.7,10200.0,3.8,0,5700.0,0,94000.0,36,personal,0.366,1
21,30000.0,3.9,6600.0,2.8,2,16800.0,0,195000.0,36,education,0.415,0
51,55300.0,1.6,11400.0,1.6,1,27000.0,1,184000.0,12,personal,0.506,1
50,12000.0,3.1,2400.0,0.5,2,9400.0,0,314000.0,36,personal,0.985,1
38,34800.0,14.7,5500.0,1.1,3,28300.0,0,301000.0,48,medical,0.353,0
37,31900.0,6.5,5300.0,1.6,1,13100.0,1,98000.0,24,personal,0.304,1
58,45100.0,0.1,12100.0,1.4,1,1100.0,0,228000.0,24,medical,0.496,0
34,70300.0,0.6,13300.0,0.3,1,4400.0,0,316000.0,12,personal,0.594,0
43,80700.0,12.9,16400.0,3.5,1,22000.0,0,224000.0,12,personal,0.453,1
45,44900.0,9.4,5900.0,2.6,0,23200.0,0,48000.0,12,vehicle,0.228,0
35,20000.0,3.3,3600.0,0.5,1,7300.0,0,123000.0,36,home_improvement,0.364,1
42,31800.0,4.8,9700.0,2.5,0,4400.0,0,111000.0,24,vehicle,0.462,1
23,33500.0,1.7,16300.0,0.3,0,69000.0,0,236000.0,36,business,0.698,0
39,47300.0,7.9,15200.0,10.7,1,31700.0,0,53000.0,48,vehicle,0.347,0
64,41200.0,4.6,3100.0,1.2,2,1300.0,0,504000.0,60,personal,0.295,1
54,29400.0,5.9,13500.0,5.2,2,15200.0,0,237000.0,60,personal,0.604,1
55,22900.0,2.3,9600.0,1.2,0,14400.0,0,197000.0,24,medical,0.806,0
21,27200.0,2.8,5800.0,2.6,0,5700.0,0,100000.0,36,home_improvement,0.324,0
41,26700.0,1.2,3000.0,10.8,0,10600.0,0,85000.0,36,vehicle,0.208,0
49,83300.0,14.8,2200.0,8.2,0,2800.0,0,259000.0,12,home_improvement,0.306,0
26,28400.0,14.6,7100.0,6.0,1,36100.0,1,101000.0,36,personal,0.357,1
57,41200.0,8.5,6800.0,6.2,1,77200.0,0,25000.0,24,business,0.192,0
21,62100.0,13.7,20000.0,6.9,0,4700.0,0,125000.0,36,home_improvement,0.382,0
21,43800.0,5.5,13900.0,5.4,0,10100.0,0,50000.0,36,personal,0.352,0
47,24600.0,1.3,3900.0,9.1,1,3500.0,0,158000.0,24,medical,0.448,0
41,62500.0,7.1,5500.0,1.7,0,8100.0,0,244000.0,24,vehicle,0.264,0
36,47100.0,2.0,21000.0,3.0,0,29500.0,0,113000.0,48,personal,0.5,0
64,15000.0,2.9,3500.0,4.2,3,11000.0,0,380000.0,48,vehicle,0.803,0
60,70300.0,1.6,6700.0,0.9,2,32700.0,0,268000.0,24,education,0.267,0
46,59500.0,2.8,13800.0,2.8,1,206000.0,0,96000.0,36,home_improvement,0.28,0
36,46700.0,5.7,9000.0,0.5,1,6500.0,0,118000.0,48,vehicle,0.25,0
48,83800.0,0.6,12100.0,3.8,1,16300.0,0,224000.0,48,business,0.205,0
21,58800.0,0.6,23100.0,0.4,1,8300.0,0,135000.0,24,home_improvement,0.496,0
56,66700.0,5.8,15300.0,2.8,3,31500.0,0,121000.0,12,business,0.393,1
30,64000.0,7.6,19400.0,2.5,2,14500.0,0,145000.0,36,personal,0.371,0
63,56400.0,4.0,27300.0,0.5,1,17700.0,1,47000.0,12,vehicle,0.559,0
37,17900.0,1.0,1100.0,2.3,0,13700.0,0,151000.0,48,medical,0.251,1
43,18900.0,2.8,6000.0,4.5,0,12100.0,1,525000.0,36,home_improvement,1.151,1
27,58900.0,7.1,18400.0,3.6,0,21600.0,1,143000.0,48,home_improvement,0.367,1
64,69900.0,5.8,4100.0,2.5,2,16400.0,0,413000.0,24,education,0.325,0
27,29200.0,0.6,4000.0,1.8,0,53100.0,0,160000.0,24,vehicle,0.384,0
64,24300.0,17.4,2100.0,0.2,0,10900.0,1,242000.0,24,home_improvement,0.535,1
35,45200.0,1.3,5300.0,12.5,1,107200.0,0,119000.0,48,vehicle,0.176,0
54,20900.0,1.2,8000.0,2.1,2,17200.0,0,362000.0,24,personal,1.162,0
24,37200.0,3.1,13300.0,2.2,1,208400.0,0,186000.0,60,home_improvement,0.448,0
34,34200.0,2.0,5500.0,0.5,1,65900.0,0,54000.0,12,medical,0.303,0
34,36300.0,20.7,9900.0,3.0,1,12100.0,0,263000.0,36,vehicle,0.49,0
36,93700.0,0.4,22000.0,15.5,0,9400.0,0,154000.0,48,home_improvement,0.272,0
27,30200.0,1.8,4600.0,1.2,2,3000.0,0,90000.0,36,home_improvement,0.242,0
52,41100.0,2.4,6900.0,1.5,0,82200.0,0,95000.0,12,medical,0.376,0
39,22200.0,3.4,3100.0,1.1,2,179100.0,0,304000.0,60,business,0.386,0
22,61300.0,0.1,27100.0,8.1,1,6000.0,0,297000.0,36,personal,0.587,0
30,37000.0,0.4,19900.0,2.6,0,13600.0,0,103000.0,60,business,0.588,0
37,68200.0,1.5,15500.0,6.9,2,19100.0,0,130000.0,24,vehicle,0.313,0
57,13300.0,4.0,1300.0,7.6,1,15000.0,0,77000.0,36,business,0.271,0
32,39100.0,7.3,4000.0,5.5,0,4300.0,0,66000.0,24,vehicle,0.178,0
26,42600.0,5.8,4800.0,1.2,1,53700.0,0,371000.0,48,education,0.309,0
42,60500.0,4.2,26300.0,0.1,1,14200.0,0,398000.0,36,business,0.632,0
52,30100.0,2.5,11300.0,0.6,2,176700.0,0,178000.0,24,business,0.642,0
61,57200.0,10.2,11200.0,4.8,0,10100.0,0,91000.0,24,personal,0.267,0
40,31700.0,3.1,5600.0,5.4,1,14200.0,0,278000.0,36,education,0.44,1
21,41900.0,1.8,4300.0,5.8,1,7500.0,0,228000.0,60,personal,0.201,0
26,60800.0,5.0,7900.0,1.1,0,2100.0,0,147000.0,36,business,0.202,0
39,26400.0,5.9,7300.0,0.7,3,12300.0,1,177000.0,12,medical,0.88,1
38,56000.0,2.5,3000.0,10.3,3,5300.0,0,191000.0,48,medical,0.13,0
26,46700.0,0.1,13700.0,4.4,0,46400.0,0,163000.0,48,business,0.372,0
53,34500.0,0.5,14500.0,5.4,1,11400.0,0,142000.0,12,education,0.791,0
43,29700.0,9.3,7100.0,0.4,2,5700.0,0,240000.0,36,home_improvement,0.481,0
43,15600.0,0.3,1600.0,2.1,0,1900.0,0,108000.0,60,education,0.227,1
46,38700.0,4.5,3100.0,0.3,1,31400.0,0,91000.0,48,vehicle,0.133,0
33,34600.0,1.0,12200.0,4.3,1,6300.0,1,68000.0,60,education,0.388,0
27,53500.0,1.3,1800.0,2.7,0,22500.0,0,87000.0,12,personal,0.18,0
35,51100.0,1.6,7700.0,2.4,2,23400.0,0,254000.0,24,vehicle,0.374,0
64,65000.0,0.2,25000.0,9.3,1,33200.0,0,289000.0,24,personal,0.585,0
47,66000.0,1.0,37200.0,5.4,2,3600.0,0,178000.0,60,education,0.612,0
46,166000.0,5.3,62000.0,13.3,2,32800.0,0,192000.0,24,medical,0.426,1
53,50600.0,3.5,12900.0,0.2,0,8300.0,0,55000.0,24,personal,0.304,0
35,27200.0,8.0,11900.0,3.8,0,19600.0,0,109000.0,48,business,0.528,0
56,58200.0,0.3,13800.0,4.0,1,10900.0,0,85000.0,36,vehicle,0.281,0
47,82700.0,11.0,17300.0,0.1,2,58600.0,0,115000.0,24,business,0.272,0
25,49700.0,28.1,18400.0,6.2,1,20700.0,1,194000.0,12,personal,0.722,1
22,15400.0,0.1,2300.0,0.7,0,17200.0,0,341000.0,12,personal,2.142,1
53,51500.0,17.2,10600.0,4.8,0,381800.0,0,158000.0,24,business,0.344,0
36,30200.0,1.3,15700.0,0.2,1,105600.0,0,62000.0,24,business,0.612,0
43,22100.0,5.9,3600.0,3.8,3,7400.0,0,160000.0,36,personal,0.38,0
58,43700.0,1.7,10800.0,2.9,2,7000.0,0,299000.0,36,vehicle,0.452,0
36,20200.0,3.7,4100.0,2.6,1,10600.0,0,54000.0,36,education,0.283,0
34,63600.0,3.6,9200.0,1.8,0,15000.0,0,227000.0,24,home_improvement,0.305,0
49,55800.0,2.2,25800.0,2.2,2,3000.0,1,93000.0,60,home_improvement,0.492,1
46,38600.0,6.3,2000.0,2.6,3,42000.0,0,297000.0,12,vehicle,0.744,1
55,31300.0,4.6,11200.0,1.4,0,6900.0,0,108000.0,36,personal,0.461,0
35,36900.0,3.5,5900.0,11.0,1,73700.0,0,253000.0,60,vehicle,0.283,1
23,25500.0,20.3,10300.0,13.4,2,32900.0,0,210000.0,36,home_improvement,0.651,0
43,38800.0,14.1,10400.0,1.4,3,4500.0,0,82000.0,12,education,0.458,0
49,12000.0,15.6,2200.0,6.0,3,11400.0,0,269000.0,48,personal,0.688,1
54,41800.0,10.7,18500.0,5.6,0,1900.0,0,108000.0,24,medical,0.559,1
53,42300.0,1.5,2600.0,8.3,0,22100.0,0,369000.0,36,personal,0.323,1
61,58700.0,2.2,4800.0,0.0,1,4000.0,1,255000.0,24,home_improvement,0.277,0
61,45900.0,1.3,3000.0,1.7,0,14300.0,0,258000.0,36,vehicle,0.234,0
43,62300.0,21.4,8800.0,0.6,1,7400.0,0,317000.0,60,personal,0.233,0
27,51300.0,0.8,9200.0,2.0,0,68200.0,0,146000.0,12,personal,0.435,0
23,64000.0,2.3,2700.0,3.4,0,11900.0,1,230000.0,24,personal,0.204,1
52,130600.0,1.1,66000.0,9.6,2,166400.0,0,159000.0,24,business,0.56,0
51,48500.0,1.3,18400.0,7.3,0,900.0,1,168000.0,36,home_improvement,0.483,1
38,43600.0,1.4,2300.0,2.8,1,6200.0,0,116000.0,48,education,0.113,1
63,68500.0,5.1,34700.0,0.1,1,239100.0,0,76000.0,36,vehicle,0.54,0
27,32500.0,0.4,2300.0,1.4,1,8600.0,0,149000.0,36,vehicle,0.208,0
61,38000.0,4.2,1300.0,0.5,1,32300.0,0,134000.0,36,business,0.14,0
21,48500.0,8.6,12400.0,4.2,0,4300.0,0,350000.0,24,home_improvement,0.58,0
34,41500.0,7.3,9000.0,4.8,2,234500.0,0,125000.0,36,personal,0.307,0
52,41400.0,0.8,12700.0,4.2,2,9400.0,0,103000.0,24,home_improvement,0.419,0
26,60200.0,12.3,3900.0,1.3,0,3000.0,0,176000.0,36,home_improvement,0.152,0
59,18700.0,7.4,8000.0,10.1,0,11800.0,0,84000.0,48,business,0.529,0
30,100200.0,0.0,43600.0,3.6,2,3200.0,0,68000.0,60,business,0.447,0
27,49900.0,6.7,15600.0,3.6,3,2900.0,0,147000.0,24,home_improvement,0.445,0
46,33500.0,6.7,1500.0,6.8,1,1800.0,0,167000.0,36,medical,0.194,0
54,83500.0,3.4,30000.0,0.3,2,4700.0,0,175000.0,48,vehicle,0.406,0
50,42000.0,0.2,11600.0,0.9,3,26300.0,0,86000.0,60,business,0.313,0
56,42600.0,4.3,10600.0,3.6,1,85700.0,0,68000.0,60,personal,0.278,0
41,36400.0,7.3,17200.0,3.8,0,38800.0,0,174000.0,36,business,0.616,1
37,77700.0,1.6,37800.0,2.5,0,26700.0,0,240000.0,36,personal,0.579,0
53,40000.0,5.5,12600.0,6.1,1,12700.0,0,176000.0,36,personal,0.447,0
30,31200.0,2.2,6200.0,1.7,1,14000.0,0,147000.0,24,personal,0.411,1
62,62900.0,4.3,22600.0,0.0,1,3700.0,0,199000.0,36,home_improvement,0.454,0
32,68300.0,2.4,38400.0,1.7,1,21400.0,0,270000.0,48,medical,0.651,0
36,82700.0,1.8,13900.0,13.5,2,7800.0,0,156000.0,48,vehicle,0.211,0
61,53400.0,9.7,30500.0,6.0,1,15800.0,0,149000.0,12,business,0.822,1
52,67200.0,7.0,27000.0,1.5,1,18300.0,0,94000.0,60,medical,0.427,0
35,35700.0,2.1,5400.0,1.0,0,22300.0,0,272000.0,36,personal,0.38,0
47,63700.0,2.9,13400.0,6.6,2,12900.0,0,58000.0,12,business,0.292,0
48,56100.0,5.9,40800.0,0.9,2,36100.0,0,122000.0,36,vehicle,0.792,1
37,51000.0,8.3,14400.0,3.5,4,4700.0,0,153000.0,24,vehicle,0.417,0
22,19900.0,5.8,7600.0,2.8,2,3100.0,0,93000.0,24,business,0.592,0
56,33700.0,3.9,14400.0,2.2,0,2300.0,0,69000.0,60,personal,0.464,0
27,39300.0,15.4,6400.0,2.2,0,18600.0,0,275000.0,12,home_improvement,0.793,0
33,51000.0,7.4,17100.0,4.8,1,18200.0,0,125000.0,48,personal,0.39,0
35,118200.0,0.6,8600.0,0.4,1,12000.0,0,134000.0,60,personal,0.093,0
45,59100.0,4.1,1500.0,2.0,1,21100.0,0,85000.0,24,business,0.09,0
43,27900.0,2.6,10000.0,13.8,3,72000.0,0,251000.0,36,home_improvement,0.628,1
42,32300.0,7.9,5700.0,6.0,2,1100.0,0,78000.0,36,business,0.249,0
46,75000.0,0.2,6100.0,0.1,1,7500.0,0,140000.0,12,personal,0.249,0
53,31700.0,2.6,2100.0,2.4,4,5200.0,1,405000.0,36,personal,0.45,0
31,63500.0,1.9,5900.0,0.5,0,4600.0,0,381000.0,12,medical,0.633,1
30,42300.0,0.8,12100.0,2.7,0,30700.0,0,110000.0,12,business,0.52,1
45,37200.0,2.4,2500.0,0.4,0,13000.0,0,358000.0,12,vehicle,0.933,0
57,31900.0,5.6,10500.0,2.0,0,8500.0,0,137000.0,24,personal,0.522,0
63,12000.0,2.2,3000.0,3.1,1,35600.0,0,74000.0,36,vehicle,0.435,0
58,51200.0,4.3,18600.0,1.8,4,129900.0,0,133000.0,48,business,0.422,1
61,25000.0,4.5,5300.0,3.5,1,22400.0,0,116000.0,36,home_improvement,0.351,0
44,21200.0,4.4,5200.0,16.8,1,5700.0,0,444000.0,24,personal,1.188,1
60,44900.0,3.8,10800.0,1.1,1,8800.0,0,60000.0,24,home_improvement,0.301,0
53,63800.0,0.6,8300.0,3.3,1,42500.0,0,108000.0,60,vehicle,0.161,0
37,18700.0,1.2,9000.0,2.5,1,7600.0,0,183000.0,36,medical,0.775,0
44,63000.0,8.0,9000.0,6.6,2,16500.0,0,446000.0,36,business,0.355,0
57,26700.0,3.5,5100.0,1.5,1,12900.0,0,403000.0,24,vehicle,0.87,1
22,53700.0,6.1,10300.0,4.1,0,85100.0,0,117000.0,36,personal,0.257,0
52,52100.0,4.2,20000.0,4.7,3,5500.0,0,150000.0,48,business,0.449,0
44,36600.0,0.2,12500.0,14.9,0,2400.0,0,119000.0,24,vehicle,0.488,1
29,40700.0,8.0,10400.0,0.7,2,6900.0,0,301000.0,24,home_improvement,0.588,0
24,33600.0,0.3,6000.0,25.5,0,8100.0,0,310000.0,24,personal,0.594,0
37,45200.0,14.3,16100.0,5.1,1,8100.0,0,156000.0,24,home_improvement,0.511,0
37,45000.0,1.2,4100.0,2.4,0,6400.0,0,186000.0,12,vehicle,0.463,1
50,26500.0,3.6,11300.0,1.2,0,17200.0,0,51000.0,48,education,0.47,1
60,21800.0,0.3,2200.0,4.0,0,3500.0,0,147000.0,60,home_improvement,0.222,0
31,63200.0,11.3,16200.0,0.6,0,117400.0,0,191000.0,60,education,0.311,0
41,44000.0,19.5,13800.0,11.7,2,9800.0,1,372000.0,48,home_improvement,0.504,0
41,59400.0,0.8,13300.0,0.8,1,9100.0,0,100000.0,36,vehicle,0.274,0
38,29700.0,1.8,12000.0,6.0,1,17300.0,0,42000.0,24,business,0.468,1
49,27700.0,0.1,5800.0,1.7,1,10700.0,0,185000.0,12,vehicle,0.81,0
44,25500.0,7.7,8400.0,1.0,1,9000.0,0,177000.0,36,business,0.538,0
30,37000.0,1.9,2300.0,6.6,1,56700.0,0,91000.0,48,vehicle,0.117,0
37,44600.0,4.4,3500.0,8.8,0,20400.0,0,118000.0,36,business,0.158,0
38,31400.0,0.2,8000.0,0.0,0,14400.0,0,239000.0,48,personal,0.426,0
62,81200.0,6.3,15200.0,14.6,0,4800.0,0,45000.0,60,vehicle,0.197,0
40,30100.0,3.8,3200.0,2.2,0,11800.0,0,338000.0,36,personal,0.443,0
57,44900.0,6.5,9400.0,0.4,2,2200.0,0,132000.0,12,home_improvement,0.474,1
38,27000.0,7.8,6600.0,2.4,1,27100.0,0,173000.0,12,home_improvement,0.821,1
37,29600.0,0.5,6200.0,0.5,3,50500.0,0,232000.0,12,medical,0.915,1
29,38600.0,4.3,9000.0,1.2,1,33700.0,0,183000.0,24,business,0.446,0
34,27600.0,5.2,8800.0,3.3,0,7500.0,0,120000.0,24,medical,0.514,0
49,41800.0,3.6,8600.0,1.8,1,1600.0,0,305000.0,12,personal,0.862,0
51,48900.0,1.0,14100.0,1.0,0,9800.0,0,173000.0,24,vehicle,0.448,0
24,65600.0,7.9,19400.0,0.9,0,52000.0,0,90000.0,24,home_improvement,0.357,0
38,24700.0,29.9,3200.0,4.0,0,20500.0,1,300000.0,24,personal,0.676,1
40,43300.0,17.4,8800.0,9.6,2,13500.0,0,40000.0,36,vehicle,0.231,0
63,39000.0,7.5,8000.0,0.2,0,26600.0,0,175000.0,12,vehicle,0.609,1
64,17500.0,2.7,700.0,1.1,2,8900.0,0,314000.0,36,medical,0.578,0
29,24200.0,2.1,9600.0,4.4,0,12400.0,0,216000.0,24,home_improvement,0.798,1
33,49700.0,0.4,15900.0,17.5,1,30600.0,0,212000.0,48,business,0.416,0
35,21800.0,2.7,3600.0,4.6,2,6200.0,0,100000.0,12,personal,0.578,1
47,38800.0,0.8,4200.0,0.2,0,7600.0,0,106000.0,24,personal,0.231,0
35,15400.0,1.5,1000.0,0.8,1,53300.0,0,194000.0,24,home_improvement,0.632,0
48,38300.0,11.1,3300.0,1.7,0,5800.0,0,239000.0,12,personal,0.648,1
57,15900.0,17.3,1800.0,0.7,0,2000.0,0,396000.0,36,education,0.86,0
39,30600.0,14.8,2100.0,0.8,1,2800.0,0,132000.0,60,business,0.146,0
46,33000.0,1.1,6800.0,1.3,1,19300.0,0,314000.0,12,vehicle,1.062,1
46,42400.0,11.6,9200.0,1.9,0,51100.0,0,78000.0,36,personal,0.272,0
45,35800.0,0.8,4200.0,2.0,2,183700.0,0,265000.0,48,vehicle,0.284,0
46,23000.0,3.5,8900.0,2.8,0,6000.0,0,225000.0,48,vehicle,0.607,0
46,23200.0,5.2,8000.0,10.5,1,1500.0,0,75000.0,24,personal,0.49,0
48,19400.0,3.1,3600.0,20.1,0,143200.0,0,199000.0,24,personal,0.647,0
38,44000.0,15.2,9500.0,0.1,1,40500.0,0,131000.0,24,home_improvement,0.35,0
52,43200.0,2.0,14000.0,2.7,1,10000.0,1,205000.0,24,business,0.538,1
23,54200.0,3.7,26300.0,5.6,0,8300.0,0,96000.0,12,business,0.645,0
22,32000.0,0.4,10000.0,0.3,0,8600.0,0,154000.0,24,business,0.529,0
53,18400.0,9.6,3200.0,11.3,2,9500.0,0,129000.0,24,personal,0.489,0
62,34800.0,2.7,9700.0,11.1,2,17500.0,0,126000.0,60,business,0.344,0
39,40300.0,6.0,1800.0,0.9,3,21500.0,0,94000.0,36,vehicle,0.115,0
37,23800.0,5.7,9400.0,6.2,2,42000.0,0,251000.0,36,business,0.711,0
64,24800.0,5.6,6700.0,3.5,3,8200.0,0,550000.0,48,personal,0.769,1
53,49200.0,3.5,15100.0,0.1,2,59800.0,0,177000.0,24,home_improvement,0.469,0
32,42000.0,1.6,9300.0,1.4,2,7400.0,0,538000.0,12,personal,1.374,1
23,66800.0,4.9,12900.0,1.2,1,21600.0,1,236000.0,48,personal,0.273,1
63,87100.0,16.3,36100.0,8.5,2,1300.0,0,91000.0,24,home_improvement,0.461,1
46,20400.0,9.0,1400.0,9.1,1,6100.0,0,229000.0,24,personal,0.574,0
55,33200.0,0.6,11100.0,0.1,2,19100.0,0,154000.0,12,education,0.752,1
28,42400.0,0.1,11400.0,5.4,1,3500.0,0,258000.0,12,vehicle,0.816,0
56,47300.0,3.5,20800.0,0.5,0,4800.0,0,124000.0,36,education,0.518,0
27,63400.0,7.5,38200.0,6.3,1,33700.0,0,289000.0,36,education,0.739,0
56,55700.0,1.9,4200.0,7.5,2,2500.0,0,83000.0,24,vehicle,0.142,0
36,67000.0,6.0,21200.0,0.2,0,17700.0,0,183000.0,24,business,0.439,0
44,41300.0,13.4,4100.0,1.6,0,61500.0,0,137000.0,48,personal,0.174,0
21,30200.0,3.1,10500.0,1.9,2,46000.0,0,229000.0,12,business,1.03,0
45,96500.0,1.4,28500.0,12.4,2,167600.0,0,130000.0,36,medical,0.336,0
30,43000.0,12.5,7600.0,1.9,2,13900.0,0,60000.0,12,vehicle,0.302,0
36,36000.0,3.2,8900.0,1.2,2,25400.0,0,92000.0,60,personal,0.293,0
36,24800.0,2.6,12400.0,3.9,0,18200.0,0,132000.0,60,personal,0.596,1
28,43100.0,2.2,14100.0,0.7,0,21000.0,0,98000.0,24,personal,0.429,0
49,63100.0,2.7,18900.0,3.9,0,21300.0,1,234000.0,36,vehicle,0.411,0
59,32000.0,5.6,11900.0,2.5,1,3000.0,0,176000.0,12,education,0.867,0
48,37800.0,2.8,11500.0,5.3,0,18000.0,0,75000.0,24,business,0.394,0
26,44900.0,2.0,4000.0,3.5,2,111400.0,1,156000.0,24,vehicle,0.245,0
36,49600.0,6.8,9000.0,0.8,2,28800.0,0,98000.0,24,medical,0.27,0
40,35700.0,1.1,5700.0,11.1,4,6800.0,0,171000.0,36,business,0.303,0
36,33600.0,1.1,7400.0,2.4,0,35600.0,0,191000.0,36,business,0.391,1
27,31900.0,6.0,2700.0,5.5,1,1500.0,1,255000.0,24,business,0.444,0
61,24400.0,10.1,6600.0,3.0,1,25100.0,0,193000.0,48,vehicle,0.448,0
34,28400.0,1.4,7400.0,8.0,4,1000.0,0,234000.0,12,personal,1.002,1
63,28000.0,1.1,3600.0,1.6,2,3200.0,0,49000.0,24,medical,0.207,0
46,20100.0,5.5,3100.0,4.1,1,5800.0,0,47000.0,12,personal,0.365,0
46,62700.0,4.8,9700.0,0.3,1,4200.0,1,127000.0,12,personal,0.337,0
34,47200.0,3.0,13400.0,0.3,1,33500.0,0,144000.0,48,home_improvement,0.353,0
27,42800.0,0.5,7800.0,7.4,2,6500.0,0,291000.0,24,personal,0.488,1
53,72200.0,0.5,12200.0,6.8,1,2500.0,0,154000.0,24,home_improvement,0.265,0
46,55400.0,7.5,13700.0,1.8,0,7400.0,1,153000.0,48,personal,0.309,0
40,28100.0,3.0,3200.0,4.5,1,9400.0,0,198000.0,48,business,0.272,0
23,68100.0,9.8,7100.0,7.1,1,16700.0,0,120000.0,24,business,0.184,0
24,62200.0,4.3,21400.0,0.6,1,6700.0,0,265000.0,60,personal,0.421,0
46,24300.0,4.8,4700.0,16.7,3,41800.0,0,241000.0,24,personal,0.64,1
31,60200.0,13.6,21100.0,8.7,2,19600.0,0,123000.0,24,home_improvement,0.442,1
22,32500.0,0.9,7000.0,4.7,3,9300.0,1,112000.0,36,home_improvement,0.319,1
34,62900.0,3.9,4000.0,3.1,1,41400.0,1,70000.0,48,personal,0.089,0
64,34500.0,0.3,6800.0,9.0,2,219500.0,0,349000.0,36,medical,0.501,0
50,31600.0,2.2,5200.0,5.4,0,13500.0,0,345000.0,24,vehicle,0.656,0
32,33100.0,0.8,2500.0,3.5,1,1400.0,0,184000.0,12,medical,0.576,1
46,25900.0,1.0,5500.0,8.9,1,11500.0,0,177000.0,60,vehicle,0.335,0
64,20600.0,13.7,3100.0,0.9,0,81700.0,0,93000.0,24,vehicle,0.354,0
53,13000.0,4.7,3100.0,1.1,2,8300.0,0,293000.0,48,home_improvement,0.746,0
33,25000.0,11.1,6000.0,10.6,1,15300.0,0,168000.0,24,home_improvement,0.542,1
34,131100.0,2.9,42800.0,0.3,1,2400.0,0,59000.0,36,personal,0.34,0
44,49800.0,4.6,2800.0,0.2,0,24000.0,1,216000.0,48,home_improvement,0.154,0
54,92900.0,0.2,38100.0,6.3,1,4600.0,0,118000.0,24,personal,0.467,0
64,34800.0,3.2,7500.0,2.1,0,51200.0,0,105000.0,12,vehicle,0.487,0
46,32500.0,4.2,8900.0,9.9,0,5800.0,0,97000.0,60,personal,0.328,0
41,86900.0,0.1,39400.0,1.4,1,1800.0,0,108000.0,36,business,0.491,0
48,47500.0,7.8,21000.0,1.4,1,19700.0,0,226000.0,24,home_improvement,0.656,0
56,26100.0,1.8,10100.0,12.6,1,7400.0,0,127000.0,48,education,0.496,0
60,53400.0,3.0,7000.0,3.2,2,2400.0,0,172000.0,24,medical,0.276,0
22,70500.0,3.8,15500.0,3.8,0,36200.0,0,312000.0,12,personal,0.618,0
62,21100.0,24.3,4900.0,9.1,0,9800.0,0,164000.0,12,vehicle,0.932,1
29,49500.0,0.5,13600.0,1.9,0,48800.0,0,273000.0,12,vehicle,0.771,0
43,21700.0,4.1,1600.0,1.1,0,7100.0,1,385000.0,12,medical,1.67,1
35,68800.0,3.8,28000.0,3.4,1,9000.0,0,69000.0,36,education,0.437,0
33,44500.0,0.4,7500.0,2.1,1,24400.0,0,273000.0,60,education,0.279,0
43,53300.0,5.0,9000.0,0.7,2,27300.0,0,442000.0,36,business,0.418,0
37,36400.0,1.7,7200.0,0.5,1,3900.0,0,223000.0,24,vehicle,0.473,0
22,18000.0,0.5,11200.0,5.2,1,12200.0,0,142000.0,48,vehicle,0.8,1
40,32900.0,1.0,9700.0,0.1,0,352800.0,1,274000.0,48,personal,0.482,0
40,61000.0,8.7,7400.0,3.0,2,108800.0,0,139000.0,36,personal,0.19,0
23,98400.0,0.5,31500.0,1.6,0,22700.0,0,1092000.0,24,education,0.82,1
32,45600.0,3.1,7500.0,0.7,0,199800.0,0,203000.0,36,medical,0.298,1
60,29500.0,1.1,1800.0,8.9,0,18400.0,0,39000.0,36,medical,0.101,0
22,51100.0,0.9,11200.0,5.4,4,5300.0,1,94000.0,24,business,0.302,1
56,58600.0,1.2,21000.0,5.9,2,66000.0,0,251000.0,12,personal,0.744,1
34,42600.0,3.4,18400.0,2.3,1,2200.0,0,96000.0,24,business,0.533,0
36,41400.0,1.4,22600.0,4.2,1,4600.0,0,92000.0,36,vehicle,0.613,1
39,44200.0,0.5,10900.0,0.4,2,15600.0,0,171000.0,24,education,0.421,1
54,40900.0,8.1,13200.0,0.6,1,73900.0,0,182000.0,24,personal,0.523,0
64,45900.0,3.9,6900.0,1.6,0,59900.0,0,138000.0,36,personal,0.241,0
26,91300.0,0.9,27800.0,2.4,2,2700.0,0,179000.0,36,personal,0.363,1
33,16100.0,3.2,600.0,0.4,1,4000.0,0,798000.0,48,personal,1.152,1
56,36100.0,0.4,7200.0,3.3,1,3300.0,0,107000.0,48,personal,0.266,0
42,26400.0,4.3,8100.0,1.1,2,13200.0,0,87000.0,60,vehicle,0.366,0
38,68300.0,2.1,12700.0,6.0,0,17100.0,0,114000.0,36,business,0.236,0
32,37700.0,0.5,6700.0,0.0,1,9000.0,0,269000.0,48,home_improvement,0.338,0
50,51600.0,1.0,2200.0,8.0,0,6700.0,0,220000.0,12,medical,0.426,0
60,76300.0,2.1,18300.0,5.3,2,5600.0,0,88000.0,24,personal,0.292,0
27,24700.0,8.2,10000.0,3.2,1,77700.0,0,111000.0,48,home_improvement,0.506,1
52,31700.0,1.0,17500.0,5.4,0,5100.0,0,223000.0,48,personal,0.71,0
39,72800.0,0.6,5400.0,1.8,1,2300.0,0,63000.0,24,home_improvement,0.113,0
26,24200.0,3.6,1000.0,0.7,1,208900.0,0,233000.0,24,education,0.475,0
40,32100.0,4.1,8300.0,0.0,1,13000.0,0,229000.0,24,medical,0.58,0
47,19500.0,0.5,3800.0,3.2,0,20300.0,0,233000.0,24,vehicle,0.733,1
63,74100.0,1.7,10300.0,1.4,0,5200.0,0,139000.0,12,personal,0.308,0
57,30900.0,1.5,3000.0,1.0,1,16200.0,0,178000.0,36,personal,0.27,1
27,47000.0,1.0,6300.0,8.1,0,4300.0,0,220000.0,36,education,0.274,0
25,54400.0,1.9,12000.0,5.2,0,3900.0,0,154000.0,12,home_improvement,0.475,0
31,28000.0,0.2,7500.0,18.5,1,5600.0,0,60000.0,36,education,0.332,0
35,17000.0,5.3,3200.0,4.3,0,4100.0,0,502000.0,12,vehicle,2.846,1
23,36400.0,22.3,12300.0,9.0,1,53800.0,0,164000.0,36,personal,0.473,0
25,36100.0,5.0,13900.0,0.5,1,12500.0,0,229000.0,36,business,0.575,0
43,39100.0,2.2,8600.0,5.1,3,53400.0,0,195000.0,48,personal,0.332,1
57,39200.0,5.5,13200.0,0.4,1,26200.0,0,729000.0,36,vehicle,0.895,1
29,32100.0,4.2,1500.0,0.4,2,371100.0,1,101000.0,48,vehicle,0.118,0
35,31500.0,9.4,17100.0,7.8,0,7400.0,0,331000.0,36,vehicle,0.858,1
23,45900.0,4.9,16200.0,1.8,1,6300.0,0,154000.0,48,vehicle,0.428,0
49,27700.0,5.0,11800.0,1.5,1,27100.0,0,79000.0,36,vehicle,0.512,1
26,38400.0,1.3,7100.0,0.8,0,26700.0,0,140000.0,12,medical,0.513,0
37,31200.0,2.7,7600.0,2.7,2,8800.0,0,457000.0,24,home_improvement,0.903,1
46,45800.0,2.1,15900.0,0.9,1,27300.0,1,125000.0,24,education,0.47,0
41,66100.0,0.1,10200.0,3.1,0,3200.0,0,130000.0,24,personal,0.243,0
28,67300.0,1.9,13700.0,4.3,1,22200.0,1,66000.0,48,vehicle,0.226,1
41,71700.0,3.3,17000.0,4.3,1,5500.0,0,287000.0,24,vehicle,0.417,1
31,34500.0,4.6,10700.0,1.8,0,8900.0,0,235000.0,36,education,0.514,0
58,35900.0,13.6,6100.0,4.9,2,3900.0,0,136000.0,24,home_improvement,0.34,0
28,22700.0,1.4,1400.0,1.2,1,6000.0,0,109000.0,36,education,0.206,0
62,34400.0,0.8,4500.0,6.6,1,4700.0,0,144000.0,36,medical,0.256,0
44,35000.0,10.2,6500.0,0.0,1,24700.0,0,110000.0,60,personal,0.242,0
55,30400.0,14.2,5400.0,13.6,0,108400.0,0,213000.0,36,home_improvement,0.388,0
34,30300.0,3.3,8700.0,2.3,1,2100.0,0,317000.0,48,personal,0.523,1
34,18700.0,0.6,4900.0,1.6,1,32200.0,0,315000.0,48,personal,0.641,0
30,21900.0,3.3,1900.0,3.9,1,41200.0,0,485000.0,12,vehicle,2.08,1
32,40900.0,0.6,11600.0,8.5,0,9900.0,0,465000.0,24,business,0.795,0
58,41600.0,10.7,14000.0,1.7,1,3200.0,0,87000.0,12,personal,0.525,1
64,49900.0,6.2,8900.0,0.3,0,4300.0,0,56000.0,12,personal,0.279,0
54,35700.0,1.4,1100.0,1.7,3,28600.0,0,178000.0,36,business,0.18,0
61,40300.0,10.9,26500.0,0.0,2,6200.0,0,88000.0,24,home_improvement,0.756,0
30,70500.0,5.1,26400.0,0.8,1,10800.0,0,106000.0,36,personal,0.42,1
37,39200.0,15.3,2000.0,0.2,1,1800.0,0,208000.0,24,business,0.29,1
37,30200.0,19.7,900.0,2.0,1,23300.0,0,223000.0,60,medical,0.163,0
23,23500.0,0.0,3100.0,0.2,0,45100.0,1,135000.0,24,personal,0.39,1
51,57500.0,0.6,25100.0,16.5,1,4300.0,0,235000.0,36,personal,0.559,0
21,18600.0,4.0,5700.0,6.1,1,6600.0,0,338000.0,36,vehicle,0.852,1
32,27500.0,15.6,900.0,2.2,0,2300.0,0,269000.0,24,personal,0.473,0
59,48500.0,25.8,1700.0,6.3,1,9000.0,0,121000.0,24,medical,0.147,0
24,17000.0,4.2,1900.0,2.2,0,14900.0,0,174000.0,12,home_improvement,1.033,1
62,30400.0,1.0,3400.0,4.2,1,16300.0,0,154000.0,12,business,0.568,1
33,42500.0,0.9,19700.0,6.9,4,50500.0,0,105000.0,12,personal,0.686,0
54,33800.0,7.2,3200.0,4.6,0,54700.0,0,342000.0,36,business,0.398,1
62,25800.0,4.5,12300.0,0.4,2,24100.0,0,142000.0,12,home_improvement,0.972,0
41,30700.0,4.0,7800.0,0.2,0,2000.0,0,76000.0,36,education,0.328,0
42,58000.0,3.1,19400.0,3.4,1,23800.0,0,159000.0,36,business,0.417,0
24,91500.0,6.5,8700.0,0.9,2,2600.0,0,84000.0,36,medical,0.123,0
38,42700.0,9.8,4000.0,16.6,1,11800.0,0,53000.0,12,vehicle,0.205,0
25,16400.0,1.8,10800.0,0.1,2,18900.0,0,194000.0,24,home_improvement,1.191,1
39,51800.0,1.2,16400.0,5.5,0,8300.0,0,64000.0,60,vehicle,0.339,0
22,33600.0,5.5,8900.0,0.2,0,84700.0,0,284000.0,36,vehicle,0.518,0
32,24500.0,12.3,3200.0,3.8,2,9500.0,0,319000.0,24,education,0.717,0
37,28000.0,2.1,1700.0,2.2,4,15800.0,0,342000.0,36,medical,0.427,0
30,28500.0,1.6,1000.0,4.0,1,69500.0,0,214000.0,24,business,0.373,0
54,21300.0,1.3,7500.0,5.7,1,5000.0,0,124000.0,48,vehicle,0.483,1
26,39000.0,1.5,3300.0,0.1,0,9600.0,0,133000.0,36,home_improvement,0.187,0
28,91400.0,0.7,36200.0,2.9,1,52100.0,0,121000.0,48,business,0.426,0
31,24500.0,4.5,7300.0,11.4,2,24500.0,0,55000.0,48,education,0.348,0
32,90100.0,1.6,9600.0,1.0,1,14300.0,0,443000.0,24,personal,0.328,0
29,44100.0,4.8,15000.0,0.3,1,2100.0,0,251000.0,24,personal,0.596,1
22,38500.0,0.4,9200.0,5.9,1,9700.0,0,97000.0,36,personal,0.315,0
28,34700.0,0.6,8300.0,5.4,1,3100.0,0,153000.0,36,medical,0.371,0
31,27900.0,3.8,16100.0,2.0,4,36100.0,0,160000.0,60,business,0.68,0
56,45800.0,3.6,7600.0,7.1,2,14000.0,0,186000.0,36,education,0.288,0
30,50800.0,1.6,2900.0,3.1,0,1600.0,0,152000.0,24,personal,0.192,0
41,13500.0,8.8,1400.0,2.6,1,1500.0,0,184000.0,36,education,0.513,0
40,126000.0,1.0,17400.0,6.9,1,5700.0,0,88000.0,24,personal,0.17,0
28,17800.0,2.2,6000.0,0.4,0,2600.0,0,165000.0,36,vehicle,0.615,0
56,31700.0,4.1,4800.0,1.0,3,6700.0,0,210000.0,36,personal,0.35,0
49,12700.0,10.1,1800.0,2.3,0,25000.0,0,291000.0,12,vehicle,2.204,1
62,35600.0,2.7,4700.0,0.4,4,4400.0,0,60000.0,36,vehicle,0.183,1
32,32600.0,2.5,10200.0,22.0,3,32000.0,0,268000.0,48,business,0.498,0
34,31900.0,4.3,5800.0,1.5,2,7100.0,0,105000.0,36,personal,0.281,0
41,46000.0,1.9,1900.0,11.8,2,19500.0,0,130000.0,36,business,0.126,1
42,36000.0,6.2,9600.0,2.6,2,2000.0,0,282000.0,36,medical,0.502,0
41,51100.0,1.4,21800.0,10.3,2,41800.0,0,232000.0,36,personal,0.563,0
64,23000.0,8.7,3200.0,2.3,1,64300.0,0,217000.0,24,home_improvement,0.564,0
50,41600.0,1.6,10500.0,6.7,0,8900.0,0,229000.0,36,medical,0.418,0
59,30200.0,24.6,3000.0,5.6,2,6700.0,0,152000.0,12,personal,0.552,0
40,34000.0,1.9,5300.0,11.7,0,14100.0,0,126000.0,48,personal,0.239,0
44,45300.0,10.6,2300.0,4.1,2,9900.0,0,507000.0,24,medical,0.554,1
43,32000.0,2.5,7300.0,1.0,2,7400.0,0,156000.0,36,vehicle,0.374,0
27,38300.0,1.4,8600.0,3.1,0,223500.0,0,710000.0,36,education,0.781,1
29,23900.0,1.3,1200.0,0.6,1,44200.0,0,150000.0,24,vehicle,0.333,1
21,65700.0,9.5,32600.0,1.6,1,21100.0,0,77000.0,24,personal,0.549,0
46,55700.0,1.8,5700.0,6.2,2,18200.0,0,79000.0,60,business,0.128,0
58,42000.0,2.1,3100.0,0.1,2,1800.0,0,184000.0,48,medical,0.172,1
58,36000.0,1.1,4600.0,3.9,1,8500.0,0,186000.0,36,personal,0.283,0
64,38300.0,16.3,11400.0,4.7,2,7200.0,0,279000.0,48,education,0.462,0
42,65100.0,1.4,5500.0,9.2,1,49600.0,0,395000.0,36,personal,0.267,0
64,54000.0,1.4,19200.0,5.6,3,4000.0,0,145000.0,48,personal,0.416,1
30,65600.0,14.4,6200.0,2.1,3,22900.0,0,115000.0,36,personal,0.147,0
26,34400.0,11.6,5900.0,5.8,1,5100.0,0,368000.0,60,vehicle,0.364,0
37,49900.0,1.4,21700.0,3.9,1,18600.0,0,69000.0,48,vehicle,0.466,1
58,68500.0,10.0,8700.0,3.5,1,6300.0,1,36000.0,12,personal,0.174,0
44,26500.0,1.4,8000.0,0.3,0,17300.0,0,214000.0,36,vehicle,0.544,1
30,25700.0,0.4,3000.0,3.1,2,16000.0,0,106000.0,36,vehicle,0.24,0
28,45400.0,8.6,13700.0,8.1,0,22900.0,0,114000.0,24,education,0.415,0
41,23000.0,7.4,1700.0,2.3,1,47900.0,0,188000.0,48,medical,0.258,0
26,17700.0,1.7,4600.0,4.9,2,30600.0,1,129000.0,36,vehicle,0.479,1
41,68100.0,0.5,7900.0,9.4,1,39700.0,0,269000.0,24,business,0.294,0
59,73600.0,1.2,10400.0,3.1,4,78800.0,0,128000.0,24,business,0.22,0
44,23600.0,7.4,4500.0,0.4,0,11300.0,0,67000.0,24,business,0.318,0
53,21100.0,16.7,8600.0,0.2,0,13000.0,0,81000.0,36,business,0.523,0
38,29900.0,1.5,4500.0,6.4,1,3400.0,0,157000.0,36,vehicle,0.308,0
48,70500.0,8.5,29000.0,0.1,2,6900.0,0,734000.0,24,vehicle,0.88,0
52,33400.0,1.3,2500.0,27.3,1,1200.0,0,191000.0,24,home_improvement,0.332,0
32,41900.0,5.7,16800.0,0.5,0,43000.0,0,176000.0,12,home_improvement,0.779,0
62,46500.0,0.4,23100.0,6.0,1,8500.0,0,603000.0,60,vehicle,0.73,0
47,43400.0,4.4,3400.0,8.1,1,74600.0,0,142000.0,24,vehicle,0.226,0
30,78600.0,1.6,23200.0,1.5,2,17200.0,0,151000.0,36,home_improvement,0.353,1
62,29000.0,13.0,3100.0,3.1,0,5000.0,0,119000.0,24,vehicle,0.292,0
52,38300.0,1.7,9500.0,12.2,0,2000.0,0,136000.0,48,home_improvement,0.328,0
62,44600.0,2.5,7300.0,12.4,1,1000.0,0,204000.0,36,home_improvement,0.301,0
46,39300.0,9.2,22700.0,10.6,2,2800.0,0,695000.0,12,home_improvement,2.169,1
45,23200.0,2.9,7800.0,1.3,1,23800.0,0,93000.0,12,home_improvement,0.697,0
31,20700.0,1.4,2400.0,0.2,0,28700.0,0,73000.0,12,education,0.433,0
43,20500.0,4.0,4500.0,0.4,0,15700.0,0,186000.0,24,vehicle,0.628,0
54,55600.0,9.2,10200.0,0.6,0,17500.0,0,305000.0,36,education,0.348,0
60,27700.0,2.8,1900.0,4.5,0,2800.0,0,84000.0,60,education,0.123,0
43,49600.0,0.7,2400.0,6.5,1,3900.0,0,141000.0,60,personal,0.1,0
49,41700.0,2.4,4800.0,0.2,1,5200.0,0,271000.0,24,vehicle,0.408,0
51,25900.0,15.4,8000.0,8.8,0,21300.0,0,136000.0,36,home_improvement,0.466,0
27,26200.0,0.4,13400.0,5.5,1,3000.0,0,378000.0,24,personal,1.161,1
60,42600.0,2.6,12100.0,3.0,0,27400.0,0,75000.0,12,personal,0.442,0
53,41600.0,5.2,12000.0,18.4,2,3100.0,0,233000.0,36,vehicle,0.456,0
41,50100.0,0.4,19000.0,1.2,3,49500.0,0,138000.0,24,personal,0.503,0
22,32700.0,2.1,5100.0,1.0,0,4100.0,0,170000.0,24,personal,0.39,0
38,27400.0,14.1,12800.0,1.6,1,4300.0,0,146000.0,24,business,0.707,0
53,42200.0,0.2,4200.0,3.0,0,31200.0,0,423000.0,24,personal,0.551,0
57,76000.0,7.0,17100.0,2.0,3,13500.0,0,227000.0,12,home_improvement,0.494,1
54,17200.0,9.2,5000.0,7.1,1,14500.0,0,232000.0,48,personal,0.594,1
40,28000.0,1.6,8400.0,9.0,1,28800.0,0,74000.0,24,personal,0.419,0
55,52300.0,1.2,13600.0,13.6,0,13600.0,0,304000.0,60,medical,0.365,0
38,44200.0,12.3,2900.0,6.8,1,50300.0,0,228000.0,60,home_improvement,0.158,0
44,52700.0,7.2,16500.0,3.7,0,6800.0,0,94000.0,48,personal,0.353,0
28,33100.0,0.6,4100.0,3.8,1,13200.0,1,133000.0,60,home_improvement,0.196,1
50,19400.0,1.2,5400.0,0.8,3,32500.0,0,48000.0,12,personal,0.501,0
64,85200.0,4.9,18000.0,1.2,3,65500.0,0,277000.0,36,education,0.309,0
30,65400.0,2.7,2200.0,23.6,1,4100.0,0,132000.0,12,personal,0.215,0
43,39700.0,3.5,11600.0,1.2,0,8500.0,0,334000.0,36,business,0.545,1
31,27500.0,15.1,10500.0,2.5,1,12800.0,0,239000.0,36,personal,0.643,1
22,32200.0,2.7,2300.0,1.9,2,13500.0,0,166000.0,12,vehicle,0.535,0
46,44500.0,10.7,6000.0,4.7,1,18900.0,0,384000.0,24,home_improvement,0.523,0
56,35800.0,5.4,8700.0,1.6,2,43100.0,0,179000.0,24,vehicle,0.468,0
53,39900.0,0.6,10000.0,4.6,1,20800.0,0,102000.0,36,home_improvement,0.327,1
33,82800.0,6.8,6500.0,13.0,1,8300.0,0,270000.0,36,business,0.176,0
60,60800.0,3.7,31400.0,1.2,1,31200.0,0,81000.0,36,home_improvement,0.556,0
45,23700.0,1.3,4000.0,1.9,0,230300.0,0,176000.0,12,home_improvement,0.837,0
24,41500.0,1.7,10100.0,1.7,2,8100.0,0,254000.0,48,vehicle,0.381,0
62,31800.0,4.1,11600.0,1.4,1,6400.0,0,208000.0,36,home_improvement,0.561,0
39,45900.0,4.6,11100.0,1.3,1,3800.0,0,120000.0,24,personal,0.359,0
38,39000.0,17.2,4200.0,4.0,0,66500.0,0,75000.0,36,vehicle,0.165,0
57,152600.0,9.6,14600.0,3.2,4,3800.0,0,214000.0,24,personal,0.159,0
50,48700.0,1.2,5100.0,2.8,1,7300.0,0,225000.0,48,personal,0.209,0
39,37800.0,7.4,6600.0,6.4,0,28400.0,0,90000.0,48,medical,0.228,0
43,92000.0,0.0,6500.0,0.6,0,3700.0,0,307000.0,24,personal,0.221,0
36,44000.0,0.7,12500.0,0.7,2,27600.0,0,40000.0,48,personal,0.305,0
21,20300.0,1.1,3900.0,2.9,0,13200.0,0,44000.0,36,education,0.257,0
32,37900.0,4.5,4500.0,1.7,1,700.0,0,179000.0,24,business,0.331,0
44,52900.0,1.1,26900.0,0.8,2,50900.0,0,217000.0,60,personal,0.582,0
54,49900.0,2.3,13600.0,4.7,2,44200.0,0,180000.0,24,medical,0.435,1
28,63100.0,1.4,14200.0,2.7,2,5000.0,0,45000.0,48,medical,0.241,0
38,43000.0,2.1,13300.0,0.9,1,5400.0,0,199000.0,36,medical,0.448,0
25,41700.0,14.3,2900.0,1.2,0,8400.0,0,231000.0,48,medical,0.194,1
46,21400.0,29.7,4900.0,5.1,1,34300.0,0,270000.0,12,education,1.364,1
50,79800.0,5.8,15600.0,1.6,0,25300.0,0,632000.0,24,personal,0.552,0
33,35000.0,4.2,5800.0,0.9,0,18500.0,0,26000.0,48,home_improvement,0.182,0
39,25800.0,6.2,800.0,13.5,0,43000.0,0,214000.0,12,personal,0.777,0
49,130900.0,7.4,16000.0,0.4,2,3500.0,1,312000.0,48,vehicle,0.176,0
23,85500.0,6.7,29100.0,0.6,0,3700.0,0,88000.0,24,education,0.387,0
46,32800.0,0.4,5700.0,5.1,3,76500.0,0,150000.0,36,business,0.311,0
60,17200.0,1.9,9300.0,2.2,3,6600.0,0,219000.0,24,education,1.114,1
32,29000.0,2.1,5400.0,5.6,1,9700.0,0,176000.0,36,vehicle,0.368,0
22,81700.0,2.3,37000.0,3.2,1,9300.0,0,305000.0,36,business,0.565,0
31,43500.0,2.1,11000.0,0.2,1,7600.0,1,257000.0,36,personal,0.43,1
64,21900.0,7.7,5500.0,4.6,0,12700.0,0,141000.0,60,personal,0.367,0
48,57100.0,6.9,8400.0,6.6,2,9700.0,0,370000.0,60,personal,0.264,0
38,36500.0,0.0,3900.0,3.2,1,29000.0,0,226000.0,60,personal,0.218,1
33,30000.0,1.8,10900.0,1.5,1,121600.0,0,113000.0,48,home_improvement,0.448,0
57,31000.0,4.9,6900.0,0.1,1,10500.0,0,68000.0,12,education,0.42,0
42,72200.0,0.6,27100.0,9.5,2,48800.0,1,80000.0,60,business,0.395,1
32,51300.0,0.4,16900.0,4.9,0,13900.0,0,239000.0,36,personal,0.469,1
22,20600.0,8.8,7500.0,0.2,0,7700.0,0,58000.0,12,personal,0.617,1
57,47300.0,3.0,15300.0,7.3,0,3400.0,1,61000.0,36,business,0.362,0
27,42100.0,9.7,11200.0,0.2,0,7100.0,0,204000.0,24,education,0.484,1
46,33200.0,8.7,14300.0,5.0,0,500.0,0,399000.0,60,personal,0.647,0
46,34000.0,11.2,18000.0,4.7,1,25200.0,0,103000.0,48,medical,0.598,0
44,27200.0,0.2,4100.0,9.9,0,18300.0,0,202000.0,36,home_improvement,0.374,0
32,29800.0,1.0,12200.0,0.7,0,12000.0,0,422000.0,24,vehicle,1.047,1
36,45700.0,1.8,7200.0,3.4,4,3600.0,1,385000.0,48,business,0.347,1
43,35400.0,0.7,5300.0,3.1,3,14000.0,0,93000.0,60,personal,0.197,0
60,51300.0,3.3,15400.0,0.1,1,17000.0,0,171000.0,36,home_improvement,0.4,0
29,28200.0,8.0,10000.0,4.1,0,12800.0,0,189000.0,48,personal,0.505,0
52,55200.0,15.1,10000.0,1.2,0,5200.0,0,407000.0,24,education,0.513,0
35,72500.0,11.0,6500.0,1.6,3,13800.0,0,329000.0,36,personal,0.226,0
57,40000.0,3.1,1600.0,1.1,0,2600.0,0,177000.0,12,medical,0.438,0
33,50700.0,5.1,12200.0,0.2,2,27000.0,0,167000.0,48,vehicle,0.315,0
25,51600.0,1.3,15100.0,0.7,0,22600.0,0,61000.0,36,home_improvement,0.328,0
31,32000.0,2.6,18700.0,0.9,1,105600.0,0,204000.0,60,personal,0.699,0
30,51700.0,10.2,19100.0,3.4,4,3500.0,0,186000.0,60,personal,0.434,0
33,14500.0,0.1,1300.0,0.6,2,7700.0,0,210000.0,36,vehicle,0.524,1
61,12100.0,3.8,1000.0,10.1,0,10700.0,0,226000.0,12,personal,1.763,1
35,34600.0,10.3,10400.0,1.1,2,4000.0,0,130000.0,24,personal,0.47,0
62,53400.0,0.7,4200.0,4.2,1,4000.0,0,234000.0,60,vehicle,0.158,0
27,38600.0,20.2,10400.0,0.7,1,8800.0,0,203000.0,36,vehicle,0.427,0
60,56100.0,0.1,14900.0,6.3,1,2600.0,0,159000.0,12,home_improvement,0.521,0
48,23400.0,10.9,3700.0,0.3,0,38200.0,0,56000.0,12,personal,0.373,0
52,59700.0,2.2,13900.0,5.4,0,9500.0,0,225000.0,60,vehicle,0.301,0
55,83500.0,0.7,9500.0,2.0,2,19900.0,0,176000.0,48,business,0.161,0
35,29300.0,0.9,9600.0,2.5,2,18100.0,0,226000.0,36,home_improvement,0.559,0
56,56800.0,6.0,9900.0,1.8,1,17800.0,0,139000.0,12,personal,0.395,0
41,40500.0,10.2,19400.0,2.1,2,26100.0,0,275000.0,36,vehicle,0.683,1
26,49000.0,5.1,10700.0,0.0,1,7300.0,0,76000.0,60,vehicle,0.246,0
21,83500.0,13.2,24800.0,0.1,2,176700.0,0,362000.0,24,vehicle,0.492,0
24,46500.0,9.2,22700.0,6.3,1,11800.0,0,165000.0,48,vehicle,0.568,1
31,56600.0,0.0,26800.0,1.0,2,5000.0,0,185000.0,48,business,0.547,0
64,22700.0,5.5,6600.0,3.7,1,2700.0,0,87000.0,48,medical,0.377,0
46,55800.0,1.8,25700.0,4.2,1,2200.0,0,315000.0,24,education,0.715,0
57,82800.0,3.0,3000.0,4.8,4,794900.0,0,130000.0,36,vehicle,0.083,0
43,26500.0,0.5,4000.0,3.6,0,16500.0,0,396000.0,12,home_improvement,1.496,1
49,34700.0,1.7,4500.0,4.0,1,5700.0,1,173000.0,24,home_improvement,0.354,1
41,54700.0,5.0,8600.0,3.5,0,4600.0,0,282000.0,24,business,0.389,0
47,49100.0,1.2,14400.0,10.5,1,29300.0,0,324000.0,48,business,0.442,0
59,21800.0,5.2,6400.0,4.4,2,5000.0,1,127000.0,36,personal,0.468,1
60,43200.0,12.8,10300.0,1.7,0,22000.0,0,362000.0,36,vehicle,0.49,0
33,34600.0,0.0,9100.0,1.8,1,29300.0,0,217000.0,36,business,0.451,0
43,26000.0,7.7,10700.0,0.3,1,18000.0,0,141000.0,36,vehicle,0.574,0
36,73900.0,5.1,33300.0,19.2,1,1300.0,0,504000.0,36,personal,0.655,0
50,40200.0,0.2,7900.0,8.9,1,68000.0,0,337000.0,36,education,0.448,0
24,62500.0,7.8,8300.0,0.2,1,25800.0,0,254000.0,36,personal,0.255,0
60,23700.0,1.3,10500.0,7.9,1,154900.0,0,86000.0,36,medical,0.552,1
36,52300.0,1.5,6000.0,0.6,0,26900.0,1,331000.0,24,home_improvement,0.4,1
51,64700.0,0.5,10900.0,1.1,0,5300.0,1,224000.0,36,personal,0.272,0
62,36000.0,3.8,10600.0,4.6,1,8600.0,0,151000.0,60,vehicle,0.37,0
45,32100.0,3.4,15400.0,5.2,0,11300.0,0,289000.0,24,home_improvement,0.885,1
64,22300.0,2.1,8100.0,2.8,2,9400.0,0,115000.0,12,personal,0.827,0
32,27200.0,0.9,5000.0,13.7,3,6200.0,1,127000.0,48,vehicle,0.289,1
46,32700.0,9.1,5400.0,2.7,0,18300.0,1,79000.0,36,personal,0.238,0
57,25900.0,10.5,9700.0,1.2,1,6600.0,0,318000.0,60,personal,0.595,0
53,28400.0,3.9,7600.0,0.0,1,83200.0,0,64000.0,48,education,0.318,0
48,43100.0,1.4,7700.0,8.1,2,2300.0,0,180000.0,48,personal,0.273,0
29,45500.0,0.5,6400.0,2.0,0,11000.0,1,199000.0,12,vehicle,0.534,0
32,65600.0,10.1,12600.0,6.1,1,4400.0,0,215000.0,48,education,0.266,0
25,28500.0,0.5,8600.0,5.9,1,10000.0,0,105000.0,24,personal,0.468,0
48,40600.0,0.1,3700.0,0.2,1,34900.0,0,135000.0,12,personal,0.39,0
55,33300.0,3.2,13700.0,6.9,0,23600.0,0,276000.0,24,business,0.784,1
25,32200.0,6.6,8500.0,1.4,0,92600.0,0,271000.0,48,vehicle,0.453,1
54,34800.0,3.1,9300.0,7.4,2,2800.0,0,378000.0,48,medical,0.512,0
54,36700.0,0.3,16800.0,2.7,1,2000.0,0,138000.0,36,business,0.571,0
33,44900.0,5.9,18800.0,3.6,0,3900.0,0,114000.0,36,medical,0.495,0
59,34600.0,5.1,11700.0,0.4,2,2500.0,0,519000.0,36,business,0.788,1
62,69700.0,5.7,8900.0,1.9,1,22700.0,0,567000.0,36,business,0.372,0
34,18600.0,1.2,300.0,14.1,0,35000.0,0,245000.0,36,vehicle,0.411,0
31,64500.0,7.9,8500.0,10.4,0,69600.0,1,57000.0,48,vehicle,0.152,0
62,34000.0,3.3,21900.0,20.6,0,2000.0,0,195000.0,24,medical,0.902,0
58,36900.0,3.8,4000.0,2.9,0,5800.0,1,95000.0,24,business,0.224,1
24,40000.0,3.9,2200.0,6.8,0,2500.0,0,172000.0,24,business,0.248,0
53,55100.0,1.7,20200.0,2.4,1,3800.0,0,180000.0,24,personal,0.514,0
27,27000.0,1.4,6500.0,11.3,2,25000.0,0,336000.0,60,education,0.465,0
61,29900.0,0.0,11100.0,17.1,1,1200.0,0,93000.0,24,business,0.511,0
28,50300.0,2.5,13400.0,8.4,1,3400.0,0,522000.0,48,vehicle,0.5,0
57,18700.0,3.3,6800.0,3.9,2,12500.0,0,122000.0,36,business,0.559,1
30,39500.0,6.8,17800.0,18.0,1,1400.0,0,65000.0,48,vehicle,0.488,0
63,28000.0,0.3,12600.0,16.5,2,52200.0,0,47000.0,36,vehicle,0.5,0
35,25500.0,12.9,5800.0,2.6,1,5800.0,0,195000.0,12,home_improvement,0.916,0
58,19200.0,1.5,4300.0,1.4,0,126100.0,0,140000.0,24,personal,0.552,0
35,56800.0,2.3,27500.0,0.8,0,15400.0,0,145000.0,60,medical,0.53,1
25,43100.0,0.2,6500.0,4.5,2,8200.0,0,260000.0,24,home_improvement,0.422,0
49,29700.0,5.3,2800.0,0.1,2,3100.0,0,85000.0,24,medical,0.223,0
39,37300.0,6.2,18800.0,5.8,1,3200.0,0,131000.0,60,business,0.567,0
30,24500.0,13.2,3800.0,0.2,0,2800.0,0,303000.0,60,home_improvement,0.378,0
32,31500.0,2.1,7800.0,1.2,3,21000.0,0,113000.0,24,personal,0.409,0
24,36700.0,1.5,12200.0,2.8,2,56300.0,0,373000.0,36,home_improvement,0.637,0
51,41300.0,6.5,7000.0,0.4,1,24600.0,0,128000.0,24,personal,0.309,0
38,47900.0,6.1,3000.0,0.1,2,2200.0,0,127000.0,36,education,0.142,0
36,17800.0,13.8,4500.0,2.6,1,13600.0,0,283000.0,24,home_improvement,0.968,1
60,47900.0,1.1,13700.0,8.7,0,11000.0,0,165000.0,36,medical,0.389,1
56,18500.0,6.1,4000.0,2.1,1,8900.0,0,177000.0,12,vehicle,1.077,0
45,48700.0,0.3,11800.0,0.9,0,1100.0,0,102000.0,24,personal,0.337,0
43,36500.0,3.3,11400.0,2.1,0,600.0,0,133000.0,48,personal,0.394,0
32,65600.0,0.6,9300.0,5.1,1,6100.0,0,97000.0,36,business,0.186,0
54,29600.0,5.3,8700.0,0.2,1,5100.0,0,125000.0,60,home_improvement,0.37,0
56,57000.0,4.6,17900.0,0.1,1,49500.0,0,102000.0,24,vehicle,0.395,1
57,23700.0,0.3,7600.0,2.5,1,31200.0,0,273000.0,60,personal,0.528,0
23,42100.0,1.9,13700.0,4.5,2,19400.0,0,74000.0,48,home_improvement,0.365,0
29,16000.0,2.5,6700.0,3.8,0,5500.0,1,83000.0,48,home_improvement,0.535,0
38,59700.0,1.4,22100.0,4.1,1,66000.0,0,60000.0,36,personal,0.4,0
63,87300.0,0.2,21600.0,0.7,1,118800.0,0,328000.0,36,business,0.36,1
55,29300.0,1.9,10700.0,3.1,0,29300.0,0,201000.0,24,medical,0.674,0
54,42400.0,7.9,12100.0,1.9,1,7100.0,0,89000.0,60,vehicle,0.323,0
61,49000.0,2.2,4300.0,0.5,1,10100.0,0,431000.0,24,business,0.484,0
34,20000.0,2.0,2300.0,0.5,0,281000.0,1,167000.0,36,vehicle,0.365,1
24,28600.0,14.2,8300.0,4.1,1,18400.0,0,235000.0,36,home_improvement,0.537,0
49,27900.0,0.2,14200.0,12.6,0,61100.0,0,127000.0,24,personal,0.714,0
61,118600.0,7.3,25700.0,0.4,4,9300.0,0,399000.0,24,home_improvement,0.368,0
35,64300.0,3.3,16800.0,2.7,3,4300.0,0,69000.0,24,home_improvement,0.31,0
48,36400.0,14.5,8900.0,1.1,1,4800.0,0,57000.0,48,education,0.28,1
62,57000.0,2.5,5700.0,1.3,1,600.0,0,176000.0,12,home_improvement,0.378,0
36,44100.0,6.2,12600.0,1.0,0,6400.0,0,102000.0,36,home_improvement,0.355,0
32,52400.0,0.4,6500.0,3.2,0,122800.0,0,145000.0,60,home_improvement,0.174,0
25,25000.0,13.2,15400.0,0.2,2,17800.0,0,102000.0,36,vehicle,0.738,1
54,74500.0,2.1,14900.0,5.4,1,8000.0,0,78000.0,36,business,0.231,1
62,28400.0,3.7,7700.0,3.7,0,3500.0,0,200000.0,36,personal,0.482,0
21,29100.0,0.7,4300.0,1.9,0,26200.0,0,34000.0,12,education,0.253,0
59,52300.0,14.6,17900.0,1.0,0,25100.0,0,151000.0,36,business,0.429,0
52,46900.0,5.6,26200.0,3.1,1,24400.0,0,212000.0,12,medical,0.965,1
46,40600.0,0.3,4900.0,12.4,2,6600.0,0,163000.0,24,home_improvement,0.301,0
37,58600.0,0.8,1400.0,4.9,0,8100.0,0,207000.0,24,personal,0.183,0
47,23800.0,2.6,4100.0,1.3,0,12900.0,0,119000.0,48,home_improvement,0.285,0
44,92000.0,1.2,42900.0,5.4,1,2500.0,0,191000.0,36,vehicle,0.529,0
55,32000.0,1.8,4300.0,2.8,2,53200.0,0,112000.0,24,personal,0.292,0
62,38600.0,29.9,1800.0,0.2,0,3200.0,0,194000.0,36,home_improvement,0.197,0
59,92700.0,5.4,44000.0,3.8,0,155900.0,0,48000.0,36,vehicle,0.49,0
46,29200.0,12.8,5800.0,1.1,3,18100.0,0,210000.0,24,home_improvement,0.522,1
58,63600.0,2.9,10700.0,2.1,1,23000.0,0,115000.0,24,home_improvement,0.25,0
43,36400.0,6.2,18000.0,2.6,0,2500.0,0,140000.0,48,personal,0.581,1
42,27500.0,3.1,12300.0,6.4,0,17200.0,0,223000.0,36,personal,0.691,0
24,33800.0,2.0,6700.0,3.5,2,42400.0,0,495000.0,48,personal,0.528,1
29,51800.0,3.7,18000.0,1.7,2,18800.0,0,195000.0,12,vehicle,0.686,0
24,63300.0,2.8,6700.0,4.3,3,15400.0,0,156000.0,36,personal,0.18,0
27,44400.0,19.7,8800.0,0.9,0,9700.0,0,170000.0,24,personal,0.37,0
43,19600.0,3.4,6200.0,6.9,1,20900.0,0,141000.0,12,vehicle,0.964,1
22,53400.0,8.3,1600.0,0.9,3,8400.0,0,328000.0,36,business,0.214,0
44,37600.0,5.5,12000.0,3.3,0,19200.0,0,155000.0,24,business,0.505,0
60,24400.0,3.3,9400.0,0.9,0,83500.0,0,117000.0,36,medical,0.529,0
51,46900.0,3.2,13800.0,1.6,0,56500.0,0,212000.0,24,personal,0.498,0
51,66900.0,2.1,15600.0,2.2,1,16600.0,0,386000.0,48,home_improvement,0.363,0
60,40300.0,0.6,21800.0,1.8,1,3400.0,0,95000.0,48,education,0.594,0
63,60800.0,7.2,9400.0,10.9,1,10300.0,0,455000.0,24,personal,0.491,1
54,49400.0,12.5,13400.0,1.0,3,22900.0,0,101000.0,24,education,0.363,0
44,49700.0,1.2,10800.0,0.8,0,25100.0,0,208000.0,24,personal,0.406,0
46,35000.0,13.0,16400.0,2.9,2,51800.0,0,243000.0,24,personal,0.781,1
36,58000.0,1.3,10400.0,11.9,2,3200.0,0,385000.0,36,personal,0.378,0
33,60600.0,3.8,12800.0,2.8,0,46800.0,0,183000.0,48,education,0.279,0
35,57300.0,2.1,16100.0,12.8,1,30600.0,0,140000.0,60,vehicle,0.325,0
47,34800.0,0.6,15300.0,0.8,1,63500.0,0,291000.0,24,home_improvement,0.816,0
24,62500.0,0.3,17900.0,0.0,1,3000.0,0,198000.0,48,education,0.358,0
36,47800.0,2.3,6100.0,1.4,1,624000.0,0,205000.0,24,medical,0.321,0
50,25900.0,0.2,4600.0,4.1,1,4100.0,0,112000.0,36,personal,0.307,1
64,33800.0,0.6,12600.0,3.6,1,6200.0,0,151000.0,36,business,0.507,0
50,31600.0,0.8,8900.0,1.1,0,5800.0,0,143000.0,36,medical,0.417,0
56,16400.0,0.0,1500.0,4.3,0,28100.0,0,197000.0,24,vehicle,0.632,0
23,63000.0,0.8,4900.0,7.1,1,18300.0,0,204000.0,12,personal,0.369,0
42,162000.0,4.3,49100.0,4.6,1,9900.0,0,246000.0,48,business,0.337,0
42,69100.0,8.6,23200.0,5.2,7,81900.0,0,119000.0,36,education,0.387,1
32,43200.0,1.1,5700.0,1.5,2,34700.0,0,138000.0,24,personal,0.276,0
41,31800.0,0.4,10600.0,3.0,0,7400.0,0,151000.0,36,home_improvement,0.476,0
24,26500.0,6.5,8600.0,0.2,0,3800.0,0,57000.0,48,education,0.373,0
51,42900.0,0.0,17700.0,1.8,0,50700.0,0,157000.0,36,medical,0.522,0
64,62100.0,6.6,4800.0,6.8,1,4300.0,0,182000.0,36,medical,0.165,0
51,29600.0,0.7,3900.0,6.2,2,28900.0,0,136000.0,24,business,0.339,0
43,127300.0,1.3,44400.0,11.3,3,800.0,0,189000.0,24,medical,0.416,1
40,21500.0,0.6,3400.0,13.9,0,12800.0,0,103000.0,12,vehicle,0.589,1
35,44400.0,1.4,10000.0,14.4,2,84700.0,0,389000.0,24,medical,0.619,0
43,41400.0,8.0,11400.0,0.7,1,24100.0,0,188000.0,24,home_improvement,0.48,1
48,40300.0,0.7,16100.0,0.5,0,98600.0,1,145000.0,60,personal,0.464,1
36,31100.0,25.7,6900.0,8.3,1,7300.0,1,45000.0,12,personal,0.352,1
57,41700.0,2.0,4000.0,1.9,1,18300.0,0,271000.0,60,business,0.213,0
41,32800.0,12.8,6500.0,1.8,0,10800.0,1,106000.0,12,vehicle,0.489,0
35,71700.0,1.1,15500.0,3.1,2,14200.0,0,148000.0,36,home_improvement,0.278,0
37,83200.0,1.0,16600.0,2.4,1,4400.0,0,475000.0,24,home_improvement,0.456,0
57,33700.0,4.2,3300.0,1.0,1,14000.0,0,157000.0,36,personal,0.238,0
33,19100.0,0.3,1300.0,7.4,1,9800.0,0,207000.0,48,vehicle,0.312,1
39,46300.0,8.1,5100.0,9.6,3,7400.0,0,205000.0,12,personal,0.509,1
50,45600.0,2.9,4900.0,5.5,2,6900.0,1,185000.0,60,business,0.18,0
38,42100.0,6.0,1800.0,0.2,0,8300.0,0,184000.0,24,home_improvement,0.239,0
34,51000.0,1.0,6900.0,0.5,0,42200.0,0,36000.0,36,vehicle,0.156,0
56,74700.0,5.1,27000.0,1.7,1,16900.0,0,81000.0,60,business,0.381,0
56,58400.0,4.5,26600.0,3.3,1,10100.0,0,133000.0,48,medical,0.507,0
40,51000.0,7.0,9800.0,3.8,2,23400.0,0,112000.0,12,vehicle,0.39,1
39,56300.0,1.8,6000.0,0.4,1,21800.0,0,225000.0,36,education,0.226,0
64,44900.0,13.5,11200.0,12.9,1,10800.0,0,73000.0,48,personal,0.286,0
27,26200.0,16.3,12400.0,3.0,3,3300.0,0,203000.0,48,education,0.648,1
64,77100.0,10.1,11000.0,2.3,1,700.0,1,49000.0,24,personal,0.171,0
24,42000.0,4.2,11400.0,0.8,0,108600.0,0,272000.0,24,medical,0.563,0
54,26200.0,2.7,2800.0,12.1,0,11200.0,0,139000.0,24,vehicle,0.346,0
22,24200.0,0.3,9300.0,2.4,1,4700.0,0,331000.0,36,personal,0.795,0
25,26600.0,14.7,2000.0,0.5,1,5100.0,0,139000.0,36,education,0.232,0
30,23000.0,15.2,5600.0,3.8,2,39900.0,0,284000.0,60,personal,0.466,0
52,54200.0,0.1,11700.0,1.7,0,156700.0,0,300000.0,24,business,0.465,0
62,37100.0,2.2,15600.0,6.6,0,44400.0,0,162000.0,48,medical,0.519,0
61,56900.0,10.6,9800.0,3.2,1,4900.0,0,125000.0,12,vehicle,0.37,0
33,67900.0,0.4,4800.0,0.4,0,100800.0,0,154000.0,24,personal,0.173,0
59,60500.0,1.1,11600.0,5.6,1,119900.0,0,192000.0,36,business,0.287,0
25,53400.0,19.2,21300.0,1.5,3,1200.0,0,529000.0,24,vehicle,0.845,1
30,45700.0,9.4,2900.0,2.1,1,98700.0,0,134000.0,48,vehicle,0.129,0
30,36800.0,12.2,3800.0,6.0,0,4500.0,0,198000.0,48,vehicle,0.224,0
58,38000.0,0.8,14400.0,0.5,1,18800.0,0,67000.0,48,home_improvement,0.419,0
47,52200.0,1.2,10400.0,15.2,3,117200.0,0,103000.0,36,vehicle,0.258,0
41,26000.0,4.6,9600.0,4.8,1,4600.0,0,511000.0,36,education,0.959,1
28,39200.0,3.5,14100.0,0.9,1,34400.0,0,216000.0,12,vehicle,0.856,1
21,28700.0,1.8,12800.0,0.2,1,41100.0,0,126000.0,48,vehicle,0.545,0
48,68000.0,10.8,5500.0,3.1,0,21500.0,0,247000.0,36,home_improvement,0.19,0
59,55400.0,11.6,2200.0,1.9,2,3300.0,0,356000.0,12,vehicle,0.618,0
34,105000.0,1.7,23800.0,0.1,1,16800.0,0,71000.0,12,personal,0.288,0
41,28500.0,0.8,1800.0,3.8,0,5100.0,0,186000.0,24,vehicle,0.357,1
50,30000.0,0.8,4900.0,1.5,1,31700.0,1,104000.0,48,vehicle,0.241,0
41,41200.0,3.3,6000.0,1.6,2,67400.0,0,133000.0,60,business,0.204,0
29,29000.0,0.7,1100.0,0.7,2,80200.0,1,239000.0,48,medical,0.223,1
37,51100.0,3.2,5300.0,0.6,0,57600.0,0,53000.0,48,home_improvement,0.127,0
25,39200.0,3.1,4900.0,0.6,0,1500.0,0,188000.0,24,medical,0.341,0
51,32200.0,10.8,6400.0,8.7,0,2800.0,0,425000.0,36,medical,0.595,0
60,65500.0,1.8,18300.0,3.0,0,2400.0,0,121000.0,48,home_improvement,0.321,0
58,17500.0,4.1,5700.0,2.5,4,9600.0,0,30000.0,36,business,0.377,0
63,51200.0,6.8,11500.0,4.9,0,39400.0,0,174000.0,48,vehicle,0.301,0
39,31300.0,4.5,8800.0,1.5,1,11800.0,0,345000.0,36,business,0.612,0
56,58000.0,15.4,6400.0,6.9,0,6800.0,0,122000.0,36,home_improvement,0.173,1
53,64600.0,4.6,17700.0,0.9,1,1700.0,0,122000.0,24,business,0.359,0
33,14400.0,11.6,2400.0,6.5,1,58900.0,0,69000.0,12,personal,0.598,0
34,36500.0,1.4,12400.0,0.2,2,30000.0,0,163000.0,60,home_improvement,0.42,1
53,41200.0,4.1,15200.0,0.7,0,22400.0,0,203000.0,48,vehicle,0.48,0
49,13900.0,3.9,3300.0,8.9,0,6300.0,0,193000.0,12,business,1.487,1
63,44500.0,22.8,15300.0,0.5,1,21600.0,0,143000.0,24,personal,0.488,1
56,31600.0,1.1,1500.0,1.1,1,6700.0,0,79000.0,24,vehicle,0.16,1
64,23300.0,0.8,4000.0,0.2,2,12500.0,0,137000.0,24,vehicle,0.436,1
30,29900.0,4.7,8300.0,3.7,1,36200.0,0,181000.0,24,home_improvement,0.55,1
51,27700.0,1.3,800.0,1.6,1,3200.0,0,328000.0,60,personal,0.242,0
26,31000.0,5.1,9000.0,4.0,2,15600.0,0,607000.0,36,medical,0.878,0
21,43600.0,18.0,3600.0,0.4,0,65800.0,1,55000.0,36,education,0.12,0
27,62400.0,14.6,13000.0,2.0,2,139700.0,0,152000.0,36,personal,0.281,0
47,38800.0,1.3,10300.0,1.9,3,3200.0,0,196000.0,36,personal,0.417,0
41,65900.0,0.9,4100.0,3.1,0,16400.0,0,137000.0,36,personal,0.125,0
48,25100.0,4.1,6700.0,1.4,1,6500.0,0,83000.0,24,personal,0.416,0
36,43000.0,4.4,4800.0,16.7,0,73200.0,0,207000.0,24,home_improvement,0.328,0
43,103600.0,5.4,49700.0,1.5,1,3500.0,0,627000.0,60,home_improvement,0.589,1
40,19600.0,6.8,7400.0,4.8,2,30500.0,1,132000.0,60,business,0.499,0
58,19300.0,4.6,7800.0,1.8,1,1200.0,0,141000.0,12,home_improvement,1.062,1
45,71400.0,0.6,32900.0,3.1,2,26400.0,0,168000.0,24,vehicle,0.567,1
48,44300.0,7.8,5500.0,1.0,1,39700.0,0,266000.0,60,business,0.232,0
25,30600.0,0.4,4400.0,0.8,0,6500.0,0,181000.0,12,personal,0.676,1
41,24100.0,0.1,5800.0,14.4,3,1000.0,0,300000.0,60,personal,0.465,0
38,39500.0,7.3,9800.0,3.1,2,46700.0,0,526000.0,36,business,0.648,0
26,42600.0,4.0,3300.0,2.5,0,1300.0,0,178000.0,36,personal,0.203,0
49,42700.0,6.0,1300.0,4.1,0,1400.0,0,431000.0,48,vehicle,0.258,0
39,24000.0,2.4,6800.0,1.0,1,22900.0,0,105000.0,60,vehicle,0.362,0
53,34500.0,0.1,12700.0,6.9,2,37000.0,0,225000.0,24,business,0.662,0
21,31100.0,2.0,9700.0,1.1,2,15800.0,0,151000.0,48,business,0.421,1
23,53700.0,4.7,12100.0,3.1,1,1400.0,0,262000.0,36,vehicle,0.372,0
62,24700.0,1.3,6900.0,0.5,1,1500.0,0,379000.0,48,vehicle,0.625,1
41,41500.0,5.8,17300.0,3.4,0,11700.0,0,109000.0,48,home_improvement,0.476,1
55,131300.0,7.9,11400.0,2.6,0,80600.0,0,67000.0,24,personal,0.11,0
61,23900.0,3.0,2200.0,1.3,0,69200.0,1,219000.0,24,business,0.504,0
60,28700.0,10.4,5800.0,1.5,1,14700.0,0,265000.0,12,personal,1.033,1
23,38500.0,9.6,22000.0,0.0,2,8200.0,0,72000.0,24,vehicle,0.656,1
45,12000.0,10.5,6200.0,0.1,1,1300.0,0,70000.0,24,vehicle,0.779,1
58,21100.0,5.4,6100.0,3.7,2,8100.0,0,57000.0,24,home_improvement,0.411,0
40,46200.0,1.8,4000.0,5.1,1,4700.0,0,303000.0,48,medical,0.234,0
64,37100.0,3.3,3500.0,3.2,2,58000.0,0,410000.0,24,education,0.592,0
54,64500.0,6.2,9700.0,0.3,1,13700.0,0,334000.0,48,personal,0.267,1
41,36100.0,1.2,3100.0,11.3,1,7000.0,0,79000.0,12,vehicle,0.283,1
43,34700.0,6.7,15200.0,5.0,3,9700.0,0,152000.0,24,business,0.635,1
26,29300.0,4.0,10000.0,1.1,0,11800.0,0,260000.0,24,vehicle,0.741,0
33,34400.0,0.5,10900.0,4.5,2,22300.0,0,555000.0,24,personal,1.043,1
43,23300.0,4.1,3700.0,0.5,0,82000.0,0,153000.0,60,personal,0.277,0
29,37600.0,0.3,14800.0,6.0,2,4000.0,1,81000.0,48,vehicle,0.442,1
37,25900.0,0.1,21700.0,2.6,1,1500.0,1,72000.0,24,medical,0.963,1
22,23300.0,11.0,5200.0,2.1,2,3500.0,0,59000.0,60,personal,0.269,0
39,30100.0,3.4,4000.0,0.0,1,9800.0,0,268000.0,24,personal,0.534,1
39,49200.0,3.9,6500.0,4.2,0,7400.0,0,296000.0,36,home_improvement,0.313,0
27,42800.0,1.6,8100.0,7.1,2,3300.0,0,112000.0,12,personal,0.425,0
62,54200.0,3.9,14500.0,1.4,1,326500.0,0,303000.0,36,business,0.435,0
62,26500.0,0.9,4000.0,0.0,0,50700.0,0,83000.0,12,vehicle,0.433,0
40,39900.0,6.8,10700.0,6.0,0,5200.0,0,291000.0,36,business,0.487,0
29,86300.0,8.7,13400.0,4.0,1,13100.0,1,68000.0,36,vehicle,0.179,1
37,75300.0,9.7,35800.0,6.0,1,35800.0,0,198000.0,36,medical,0.554,0
47,22600.0,0.6,2600.0,3.1,1,26500.0,0,458000.0,12,personal,1.939,1
22,25500.0,4.1,3700.0,2.5,0,17300.0,0,85000.0,60,personal,0.205,0
56,86200.0,8.3,33300.0,1.0,3,4600.0,0,217000.0,36,vehicle,0.462,0
39,49200.0,0.7,24600.0,0.3,0,30400.0,0,335000.0,48,education,0.653,1
37,36800.0,0.5,8700.0,2.6,1,27700.0,0,214000.0,36,personal,0.411,0
25,35000.0,8.5,15900.0,8.1,1,13900.0,0,126000.0,48,personal,0.535,0
59,44500.0,8.0,6100.0,0.2,0,7500.0,0,106000.0,24,education,0.244,1
38,44700.0,3.0,23100.0,18.1,0,13700.0,0,230000.0,36,personal,0.671,0
27,31600.0,0.6,6400.0,11.7,0,13100.0,0,330000.0,36,vehicle,0.516,1
37,37300.0,3.6,10900.0,4.1,1,700.0,0,114000.0,36,personal,0.384,0
59,31100.0,2.5,4600.0,9.8,2,4000.0,0,100000.0,36,personal,0.244,0
56,43300.0,3.7,6000.0,3.2,3,6600.0,0,141000.0,12,medical,0.432,0
60,28800.0,2.9,13900.0,2.1,1,6700.0,0,260000.0,36,vehicle,0.753,1
24,22700.0,4.2,4800.0,3.4,0,2700.0,0,191000.0,48,personal,0.401,0
58,78000.0,6.5,8200.0,8.4,1,2000.0,0,109000.0,36,personal,0.147,0
45,38900.0,7.5,17900.0,12.6,1,13300.0,0,407000.0,60,home_improvement,0.648,1
25,86100.0,5.2,20300.0,7.3,1,40900.0,0,110000.0,12,personal,0.351,0
50,16800.0,1.1,3200.0,0.8,0,5200.0,0,133000.0,36,vehicle,0.428,1
32,20900.0,2.5,5400.0,3.6,1,32100.0,0,108000.0,24,education,0.491,0
24,49500.0,0.4,19100.0,2.4,1,9700.0,0,360000.0,24,personal,0.713,1
44,38900.0,3.0,5000.0,2.6,5,49200.0,0,52000.0,24,business,0.189,0
49,23800.0,17.6,10100.0,2.2,4,19500.0,0,116000.0,12,business,0.863,1
29,66900.0,5.1,11700.0,0.3,1,8300.0,1,90000.0,12,personal,0.296,0
24,27100.0,0.8,1000.0,7.5,0,247000.0,1,108000.0,48,vehicle,0.127,0
44,68800.0,1.6,8700.0,15.3,0,7900.0,0,231000.0,12,vehicle,0.429,0
34,38900.0,0.3,6500.0,0.9,2,15800.0,0,69000.0,48,personal,0.207,0
25,24800.0,1.0,800.0,3.9,1,35200.0,0,63000.0,36,personal,0.108,0
38,29700.0,3.3,9800.0,3.1,1,4800.0,0,203000.0,36,home_improvement,0.535,1
62,74400.0,2.1,27800.0,9.1,1,3000.0,0,137000.0,36,vehicle,0.429,0
39,35100.0,1.1,10900.0,4.9,0,19200.0,0,38000.0,60,personal,0.33,0
32,62200.0,0.8,20600.0,5.5,1,20200.0,0,197000.0,24,vehicle,0.474,1
38,75400.0,5.3,14300.0,12.1,0,6600.0,0,110000.0,24,business,0.255,1
37,38700.0,4.1,5000.0,4.4,0,21100.0,0,135000.0,36,education,0.234,0
50,36300.0,9.2,9400.0,2.4,0,28000.0,0,306000.0,36,personal,0.512,1
44,33400.0,1.0,3800.0,0.2,2,4400.0,0,184000.0,60,personal,0.213,0
31,47000.0,9.4,16700.0,9.5,0,42500.0,0,230000.0,12,vehicle,0.796,0
55,79000.0,4.3,35900.0,3.6,0,4000.0,0,58000.0,36,education,0.476,0
43,23100.0,1.5,7300.0,4.6,1,33700.0,0,79000.0,48,vehicle,0.393,0
37,44300.0,1.6,15100.0,2.8,1,100400.0,0,363000.0,24,personal,0.71,0
21,43400.0,2.5,4600.0,2.0,1,20500.0,0,85000.0,48,home_improvement,0.15,0
35,17800.0,3.1,2300.0,2.8,0,6700.0,0,138000.0,36,personal,0.362,0
52,26900.0,0.4,6700.0,0.2,1,53500.0,0,170000.0,60,vehicle,0.363,0
29,29500.0,9.2,6800.0,6.4,0,14100.0,1,300000.0,36,vehicle,0.536,1
35,56600.0,0.6,5400.0,0.7,0,16500.0,0,102000.0,24,personal,0.176,0
48,61200.0,3.3,15700.0,1.6,1,52500.0,0,358000.0,48,medical,0.388,0
44,17300.0,2.4,4200.0,0.4,2,195100.0,0,90000.0,24,personal,0.477,0
55,53500.0,3.6,12000.0,6.9,3,34800.0,0,159000.0,24,business,0.358,0
42,50500.0,10.9,14500.0,0.7,1,23900.0,0,232000.0,48,vehicle,0.39,0
47,52100.0,22.6,12800.0,2.0,2,5800.0,0,103000.0,48,business,0.29,0
39,43000.0,0.1,10200.0,2.1,0,15900.0,0,130000.0,60,medical,0.292,0
32,61600.0,2.5,13600.0,1.5,0,42300.0,0,238000.0,24,vehicle,0.395,0
40,68000.0,8.5,4400.0,7.9,1,16200.0,0,118000.0,36,vehicle,0.117,0
21,19200.0,2.0,3300.0,5.9,1,104700.0,0,136000.0,24,home_improvement,0.491,0
41,39300.0,5.2,17800.0,5.4,1,144600.0,0,284000.0,60,home_improvement,0.583,0
21,35800.0,24.3,5300.0,1.0,1,90600.0,0,145000.0,48,personal,0.239,0
30,31000.0,5.2,7200.0,0.8,1,36600.0,0,216000.0,36,personal,0.441,0
52,32700.0,0.6,8500.0,1.1,1,5300.0,0,116000.0,60,personal,0.324,0
59,43700.0,9.3,15200.0,2.0,5,6100.0,0,110000.0,48,vehicle,0.404,0
42,22400.0,17.0,2400.0,2.6,3,11500.0,1,113000.0,12,vehicle,0.561,1
38,54300.0,6.2,14400.0,1.2,1,3700.0,0,197000.0,48,personal,0.347,1
52,34000.0,2.7,8100.0,2.4,0,12700.0,0,156000.0,12,home_improvement,0.651,1
47,59500.0,14.8,12900.0,0.8,0,7300.0,0,196000.0,24,vehicle,0.365,0
48,30400.0,17.3,7600.0,1.3,0,23300.0,0,56000.0,12,personal,0.416,0
38,29600.0,13.7,13500.0,1.2,1,9000.0,0,98000.0,12,vehicle,0.754,1
59,26200.0,2.7,2500.0,5.2,1,31200.0,0,307000.0,36,vehicle,0.447,1
49,30400.0,7.8,12700.0,2.5,2,3700.0,1,341000.0,60,personal,0.62,1
38,28000.0,5.3,1900.0,3.8,0,2500.0,0,93000.0,12,education,0.367,0
64,48800.0,1.0,2300.0,4.4,0,9500.0,0,389000.0,48,home_improvement,0.226,0
28,64300.0,3.8,28400.0,0.3,1,39700.0,0,77000.0,24,home_improvement,0.496,0
51,47800.0,6.9,22200.0,6.3,0,22700.0,0,180000.0,12,vehicle,0.803,0
54,38800.0,11.3,26400.0,1.3,0,14400.0,0,261000.0,60,personal,0.801,1
27,50000.0,9.9,8200.0,2.9,0,42600.0,0,170000.0,12,personal,0.47,0
56,39500.0,0.8,8900.0,1.7,2,29000.0,0,224000.0,12,business,0.736,0
38,40700.0,3.3,12000.0,5.9,2,90500.0,0,138000.0,24,home_improvement,0.447,0
58,35000.0,3.3,4200.0,1.0,3,9900.0,0,292000.0,60,vehicle,0.27,0
29,58500.0,11.5,9900.0,13.3,0,28200.0,0,203000.0,24,business,0.325,0
29,12600.0,0.0,3100.0,2.0,0,45300.0,0,211000.0,12,personal,1.753,1
28,15400.0,6.7,7700.0,5.0,0,7500.0,0,358000.0,24,medical,1.546,1
55,63700.0,4.8,26900.0,4.1,1,26200.0,0,658000.0,36,personal,0.732,0
38,36700.0,12.7,8400.0,5.4,2,52800.0,0,89000.0,48,vehicle,0.283,0
25,60600.0,3.1,10800.0,3.2,1,23200.0,0,142000.0,24,home_improvement,0.284,0
34,30500.0,5.4,9900.0,1.9,1,2800.0,0,68000.0,36,business,0.391,0
48,85300.0,18.0,35600.0,0.8,0,37600.0,0,308000.0,24,business,0.58,0
50,37700.0,6.8,15300.0,2.9,1,36600.0,0,113000.0,36,business,0.496,0
24,49100.0,0.3,5800.0,0.3,1,1900.0,0,101000.0,12,vehicle,0.303,0
59,32800.0,0.9,4800.0,0.2,2,18500.0,0,350000.0,36,personal,0.466,1
40,26800.0,8.6,7600.0,3.8,1,30900.0,0,70000.0,12,business,0.519,0
45,18300.0,2.0,2700.0,2.6,0,47800.0,0,114000.0,60,personal,0.26,0
48,57200.0,6.1,8700.0,2.8,0,10300.0,0,112000.0,60,personal,0.187,0
32,48000.0,6.0,19600.0,1.5,1,18000.0,0,123000.0,36,personal,0.485,0
22,41900.0,25.3,10400.0,6.3,0,1400.0,0,113000.0,60,education,0.297,0
63,24000.0,3.2,7900.0,0.9,2,45500.0,0,178000.0,36,vehicle,0.552,1
34,75900.0,6.7,17800.0,3.5,2,5900.0,0,138000.0,24,business,0.316,0
42,42100.0,0.2,23200.0,7.9,2,26800.0,0,161000.0,12,home_improvement,0.895,1
51,55100.0,3.1,19500.0,7.2,0,3500.0,0,57000.0,60,education,0.373,0
43,40100.0,1.0,3200.0,0.1,1,25600.0,1,167000.0,24,personal,0.267,1
40,24600.0,9.2,3300.0,1.3,0,17000.0,0,161000.0,48,education,0.281,0
58,62700.0,9.2,7300.0,5.0,3,10700.0,0,103000.0,36,home_improvement,0.166,0
24,49200.0,1.3,10700.0,5.4,2,400.0,0,47000.0,24,business,0.26,0
35,37000.0,1.9,16300.0,2.6,1,4100.0,0,98000.0,24,vehicle,0.56,0
44,48800.0,6.1,9800.0,0.9,0,18300.0,0,65000.0,48,education,0.231,1
45,58000.0,6.7,17200.0,1.3,1,3300.0,0,230000.0,48,medical,0.386,1
21,54000.0,5.4,16500.0,6.5,2,11200.0,0,157000.0,48,personal,0.371,0
27,18600.0,28.6,1600.0,0.9,0,6100.0,1,67000.0,48,business,0.167,0
51,20500.0,10.2,8000.0,11.4,1,48900.0,0,101000.0,12,personal,0.834,0
32,55800.0,2.7,9900.0,2.8,1,1700.0,0,103000.0,24,personal,0.26,0
62,29300.0,2.0,13500.0,1.3,0,7300.0,1,130000.0,48,medical,0.561,0
25,25000.0,4.5,1600.0,2.0,1,10600.0,0,127000.0,60,home_improvement,0.155,0
64,47500.0,8.5,2800.0,1.2,1,59400.0,0,116000.0,48,personal,0.114,0
62,24700.0,3.2,6500.0,1.9,2,24700.0,0,121000.0,36,personal,0.41,1
58,32400.0,6.7,2800.0,0.6,0,42000.0,0,89000.0,48,personal,0.148,0
32,58900.0,0.1,5700.0,6.9,3,8400.0,0,184000.0,24,home_improvement,0.237,0
59,20300.0,13.0,3800.0,13.3,2,12200.0,0,84000.0,36,personal,0.311,1
38,21700.0,7.4,4000.0,4.3,1,11800.0,0,162000.0,48,personal,0.352,0
22,19400.0,2.5,4400.0,6.6,1,16100.0,0,240000.0,36,medical,0.598,0
30,27200.0,2.4,5900.0,1.0,2,35900.0,0,74000.0,24,vehicle,0.339,0
35,41700.0,0.5,17700.0,0.3,0,27000.0,0,142000.0,60,personal,0.486,0
50,30400.0,8.5,16200.0,3.9,2,112100.0,0,229000.0,48,personal,0.702,0
64,78900.0,7.3,27800.0,6.8,2,43400.0,0,75000.0,24,education,0.395,0
37,49300.0,5.0,25000.0,7.2,0,15100.0,0,416000.0,12,medical,1.267,1
24,39800.0,0.5,8500.0,3.0,2,5500.0,0,229000.0,48,vehicle,0.343,0
27,71000.0,1.5,6000.0,3.9,2,26900.0,0,92000.0,36,medical,0.123,0
61,22100.0,3.1,6400.0,1.8,1,1600.0,0,265000.0,36,business,0.649,1
51,59300.0,1.5,19600.0,7.1,4,5800.0,0,202000.0,60,home_improvement,0.392,0
59,36100.0,2.8,14300.0,4.8,1,16400.0,0,130000.0,24,business,0.558,1
54,32700.0,1.3,2900.0,0.8,2,53900.0,0,88000.0,12,personal,0.331,0
26,52800.0,2.2,8100.0,1.3,0,10400.0,0,78000.0,24,education,0.22,0
58,33300.0,5.3,5000.0,0.7,2,20200.0,0,119000.0,48,home_improvement,0.231,0
54,43600.0,11.1,6000.0,2.8,2,7100.0,0,152000.0,60,personal,0.2,0
64,38400.0,2.4,6000.0,0.9,2,174400.0,0,587000.0,36,business,0.615,0
35,46100.0,5.9,14500.0,0.7,3,42900.0,0,150000.0,12,medical,0.607,0
34,31900.0,0.7,9900.0,0.7,0,17900.0,0,601000.0,48,vehicle,0.734,1
26,60900.0,3.9,23600.0,1.2,0,34500.0,0,154000.0,24,education,0.501,0
57,16000.0,12.7,2400.0,6.6,0,7700.0,0,150000.0,24,vehicle,0.572,0
52,53600.0,0.1,10300.0,11.1,0,8500.0,0,202000.0,36,vehicle,0.305,1
23,17100.0,1.6,3500.0,21.9,1,44000.0,0,174000.0,36,personal,0.51,0
23,28600.0,0.7,6400.0,0.2,0,32500.0,0,294000.0,60,vehicle,0.409,0
42,50800.0,3.8,3800.0,3.4,0,27100.0,0,266000.0,48,personal,0.193,0
42,16200.0,5.7,1400.0,1.2,1,3000.0,0,223000.0,36,business,0.499,1
30,43300.0,0.3,20100.0,18.0,4,30500.0,0,100000.0,36,home_improvement,0.533,1
23,21700.0,0.4,11500.0,16.6,1,39700.0,0,74000.0,24,home_improvement,0.683,0
32,25900.0,10.2,9800.0,10.9,0,34500.0,0,150000.0,24,business,0.639,0
49,25400.0,3.0,8400.0,0.1,2,43000.0,0,105000.0,36,business,0.455,0
37,21900.0,3.1,1100.0,0.7,2,20700.0,0,165000.0,48,education,0.22,0
27,18400.0,14.5,5600.0,3.2,1,84600.0,0,177000.0,24,education,0.737,0
33,101900.0,1.9,36900.0,0.8,2,63300.0,0,82000.0,60,business,0.377,0
22,37000.0,11.4,1600.0,7.7,0,16700.0,0,109000.0,24,business,0.176,0
24,23000.0,18.3,5900.0,4.8,1,3800.0,0,47000.0,48,business,0.302,0
30,31200.0,1.4,12000.0,0.8,1,19800.0,0,43000.0,48,personal,0.416,0
59,40800.0,3.6,2100.0,6.8,1,12500.0,0,212000.0,48,education,0.168,0
44,33800.0,3.8,5000.0,2.8,0,50900.0,0,92000.0,24,business,0.27,0
37,22700.0,10.1,6200.0,4.9,2,5800.0,0,475000.0,36,personal,0.901,1
26,26800.0,1.8,4700.0,0.6,3,2600.0,0,80000.0,36,vehicle,0.265,0
39,68400.0,8.0,9500.0,2.9,2,1300.0,0,146000.0,60,business,0.177,0
25,21300.0,17.7,2900.0,6.0,0,62500.0,0,183000.0,60,vehicle,0.291,0
52,16300.0,9.2,6500.0,1.7,3,67800.0,0,331000.0,48,home_improvement,0.856,0
30,33700.0,12.0,4100.0,0.8,1,156300.0,0,142000.0,24,medical,0.311,0
29,16800.0,6.2,4600.0,4.1,2,165400.0,0,92000.0,36,business,0.438,0
47,26700.0,11.7,4400.0,4.1,1,97800.0,0,313000.0,48,personal,0.429,1
33,22800.0,0.9,3100.0,0.9,0,35900.0,0,111000.0,60,personal,0.224,0
39,22900.0,6.2,4600.0,0.3,0,8200.0,0,371000.0,36,vehicle,0.687,1
41,41400.0,6.6,3900.0,0.7,2,6400.0,0,175000.0,36,medical,0.221,1
44,45100.0,2.9,8600.0,1.3,0,14100.0,0,153000.0,60,medical,0.252,0
58,27900.0,0.4,10400.0,0.1,0,46600.0,0,450000.0,48,vehicle,0.736,0
24,38500.0,4.9,10500.0,10.2,1,4100.0,0,161000.0,12,business,0.649,0
44,27300.0,0.3,4400.0,1.0,2,3700.0,0,148000.0,60,education,0.259,0
55,48100.0,2.4,8100.0,5.4,1,26700.0,0,142000.0,24,vehicle,0.301,1
23,20600.0,2.5,3900.0,2.1,2,4000.0,0,286000.0,48,vehicle,0.502,0
24,43200.0,34.2,15800.0,2.8,0,1900.0,0,353000.0,24,medical,0.733,1
57,44700.0,1.8,4100.0,3.1,2,11400.0,0,189000.0,24,business,0.282,1
60,114800.0,8.6,34200.0,5.9,2,34700.0,0,240000.0,48,medical,0.345,0
55,18200.0,0.3,4300.0,6.2,3,5500.0,0,113000.0,12,vehicle,0.795,0
51,132600.0,3.8,58700.0,0.6,1,3100.0,0,162000.0,36,personal,0.479,1
64,56400.0,3.8,9100.0,1.4,2,3100.0,0,189000.0,24,education,0.312,0
45,91300.0,5.0,35800.0,3.4,1,15200.0,0,110000.0,24,medical,0.446,1
60,60300.0,8.3,8300.0,1.6,3,11500.0,0,221000.0,36,personal,0.248,0
33,26200.0,7.2,2600.0,0.6,4,6700.0,0,282000.0,60,home_improvement,0.293,1
24,54000.0,7.2,19700.0,2.1,2,8700.0,0,311000.0,60,personal,0.468,0
34,29700.0,2.8,5700.0,1.0,2,20700.0,0,125000.0,12,home_improvement,0.571,1
33,38600.0,6.5,20700.0,0.6,2,14000.0,0,307000.0,48,vehicle,0.715,1
47,23700.0,3.4,6500.0,1.4,0,6200.0,0,163000.0,36,personal,0.481,0
26,29600.0,0.3,4200.0,1.4,0,52900.0,0,163000.0,24,vehicle,0.39,0
37,60100.0,11.0,10100.0,0.4,1,63600.0,0,91000.0,12,medical,0.304,1
56,48900.0,11.0,23800.0,3.5,0,4700.0,0,112000.0,36,business,0.555,0
60,63600.0,1.9,11200.0,1.5,2,3000.0,0,111000.0,48,business,0.215,0
55,21400.0,12.3,5300.0,0.8,1,12200.0,0,135000.0,12,education,0.815,0
37,17300.0,7.1,2700.0,6.8,2,23300.0,0,197000.0,24,education,0.668,0
61,65900.0,2.6,21400.0,0.0,2,13500.0,0,230000.0,12,personal,0.639,0
22,63700.0,2.0,37900.0,2.4,3,188400.0,0,47000.0,12,personal,0.661,1
33,44100.0,18.5,12900.0,2.3,0,16900.0,0,157000.0,24,business,0.453,0
22,48500.0,6.2,4700.0,4.4,0,17100.0,0,249000.0,48,business,0.212,1
48,59200.0,2.4,8600.0,2.0,1,26400.0,0,144000.0,36,personal,0.218,0
63,43600.0,5.1,11900.0,2.9,1,16900.0,0,144000.0,48,medical,0.347,0
46,51100.0,4.2,14600.0,9.6,0,16600.0,0,258000.0,60,vehicle,0.377,0
42,57900.0,3.7,23900.0,0.7,1,2400.0,0,144000.0,12,personal,0.637,0
63,38500.0,5.2,11700.0,0.4,3,8800.0,0,56000.0,48,vehicle,0.337,0
23,34400.0,3.9,12900.0,5.5,1,10100.0,0,71000.0,12,vehicle,0.561,1
55,47700.0,5.3,9200.0,5.4,3,26100.0,0,210000.0,12,home_improvement,0.589,0
32,111200.0,11.9,14900.0,10.1,1,67100.0,0,153000.0,36,business,0.175,0
44,27400.0,25.0,6600.0,16.3,0,18000.0,0,138000.0,48,business,0.354,0
25,33100.0,6.2,8400.0,1.9,2,6900.0,0,133000.0,48,business,0.344,0
40,18200.0,13.1,1700.0,1.9,1,2300.0,0,49000.0,24,personal,0.215,0
59,48800.0,9.8,6300.0,9.4,1,111300.0,0,83000.0,24,personal,0.206,0
59,31600.0,1.7,18600.0,7.9,0,8500.0,0,150000.0,12,vehicle,1.016,1
33,21400.0,13.5,4400.0,1.9,0,40100.0,1,64000.0,24,medical,0.34,1
61,39000.0,0.4,7400.0,0.3,0,20300.0,0,106000.0,36,personal,0.271,0
32,78600.0,2.0,21900.0,3.5,1,57100.0,0,218000.0,60,vehicle,0.329,0
33,34300.0,5.1,12100.0,1.3,0,1900.0,1,137000.0,60,personal,0.425,0
30,35700.0,3.7,8800.0,9.6,0,3500.0,0,155000.0,12,home_improvement,0.637,1
53,77300.0,3.9,6800.0,6.6,1,5000.0,0,91000.0,12,business,0.194,0
60,40000.0,7.9,11500.0,9.2,2,182300.0,0,119000.0,36,home_improvement,0.377,0
36,23300.0,1.1,5100.0,0.3,0,4000.0,0,65000.0,36,vehicle,0.303,1
55,54700.0,20.1,36200.0,8.0,0,7300.0,0,180000.0,36,personal,0.76,1
23,66600.0,2.9,28900.0,3.6,2,8400.0,0,41000.0,60,personal,0.445,1
25,36700.0,15.0,2200.0,1.0,2,40600.0,0,306000.0,48,business,0.248,1
46,42600.0,2.4,10000.0,1.4,1,209500.0,0,422000.0,24,business,0.681,0
31,22200.0,4.6,6700.0,2.4,0,42400.0,0,666000.0,60,personal,0.842,1
27,27100.0,3.0,4900.0,4.0,3,12200.0,0,465000.0,36,vehicle,0.696,0
30,34500.0,5.6,14700.0,1.1,1,1800.0,0,390000.0,36,personal,0.765,1
62,41500.0,1.0,8700.0,0.9,0,35300.0,0,73000.0,60,vehicle,0.241,0
54,30400.0,2.6,4700.0,8.9,0,20500.0,0,109000.0,12,medical,0.477,0
23,34000.0,0.4,12200.0,7.5,1,19400.0,0,171000.0,12,vehicle,0.811,1
28,38000.0,4.6,17600.0,5.8,1,18200.0,0,127000.0,24,personal,0.614,0
51,25600.0,16.4,10900.0,5.7,1,23000.0,0,127000.0,24,vehicle,0.649,1
31,35600.0,0.2,3800.0,5.8,0,100200.0,0,214000.0,36,personal,0.287,0
27,67500.0,5.4,13000.0,10.3,0,1900.0,0,107000.0,36,medical,0.24,0
22,30700.0,7.5,7400.0,7.4,1,29900.0,0,179000.0,36,medical,0.416,1
26,26800.0,1.2,12200.0,2.0,1,21600.0,0,136000.0,36,vehicle,0.607,1
61,102600.0,1.6,11400.0,2.5,0,23900.0,0,228000.0,36,home_improvement,0.178,0
52,44400.0,1.1,7500.0,3.7,1,3400.0,0,37000.0,24,medical,0.206,1
40,28300.0,1.8,7800.0,2.6,1,3500.0,0,143000.0,48,education,0.389,1
54,53600.0,0.6,19500.0,1.4,1,10500.0,0,57000.0,60,education,0.383,0
36,45000.0,2.3,4000.0,7.9,1,23400.0,0,254000.0,12,education,0.597,1
45,31100.0,2.3,2300.0,6.5,1,30600.0,1,143000.0,24,personal,0.281,0
32,39300.0,8.2,12200.0,2.0,0,26800.0,0,224000.0,48,vehicle,0.439,1
27,35200.0,8.1,6700.0,0.5,1,76200.0,0,37000.0,24,home_improvement,0.238,0
59,62700.0,8.0,11600.0,0.0,1,20600.0,0,231000.0,24,home_improvement,0.351,0
37,54500.0,4.2,12200.0,0.4,1,8900.0,0,177000.0,60,vehicle,0.282,0
31,15300.0,2.0,3200.0,0.7,2,246700.0,0,555000.0,48,business,1.025,1
26,94500.0,2.6,48800.0,4.3,1,18800.0,0,177000.0,60,business,0.55,1
43,35300.0,1.9,8200.0,1.0,2,19500.0,0,609000.0,60,business,0.543,1
47,87100.0,4.4,49200.0,4.0,1,7500.0,0,103000.0,24,medical,0.618,0
26,55400.0,13.9,8500.0,1.6,2,11700.0,0,246000.0,48,personal,0.253,0
58,44900.0,1.7,12900.0,9.0,1,12000.0,0,206000.0,24,personal,0.494,0
22,38500.0,3.1,16100.0,2.5,1,48100.0,0,155000.0,48,personal,0.509,0
42,138900.0,5.3,51300.0,4.5,2,18400.0,0,106000.0,48,business,0.386,1
40,35500.0,9.3,16800.0,2.5,0,26400.0,0,119000.0,60,vehicle,0.534,1
45,29700.0,1.5,4700.0,9.7,2,4000.0,0,204000.0,60,medical,0.282,0
35,30900.0,1.6,6400.0,4.7,1,10500.0,0,173000.0,36,medical,0.375,0
49,40200.0,10.8,22200.0,4.1,1,110800.0,0,295000.0,48,business,0.717,0
28,40100.0,0.4,6600.0,3.6,0,23900.0,0,108000.0,48,personal,0.225,0
57,63100.0,4.7,7400.0,17.9,1,9700.0,0,124000.0,48,personal,0.161,0
53,56500.0,9.8,15900.0,4.6,0,11200.0,0,95000.0,36,medical,0.332,0
42,56500.0,12.7,22300.0,5.6,1,1600.0,0,64000.0,24,personal,0.446,0
25,36200.0,0.1,3900.0,0.3,0,10000.0,1,198000.0,48,business,0.231,1
59,54400.0,2.3,16800.0,6.7,1,52000.0,0,161000.0,36,vehicle,0.398,0
38,57000.0,1.5,3300.0,3.6,3,3000.0,0,217000.0,36,personal,0.172,0
58,38700.0,4.2,5700.0,1.6,1,37300.0,0,155000.0,36,business,0.267,0
57,45500.0,5.0,8700.0,3.5,1,39500.0,1,196000.0,60,education,0.269,1
50,57000.0,35.0,30000.0,3.9,0,12100.0,0,136000.0,48,personal,0.58,1
51,44100.0,3.6,13100.0,1.2,0,17600.0,0,190000.0,12,education,0.685,0
30,46100.0,4.0,17600.0,2.3,1,71400.0,0,148000.0,24,home_improvement,0.526,0
35,75600.0,2.7,37900.0,5.1,1,2500.0,0,122000.0,36,vehicle,0.55,0
62,44300.0,0.8,6700.0,1.0,2,31200.0,0,161000.0,36,education,0.26,1
64,30500.0,1.8,8200.0,7.2,0,3600.0,0,115000.0,24,home_improvement,0.439,0
38,21900.0,1.4,6300.0,0.3,1,38900.0,0,98000.0,36,medical,0.422,1
43,42200.0,8.1,18300.0,3.5,0,3800.0,0,196000.0,24,personal,0.643,1
53,34600.0,3.9,3500.0,1.9,0,61900.0,1,268000.0,24,vehicle,0.45,0
36,57700.0,1.8,29200.0,0.2,2,8400.0,0,148000.0,36,personal,0.583,0
58,81600.0,3.4,10100.0,6.0,0,1900.0,0,143000.0,24,business,0.203,0
55,25300.0,1.2,11100.0,3.2,1,10200.0,0,894000.0,60,personal,1.075,1
54,26900.0,1.0,5100.0,5.0,0,4400.0,0,266000.0,60,personal,0.368,0
48,39700.0,9.8,14800.0,1.9,0,46300.0,0,196000.0,36,home_improvement,0.521,0
22,28000.0,14.5,600.0,7.9,0,77500.0,0,112000.0,12,personal,0.381,0
50,36300.0,0.4,9300.0,0.3,1,6400.0,0,258000.0,24,business,0.576,0
33,31500.0,7.2,7400.0,1.1,0,22300.0,0,150000.0,48,personal,0.342,0
61,25500.0,3.0,2200.0,6.3,1,21600.0,0,280000.0,24,vehicle,0.58,1
36,58200.0,2.5,27100.0,12.4,4,7200.0,0,264000.0,48,medical,0.568,0
25,41500.0,5.8,13700.0,7.5,0,12100.0,0,253000.0,12,vehicle,0.879,0
48,91500.0,1.5,15500.0,1.0,3,7500.0,0,80000.0,24,personal,0.209,0
59,47200.0,0.1,4900.0,1.7,1,7300.0,1,213000.0,24,home_improvement,0.307,0
40,71700.0,1.2,12600.0,5.8,0,37400.0,0,31000.0,60,vehicle,0.184,0
44,28900.0,1.0,9200.0,11.7,1,13500.0,0,479000.0,48,home_improvement,0.691,1
47,28800.0,0.2,12400.0,1.4,1,37300.0,0,303000.0,12,vehicle,1.377,1
50,109000.0,1.9,55900.0,2.0,3,85600.0,0,211000.0,36,vehicle,0.571,0
47,30500.0,3.2,13200.0,0.1,2,17000.0,0,159000.0,36,vehicle,0.589,0
46,26200.0,6.7,5700.0,2.8,1,4000.0,0,153000.0,36,personal,0.393,0
27,23700.0,2.0,2100.0,0.4,1,21300.0,0,248000.0,36,business,0.403,0
62,95000.0,1.1,21100.0,0.4,1,19300.0,0,226000.0,24,vehicle,0.329,0
58,35500.0,1.3,8200.0,5.7,0,8300.0,0,121000.0,24,personal,0.384,0
25,48100.0,11.1,3400.0,1.7,3,32600.0,0,85000.0,48,home_improvement,0.11,0
43,43000.0,1.1,11400.0,11.0,1,8500.0,0,821000.0,48,personal,0.695,0
48,29000.0,10.6,12600.0,5.0,1,8900.0,1,165000.0,36,medical,0.605,1
54,35100.0,3.0,1500.0,1.4,0,6600.0,0,413000.0,60,vehicle,0.255,0
35,58700.0,13.6,31800.0,4.6,0,17000.0,0,103000.0,60,medical,0.573,0
52,23100.0,2.6,1000.0,8.0,3,18000.0,0,50000.0,48,education,0.092,0
46,54400.0,1.0,18700.0,2.3,0,19100.0,0,117000.0,24,business,0.441,0
51,76500.0,4.0,44100.0,3.3,0,33000.0,0,79000.0,48,education,0.6,1
39,45800.0,4.4,11500.0,1.0,1,18000.0,0,138000.0,36,education,0.341,0
29,73100.0,5.0,41400.0,2.1,1,6100.0,0,201000.0,24,vehicle,0.69,0
49,21700.0,2.7,1200.0,3.5,1,14200.0,0,89000.0,48,personal,0.148,0
59,17600.0,0.2,3900.0,3.8,1,3600.0,0,238000.0,36,personal,0.627,0
24,44800.0,4.9,6500.0,5.1,2,66300.0,0,151000.0,24,medical,0.297,0
23,30800.0,13.5,6300.0,12.6,2,1900.0,0,338000.0,36,education,0.534,0
49,59600.0,15.8,19400.0,7.3,0,14300.0,0,71000.0,12,personal,0.433,0
31,34900.0,4.5,13400.0,7.6,1,18200.0,0,293000.0,24,business,0.762,1
53,42900.0,0.1,24700.0,3.3,1,47700.0,0,244000.0,24,personal,0.832,0
58,41600.0,0.6,11000.0,0.6,1,6100.0,1,140000.0,36,home_improvement,0.365,1
31,42200.0,9.0,4200.0,4.0,1,23100.0,0,42000.0,36,business,0.129,0
47,31400.0,8.9,14600.0,2.1,0,1600.0,1,211000.0,36,business,0.667,1
53,21700.0,14.6,1100.0,0.1,1,26900.0,0,198000.0,12,personal,0.872,1
41,36400.0,4.1,13900.0,0.9,1,17400.0,0,91000.0,36,personal,0.457,0
59,77100.0,10.0,30400.0,5.7,0,5700.0,0,100000.0,36,personal,0.433,0
51,30500.0,8.7,1300.0,4.0,0,8800.0,0,294000.0,24,personal,0.476,0
58,30400.0,4.5,12300.0,15.3,1,20000.0,0,57000.0,48,vehicle,0.447,0
22,43100.0,7.7,6600.0,10.3,0,14000.0,0,213000.0,48,business,0.264,0
47,23600.0,0.7,4900.0,3.6,1,16200.0,0,304000.0,36,personal,0.594,0
56,63000.0,5.1,24900.0,0.7,5,13700.0,0,411000.0,48,vehicle,0.542,0
31,24700.0,15.3,7000.0,1.6,1,14500.0,0,198000.0,12,personal,1.005,0
38,35200.0,0.9,11900.0,1.1,2,53800.0,0,41000.0,24,vehicle,0.39,0
21,125800.0,6.8,21100.0,2.5,0,33000.0,0,172000.0,36,education,0.209,0
55,24000.0,1.9,6700.0,6.4,0,18500.0,0,198000.0,60,personal,0.428,0
55,77900.0,8.5,24800.0,6.9,1,17300.0,0,73000.0,48,vehicle,0.339,0
51,42400.0,6.0,15500.0,0.8,1,9800.0,0,319000.0,24,vehicle,0.704,0
48,45200.0,13.0,15500.0,3.2,2,93200.0,0,204000.0,12,personal,0.749,1
59,27900.0,6.2,4600.0,4.5,1,6400.0,0,174000.0,36,education,0.352,0
21,57500.0,2.6,23200.0,2.0,0,2300.0,0,454000.0,36,vehicle,0.64,0
45,34000.0,0.1,5100.0,9.4,0,3800.0,0,149000.0,24,home_improvement,0.347,0
63,23900.0,7.9,7700.0,1.8,0,1400.0,0,175000.0,24,personal,0.652,1
58,77300.0,2.6,6300.0,2.7,1,38200.0,0,261000.0,24,home_improvement,0.233,0
40,33700.0,5.6,6300.0,3.5,1,2300.0,0,100000.0,36,home_improvement,0.276,0
23,17400.0,0.6,2300.0,2.2,2,53300.0,0,451000.0,24,vehicle,1.298,1
22,35600.0,11.1,10400.0,13.3,1,7100.0,0,55000.0,12,personal,0.431,0
38,57700.0,2.9,12900.0,5.7,1,2200.0,0,144000.0,36,business,0.298,0
64,53700.0,12.6,9300.0,7.1,0,11400.0,1,233000.0,60,personal,0.251,0
30,30100.0,6.1,5700.0,5.6,2,98300.0,0,397000.0,24,business,0.783,0
25,25900.0,0.6,7200.0,3.5,2,8400.0,0,389000.0,48,vehicle,0.616,1
29,21700.0,4.3,6200.0,0.1,2,195400.0,0,132000.0,48,vehicle,0.423,1
22,39700.0,12.0,4500.0,5.8,1,2400.0,1,56000.0,36,business,0.156,0
54,43000.0,8.0,23600.0,3.8,0,17900.0,0,462000.0,24,personal,1.032,1
58,55200.0,2.7,11100.0,0.3,0,23600.0,0,101000.0,48,personal,0.242,0
51,37500.0,15.5,7200.0,0.5,0,36600.0,0,265000.0,12,personal,0.828,0
30,37000.0,1.6,23800.0,2.6,0,39500.0,0,183000.0,36,business,0.792,1
32,35400.0,2.4,7000.0,7.7,0,14000.0,0,231000.0,36,personal,0.393,0
56,43000.0,6.9,500.0,3.2,1,57400.0,0,68000.0,36,personal,0.059,0
41,37800.0,1.3,17700.0,10.1,2,6300.0,0,134000.0,12,medical,0.787,0
26,61200.0,3.6,19700.0,6.8,1,6900.0,0,178000.0,12,business,0.584,0
23,46200.0,6.5,15500.0,4.0,1,10000.0,0,333000.0,24,business,0.66,0
30,42100.0,5.2,12800.0,1.5,2,9400.0,1,460000.0,48,vehicle,0.55,1
25,39400.0,0.8,7100.0,7.7,1,17100.0,0,79000.0,60,personal,0.216,0
46,26300.0,5.0,8800.0,4.3,2,29000.0,0,133000.0,36,education,0.486,0
41,40100.0,4.3,15200.0,3.2,1,11500.0,0,48000.0,36,home_improvement,0.415,0
46,30000.0,4.1,10700.0,2.8,1,6500.0,0,261000.0,60,education,0.513,0
58,46900.0,8.7,7500.0,1.0,1,32500.0,0,106000.0,24,business,0.262,1
64,36500.0,1.0,12400.0,0.1,1,26100.0,0,81000.0,12,personal,0.539,0
46,84900.0,7.0,39600.0,5.0,0,5600.0,0,95000.0,24,vehicle,0.517,1
28,22700.0,7.2,2300.0,10.1,2,2400.0,0,307000.0,24,vehicle,0.71,1
25,12000.0,6.4,7700.0,0.8,2,38900.0,0,197000.0,36,vehicle,1.134,0
35,45300.0,3.5,6000.0,10.9,0,19500.0,0,120000.0,24,vehicle,0.252,0
36,30000.0,2.5,4800.0,0.3,1,2100.0,0,234000.0,36,vehicle,0.394,1
21,43200.0,2.5,25700.0,3.2,1,30100.0,1,113000.0,12,vehicle,0.83,1
36,23000.0,6.6,10400.0,0.5,0,14600.0,0,96000.0,60,personal,0.527,0
57,94800.0,3.4,19400.0,8.8,1,27200.0,0,108000.0,36,personal,0.239,0
23,33700.0,2.1,9700.0,0.4,2,10000.0,0,112000.0,36,personal,0.388,0
51,29200.0,4.9,1000.0,1.2,1,5800.0,0,194000.0,48,personal,0.184,0
33,94000.0,9.1,3100.0,6.6,2,143100.0,0,111000.0,60,education,0.054,0
36,58600.0,0.3,34000.0,4.7,0,47700.0,0,144000.0,36,business,0.654,0
63,75000.0,17.9,15100.0,2.0,3,19100.0,0,123000.0,36,personal,0.251,0
41,37100.0,0.5,11600.0,7.3,0,9400.0,0,128000.0,24,home_improvement,0.468,0
22,41000.0,3.6,5900.0,4.0,2,78500.0,0,199000.0,48,vehicle,0.253,0
47,30700.0,4.1,6300.0,1.2,1,313600.0,0,356000.0,48,vehicle,0.466,0
58,29100.0,0.7,3500.0,5.4,0,5700.0,0,226000.0,12,vehicle,0.819,1
46,48000.0,12.4,13700.0,1.6,1,14500.0,0,169000.0,48,home_improvement,0.365,1
58,34000.0,3.2,1600.0,6.8,1,9900.0,0,85000.0,24,personal,0.16,0
45,109000.0,0.8,5500.0,6.1,2,16000.0,0,163000.0,24,home_improvement,0.118,0
31,58600.0,6.2,13100.0,1.5,1,230200.0,0,164000.0,24,home_improvement,0.349,0
28,93700.0,5.4,16800.0,0.4,0,4100.0,0,274000.0,60,vehicle,0.232,0
28,14700.0,16.5,6900.0,6.9,0,12000.0,0,136000.0,36,home_improvement,0.747,0
53,94200.0,2.9,36700.0,1.8,1,2300.0,0,206000.0,60,medical,0.429,0
27,13700.0,1.6,7500.0,1.6,1,44600.0,0,76000.0,12,vehicle,1.047,1
58,22800.0,0.3,9300.0,0.1,1,3900.0,0,272000.0,36,personal,0.766,1
41,18200.0,6.6,2600.0,5.2,2,4600.0,0,309000.0,36,vehicle,0.652,1
28,44800.0,4.8,12700.0,1.3,1,14600.0,0,181000.0,36,business,0.405,1
41,39800.0,18.0,2800.0,2.3,4,3900.0,0,140000.0,60,personal,0.134,0
40,57400.0,6.2,23900.0,9.2,0,18700.0,0,55000.0,36,vehicle,0.445,0
28,38600.0,13.5,17900.0,0.5,1,69200.0,0,681000.0,24,personal,1.258,1
51,69700.0,23.9,21500.0,0.2,1,77100.0,0,192000.0,36,home_improvement,0.391,0
49,26400.0,2.8,8900.0,3.3,2,34600.0,0,136000.0,24,business,0.569,0
29,70400.0,0.8,7200.0,4.8,0,17600.0,0,187000.0,12,vehicle,0.341,0
35,39600.0,1.1,6500.0,3.0,0,26400.0,0,82000.0,36,education,0.226,0
50,115900.0,1.9,32100.0,1.7,0,1300.0,0,174000.0,48,home_improvement,0.311,0
46,59400.0,3.6,20100.0,1.8,1,2000.0,0,159000.0,36,business,0.419,0
30,35000.0,0.7,1300.0,0.6,2,22200.0,0,73000.0,24,personal,0.131,0
49,39500.0,1.8,5100.0,1.5,1,2500.0,0,152000.0,24,home_improvement,0.302,0
36,25500.0,1.8,7400.0,5.7,1,2900.0,0,74000.0,48,education,0.355,0
56,47200.0,0.0,800.0,2.8,2,8500.0,0,125000.0,48,education,0.077,0
40,35000.0,2.2,16700.0,8.9,1,47100.0,0,81000.0,24,medical,0.581,0
57,55600.0,0.6,11600.0,0.7,3,2300.0,0,192000.0,36,business,0.312,0
42,22000.0,2.8,8000.0,2.3,0,74000.0,0,166000.0,24,vehicle,0.703,0
27,34600.0,1.1,6300.0,4.8,0,4400.0,0,105000.0,48,medical,0.25,0
43,23800.0,8.6,13400.0,1.3,1,4200.0,1,209000.0,60,personal,0.721,1
61,24500.0,0.4,9900.0,1.2,2,39900.0,0,269000.0,24,personal,0.898,1
60,52700.0,10.0,22100.0,0.4,1,6200.0,0,337000.0,12,business,0.995,0
49,66600.0,4.3,11700.0,8.9,0,38000.0,0,163000.0,12,business,0.396,0
36,14000.0,3.1,3700.0,0.8,0,2400.0,0,319000.0,24,education,1.29,1
58,92800.0,4.0,23000.0,14.0,2,18300.0,0,57000.0,48,personal,0.262,0
48,75500.0,2.4,20100.0,2.4,1,1800.0,0,391000.0,24,home_improvement,0.499,0
58,21900.0,0.7,1300.0,16.0,3,2100.0,0,167000.0,60,home_improvement,0.197,0
51,58200.0,7.3,3600.0,0.2,3,21600.0,0,142000.0,12,personal,0.281,1
34,32600.0,13.1,15500.0,3.3,2,45800.0,0,134000.0,36,home_improvement,0.599,0
53,38400.0,15.0,6100.0,4.7,1,18100.0,0,79000.0,36,personal,0.221,0
29,52600.0,5.6,22400.0,2.9,0,24300.0,0,193000.0,24,personal,0.591,1
47,49800.0,2.6,6400.0,3.4,0,10600.0,0,322000.0,36,home_improvement,0.322,0
44,31000.0,3.3,8300.0,3.1,2,7900.0,0,319000.0,24,vehicle,0.731,1
33,31000.0,5.3,20300.0,0.6,0,9300.0,1,166000.0,36,education,0.815,1
46,31800.0,8.7,9900.0,3.0,0,34000.0,0,96000.0,60,home_improvement,0.366,1
49,67100.0,2.3,1600.0,3.1,0,9300.0,0,68000.0,24,education,0.069,0
63,17400.0,12.4,4600.0,1.8,1,9400.0,1,80000.0,24,personal,0.471,1
48,37300.0,2.0,9800.0,3.7,3,3300.0,0,132000.0,48,medical,0.342,0
48,81400.0,3.8,26400.0,2.1,1,53700.0,0,203000.0,24,business,0.437,1
28,55100.0,16.3,2000.0,5.6,2,23100.0,0,172000.0,60,personal,0.092,0
43,64400.0,13.9,23200.0,0.2,2,47100.0,0,187000.0,36,education,0.447,0
49,37500.0,5.9,5300.0,0.0,0,9100.0,0,108000.0,12,personal,0.401,0
25,23800.0,2.0,8000.0,3.0,0,59300.0,0,184000.0,24,personal,0.684,1
62,41200.0,1.2,13300.0,18.1,1,2700.0,0,90000.0,24,education,0.421,1
27,29400.0,0.4,7400.0,2.4,4,3400.0,0,120000.0,24,personal,0.435,0
62,109500.0,6.2,24700.0,0.0,1,9300.0,0,157000.0,36,home_improvement,0.269,0
56,37400.0,3.5,6000.0,1.5,1,9300.0,0,334000.0,12,personal,0.964,0
61,53500.0,4.2,23500.0,2.5,1,27900.0,0,114000.0,36,vehicle,0.503,1
47,86300.0,3.2,4600.0,9.3,2,23300.0,0,171000.0,36,business,0.113,0
22,24500.0,3.3,11800.0,0.5,1,2000.0,0,70000.0,36,education,0.567,0
45,14400.0,4.2,5200.0,10.3,2,12100.0,0,188000.0,36,home_improvement,0.753,1
29,50000.0,12.3,11400.0,11.3,1,57300.0,0,150000.0,24,personal,0.363,0
47,54500.0,0.1,14900.0,4.1,0,11400.0,0,180000.0,60,business,0.333,0
21,33300.0,8.1,7600.0,1.0,2,4100.0,0,198000.0,12,home_improvement,0.763,1
43,23900.0,2.5,2800.0,3.1,1,4100.0,0,221000.0,48,business,0.325,0
30,46100.0,6.8,11400.0,6.8,0,11000.0,0,497000.0,24,home_improvement,0.732,1
62,39700.0,14.8,7000.0,1.8,3,24700.0,0,274000.0,12,home_improvement,0.797,0
45,46400.0,1.8,13600.0,9.4,0,143900.0,0,687000.0,48,home_improvement,0.626,0
23,24100.0,0.5,1100.0,0.4,2,4200.0,0,61000.0,48,vehicle,0.103,0
26,46500.0,1.3,17900.0,1.5,2,7800.0,0,195000.0,12,vehicle,0.762,0
26,58000.0,1.3,6600.0,20.0,2,74700.0,0,140000.0,36,medical,0.186,1
22,20400.0,6.8,2400.0,3.5,1,14400.0,1,69000.0,48,education,0.194,0
38,77400.0,0.3,11100.0,3.6,0,214000.0,0,384000.0,24,vehicle,0.367,0
43,45000.0,0.3,4500.0,1.1,1,13500.0,0,347000.0,36,personal,0.331,0
22,58900.0,5.9,9300.0,7.8,1,34300.0,0,360000.0,60,vehicle,0.268,0
32,22600.0,4.1,5400.0,2.2,1,5500.0,0,172000.0,48,vehicle,0.41,1
42,54600.0,2.7,11100.0,6.3,0,200.0,0,97000.0,60,business,0.235,1
57,19100.0,4.3,7100.0,6.7,0,13500.0,0,258000.0,36,vehicle,0.777,0
40,26200.0,6.6,4700.0,0.8,3,3800.0,0,165000.0,36,business,0.368,1
59,45200.0,0.5,15200.0,2.8,2,3300.0,0,338000.0,60,personal,0.471,0
44,35400.0,4.0,9700.0,1.9,2,22900.0,0,358000.0,36,personal,0.577,1
40,40600.0,8.7,8200.0,0.7,1,12200.0,0,111000.0,36,vehicle,0.284,0
21,95500.0,2.3,20300.0,0.5,0,17300.0,1,175000.0,36,personal,0.268,0
21,40300.0,7.2,17100.0,0.2,0,1900.0,0,104000.0,12,medical,0.657,0
37,55200.0,9.3,21000.0,4.8,0,7400.0,0,312000.0,36,business,0.55,0
21,38900.0,8.6,6600.0,6.1,3,79500.0,0,177000.0,60,personal,0.252,0
50,38400.0,5.3,11100.0,2.6,2,3100.0,0,81000.0,48,business,0.337,0
61,25800.0,6.3,3800.0,3.3,0,4200.0,0,85000.0,36,vehicle,0.246,1
23,47400.0,7.7,19300.0,1.2,1,43300.0,0,172000.0,36,education,0.516,0
31,125600.0,6.6,40900.0,5.0,5,17100.0,0,95000.0,36,personal,0.348,0
44,41800.0,3.0,12500.0,3.5,0,13900.0,0,134000.0,24,vehicle,0.443,0
42,35600.0,0.9,13900.0,8.6,0,18000.0,0,65000.0,24,medical,0.473,0
64,67000.0,1.9,12800.0,5.5,1,3900.0,0,125000.0,24,medical,0.275,1
46,63600.0,1.2,15100.0,0.1,1,3000.0,0,93000.0,60,medical,0.264,1
33,48900.0,2.2,11800.0,6.6,0,2100.0,0,272000.0,24,education,0.492,0
21,34900.0,3.4,3700.0,0.1,1,76300.0,0,115000.0,36,home_improvement,0.205,0
44,67200.0,16.0,13700.0,6.7,1,2000.0,0,149000.0,48,home_improvement,0.254,0
30,42400.0,16.0,5900.0,17.5,2,14300.0,0,150000.0,48,personal,0.219,0
55,60500.0,7.3,11000.0,2.6,0,7000.0,0,244000.0,24,business,0.363,0
44,27800.0,19.6,6200.0,1.0,2,51300.0,0,454000.0,24,education,0.958,0
48,30800.0,31.1,13300.0,0.0,0,13600.0,0,176000.0,24,home_improvement,0.689,1
56,41900.0,10.8,12600.0,0.7,0,2900.0,0,72000.0,12,personal,0.455,0
36,23000.0,0.4,3100.0,2.8,1,18600.0,0,56000.0,36,personal,0.208,1
60,34000.0,2.8,6500.0,6.6,2,19200.0,0,216000.0,48,education,0.334,0
36,22600.0,3.8,7000.0,8.2,1,4900.0,0,126000.0,24,medical,0.561,0
37,20000.0,0.7,4900.0,4.6,1,9200.0,1,147000.0,12,business,0.906,1
35,120100.0,8.3,21300.0,0.4,1,41000.0,0,275000.0,48,education,0.229,0
36,30500.0,0.8,5600.0,19.0,0,66100.0,0,211000.0,48,education,0.339,0
35,31700.0,2.4,3900.0,5.5,0,14000.0,0,178000.0,48,business,0.249,1
54,41600.0,0.4,8900.0,2.2,2,65100.0,0,61000.0,36,home_improvement,0.258,0
31,24900.0,3.7,3400.0,6.7,0,19700.0,0,158000.0,12,medical,0.708,1
21,32000.0,4.5,2500.0,3.6,3,8700.0,0,154000.0,36,education,0.222,1
35,91600.0,6.6,47900.0,3.7,2,16500.0,0,66000.0,12,home_improvement,0.588,0
46,47200.0,2.1,11800.0,14.2,1,5000.0,1,163000.0,36,vehicle,0.354,1
24,62600.0,4.5,2800.0,6.5,2,7200.0,1,200000.0,24,personal,0.188,0
63,81500.0,6.6,37900.0,1.2,0,39600.0,0,123000.0,12,personal,0.601,1
25,44100.0,7.2,10800.0,0.8,0,1000.0,0,149000.0,12,personal,0.549,0
55,36300.0,1.8,1700.0,0.8,1,8100.0,0,121000.0,36,home_improvement,0.147,0
33,21100.0,0.4,5900.0,2.4,1,14200.0,0,378000.0,48,vehicle,0.683,1
30,33800.0,0.2,5200.0,2.0,0,36700.0,0,104000.0,48,personal,0.223,0
31,37300.0,7.3,9700.0,2.4,1,9800.0,0,110000.0,24,personal,0.393,0
38,27900.0,2.4,10000.0,0.3,1,33400.0,1,94000.0,12,personal,0.662,0
54,80400.0,0.7,12300.0,0.9,2,16400.0,0,219000.0,60,business,0.202,1
59,65900.0,1.0,5500.0,6.4,1,2800.0,0,151000.0,48,home_improvement,0.135,0
61,62500.0,7.3,20000.0,5.7,2,7300.0,0,43000.0,36,personal,0.341,1
62,38100.0,4.6,11900.0,2.0,1,12200.0,0,423000.0,24,business,0.812,0
43,25200.0,3.5,3500.0,2.0,2,18500.0,0,61000.0,48,personal,0.193,0
27,73000.0,4.9,5400.0,8.6,2,8100.0,0,67000.0,24,personal,0.115,0
59,46700.0,0.7,12600.0,0.8,2,5800.0,0,175000.0,36,business,0.382,0
23,56800.0,1.9,28800.0,1.8,0,26600.0,0,181000.0,36,vehicle,0.603,1
32,53000.0,2.3,9600.0,5.8,3,9500.0,0,115000.0,36,home_improvement,0.246,0
27,46200.0,1.9,28600.0,3.4,1,19400.0,0,90000.0,36,home_improvement,0.677,1
46,98700.0,10.0,50900.0,0.2,3,25700.0,0,214000.0,60,vehicle,0.555,1
53,29900.0,4.4,7800.0,0.0,1,72100.0,1,239000.0,60,medical,0.405,0
57,34900.0,6.5,20900.0,0.1,1,22200.0,0,144000.0,36,business,0.723,0
35,84000.0,1.4,13900.0,4.3,0,27300.0,0,96000.0,60,education,0.186,0
22,41600.0,1.5,15300.0,3.9,2,22100.0,0,326000.0,36,personal,0.603,0
61,37900.0,1.3,11500.0,0.2,2,14800.0,1,160000.0,48,home_improvement,0.398,1
27,35800.0,5.8,20000.0,0.6,1,3300.0,0,151000.0,48,business,0.654,1
52,54500.0,2.1,8900.0,5.1,1,8200.0,0,175000.0,60,home_improvement,0.221,0
24,36200.0,2.6,11900.0,1.5,0,3000.0,0,237000.0,24,business,0.623,0
40,34400.0,6.2,6400.0,19.2,1,4700.0,0,175000.0,48,education,0.3,0
56,54100.0,17.8,20000.0,1.5,0,7600.0,0,143000.0,60,personal,0.417,0
52,41900.0,0.9,16400.0,1.6,2,30700.0,0,111000.0,12,business,0.63,0
48,25500.0,0.3,10900.0,2.2,1,8400.0,0,89000.0,60,education,0.49,0
33,40700.0,1.1,16700.0,7.0,2,4800.0,0,121000.0,60,personal,0.464,0
21,75200.0,6.6,10600.0,3.3,1,8000.0,0,136000.0,36,home_improvement,0.195,0
55,56600.0,1.1,24900.0,7.8,0,63200.0,0,175000.0,36,business,0.533,0
50,79500.0,4.4,3500.0,2.2,1,2900.0,0,404000.0,12,medical,0.501,0
56,28900.0,4.5,9300.0,3.7,2,24100.0,0,69000.0,12,home_improvement,0.537,0
45,65000.0,1.7,4600.0,0.0,1,26000.0,0,474000.0,12,education,0.727,1
36,30000.0,0.4,3400.0,3.4,2,41400.0,0,153000.0,36,home_improvement,0.266,1
39,23100.0,2.5,9100.0,0.3,0,5300.0,0,223000.0,12,personal,1.263,1
21,28000.0,1.0,2800.0,0.9,0,4300.0,0,241000.0,48,vehicle,0.294,0
25,42600.0,1.0,5700.0,24.0,1,4100.0,0,171000.0,24,personal,0.314,0
42,63700.0,3.7,10800.0,4.1,1,23500.0,0,243000.0,24,home_improvement,0.341,0
44,46200.0,5.6,12200.0,8.1,1,13900.0,0,133000.0,24,home_improvement,0.394,0
63,37500.0,0.4,2600.0,0.2,2,3900.0,1,163000.0,24,home_improvement,0.265,0
57,25200.0,4.3,7100.0,1.9,1,3500.0,0,211000.0,48,vehicle,0.47,1
56,55100.0,1.4,17100.0,7.9,0,5900.0,0,49000.0,24,vehicle,0.35,0
56,61900.0,5.6,2300.0,2.1,0,6900.0,0,273000.0,48,personal,0.136,0
24,45900.0,8.3,10700.0,1.2,1,5500.0,0,449000.0,48,education,0.453,0
56,25000.0,8.2,9000.0,2.6,2,12700.0,0,359000.0,36,home_improvement,0.791,1
38,57800.0,2.3,32600.0,2.5,1,11700.0,0,275000.0,36,vehicle,0.707,0
36,69700.0,4.2,4000.0,18.7,0,2700.0,0,355000.0,24,personal,0.287,0
61,80000.0,7.9,16200.0,1.8,1,6800.0,0,161000.0,36,personal,0.263,0
38,33000.0,0.3,9400.0,12.6,0,41200.0,0,322000.0,36,personal,0.578,1
42,48800.0,4.7,24500.0,9.7,1,21100.0,0,245000.0,48,business,0.615,0
22,31600.0,9.1,4700.0,2.4,2,5100.0,0,104000.0,36,personal,0.247,0
41,26500.0,2.3,6400.0,11.6,1,28700.0,0,196000.0,36,education,0.463,1
56,81800.0,3.0,29600.0,5.2,0,50200.0,0,136000.0,48,personal,0.399,0
64,51700.0,6.0,9400.0,8.7,3,11300.0,0,135000.0,36,home_improvement,0.26,0
59,71800.0,0.4,31000.0,8.9,1,62700.0,0,108000.0,48,personal,0.466,0
59,23100.0,2.4,7000.0,0.4,2,37000.0,0,172000.0,24,education,0.638,1
49,45700.0,1.8,12700.0,9.1,2,26400.0,0,267000.0,48,personal,0.409,0
46,50400.0,0.1,4600.0,2.7,1,6600.0,0,68000.0,24,home_improvement,0.152,0
41,27600.0,1.1,700.0,4.1,0,1700.0,1,116000.0,24,business,0.214,0
37,78400.0,2.5,7200.0,1.4,2,2900.0,0,116000.0,48,personal,0.125,0
36,35900.0,1.1,4900.0,4.1,3,2300.0,0,183000.0,24,education,0.366,0
51,49200.0,4.6,5200.0,0.1,1,33500.0,0,349000.0,48,business,0.265,0
29,31300.0,3.0,4900.0,1.9,0,8800.0,0,219000.0,24,personal,0.471,0
51,23400.0,0.2,2800.0,4.0,2,10600.0,0,52000.0,24,vehicle,0.22,0
34,60500.0,1.6,17500.0,0.9,1,90300.0,0,233000.0,36,personal,0.405,1
57,47600.0,0.1,4800.0,4.5,1,2200.0,0,154000.0,12,vehicle,0.392,1
22,44700.0,2.2,6400.0,7.1,0,24200.0,0,233000.0,36,home_improvement,0.3,0
34,35400.0,1.5,22500.0,0.2,0,9400.0,1,85000.0,48,home_improvement,0.69,1
53,47000.0,5.8,13000.0,3.7,0,1400.0,0,188000.0,60,vehicle,0.349,0
55,71000.0,1.8,15600.0,3.5,3,17900.0,0,213000.0,48,medical,0.287,0
59,29500.0,2.4,900.0,6.1,2,3500.0,0,382000.0,48,vehicle,0.322,0
40,51600.0,6.5,20100.0,4.8,0,1100.0,0,110000.0,24,business,0.485,1
22,44000.0,3.3,10000.0,2.4,3,1000.0,1,258000.0,24,business,0.491,1
61,36900.0,4.1,14500.0,1.8,3,4800.0,0,92000.0,60,vehicle,0.438,1
39,19100.0,9.2,700.0,17.0,0,6200.0,0,117000.0,36,education,0.22,0
57,39900.0,1.2,7600.0,2.8,0,10300.0,0,347000.0,36,home_improvement,0.451,0
38,54300.0,22.6,28200.0,2.1,0,1000.0,0,549000.0,36,vehicle,0.823,0
36,46400.0,11.5,24900.0,19.8,2,5800.0,0,459000.0,60,business,0.715,0
24,21000.0,1.7,4800.0,0.8,3,22000.0,1,71000.0,48,medical,0.305,0
32,70300.0,11.2,15000.0,0.8,1,18700.0,0,190000.0,48,vehicle,0.274,1
49,84300.0,7.0,3000.0,15.0,1,3200.0,0,78000.0,60,personal,0.052,0
27,38200.0,13.4,9300.0,4.3,0,71200.0,0,460000.0,24,personal,0.785,0
34,113500.0,5.9,16100.0,2.9,0,2200.0,0,225000.0,48,vehicle,0.186,0
32,27600.0,5.6,8300.0,0.3,1,1600.0,0,244000.0,12,vehicle,1.096,0
55,22600.0,0.0,8700.0,1.8,0,14900.0,0,159000.0,12,education,1.018,1
25,25400.0,3.2,7700.0,2.3,1,4300.0,0,257000.0,12,vehicle,1.214,1
37,44800.0,1.1,1700.0,2.9,3,25800.0,1,112000.0,12,vehicle,0.263,1
62,18000.0,2.0,1700.0,2.3,0,3900.0,0,179000.0,36,education,0.393,0
52,34900.0,19.3,18400.0,2.3,1,24400.0,0,305000.0,60,home_improvement,0.685,0
30,150300.0,0.4,34400.0,21.1,0,78300.0,0,99000.0,24,personal,0.259,0
63,20400.0,6.4,4900.0,14.6,1,35800.0,0,115000.0,24,vehicle,0.494,0
37,31400.0,0.9,9500.0,0.4,1,6800.0,0,133000.0,36,personal,0.43,0
25,25200.0,0.0,3700.0,0.7,1,6400.0,0,156000.0,48,business,0.286,0
62,35300.0,3.5,7000.0,11.4,2,6100.0,0,106000.0,12,education,0.469,0
29,34300.0,0.9,4100.0,1.5,3,21400.0,0,135000.0,36,medical,0.238,1
53,29700.0,16.8,14600.0,3.8,0,6900.0,0,281000.0,36,vehicle,0.775,1
56,37400.0,1.1,9200.0,6.4,0,4100.0,0,102000.0,36,vehicle,0.328,0
56,53400.0,1.1,30600.0,2.5,1,15300.0,0,498000.0,36,personal,0.853,1
38,74900.0,0.2,31500.0,0.1,0,48000.0,0,236000.0,24,education,0.562,0
29,35300.0,2.0,6000.0,7.0,0,18500.0,0,231000.0,24,education,0.464,0
49,40200.0,0.1,12400.0,5.6,0,60400.0,0,148000.0,36,vehicle,0.419,0
34,49400.0,3.5,17600.0,0.2,1,10700.0,0,210000.0,60,education,0.433,0
45,23000.0,3.5,2400.0,9.1,0,11900.0,0,595000.0,36,business,0.88,0
35,37500.0,0.3,4200.0,7.8,3,16700.0,0,126000.0,24,business,0.263,0
26,32000.0,1.4,9200.0,1.3,0,41800.0,0,97000.0,24,business,0.424,0
62,61600.0,8.9,9600.0,0.3,0,16100.0,0,163000.0,36,personal,0.235,0
49,88300.0,3.1,23100.0,2.1,1,3200.0,0,101000.0,36,medical,0.296,0
35,28300.0,2.9,15400.0,8.3,1,150600.0,0,195000.0,48,business,0.699,1
49,71400.0,6.0,16400.0,2.6,3,79300.0,0,120000.0,36,business,0.28,0
24,20800.0,6.3,800.0,1.3,1,26800.0,0,209000.0,12,home_improvement,0.943,1
38,43900.0,7.2,14400.0,1.1,3,5800.0,0,80000.0,36,home_improvement,0.383,0
64,45100.0,8.9,6400.0,1.8,1,7900.0,0,142000.0,24,personal,0.284,0
59,20600.0,1.3,2200.0,20.4,3,27600.0,0,89000.0,60,vehicle,0.185,0
36,27600.0,0.3,3100.0,8.4,1,5000.0,0,95000.0,12,personal,0.422,0
31,26500.0,2.4,8400.0,3.2,0,9000.0,0,133000.0,24,education,0.543,0
34,22200.0,9.7,8200.0,6.6,2,5600.0,0,199000.0,36,personal,0.638,1
23,12100.0,0.4,3700.0,1.5,0,14900.0,0,102000.0,24,medical,0.685,0
62,36600.0,4.3,3400.0,3.8,0,21300.0,0,163000.0,48,home_improvement,0.193,0
58,38600.0,6.0,11500.0,8.2,2,32600.0,0,354000.0,36,business,0.573,0
62,38500.0,3.3,11000.0,1.8,0,3300.0,0,130000.0,12,home_improvement,0.59,0
38,56600.0,1.5,16400.0,6.4,1,6600.0,0,59000.0,36,medical,0.321,0
40,16800.0,2.0,3600.0,3.8,0,5700.0,0,174000.0,36,personal,0.525,0
45,33800.0,0.4,13900.0,3.8,3,5900.0,0,351000.0,36,vehicle,0.723,1
58,127000.0,1.7,33300.0,0.2,1,14600.0,0,46000.0,36,education,0.273,0
33,59800.0,0.2,25000.0,9.2,1,6200.0,0,73000.0,48,vehicle,0.446,1
24,60000.0,6.5,7500.0,6.0,1,3100.0,0,166000.0,24,education,0.249,0
34,25400.0,11.4,5200.0,0.1,3,16600.0,0,184000.0,36,vehicle,0.422,0
53,36700.0,5.0,3900.0,3.8,0,900.0,0,171000.0,24,education,0.316,0
48,14300.0,5.3,1600.0,5.5,1,6800.0,0,449000.0,60,personal,0.677,0
57,52200.0,3.2,9000.0,6.3,1,48200.0,0,223000.0,24,medical,0.365,1
28,75400.0,0.8,22400.0,0.4,0,67500.0,0,225000.0,48,personal,0.364,0
64,20900.0,0.0,2800.0,4.1,0,27300.0,0,120000.0,24,personal,0.392,0
54,23800.0,2.1,9000.0,1.1,1,8200.0,0,128000.0,60,business,0.475,1
64,39600.0,7.0,6200.0,2.4,2,29900.0,0,261000.0,60,education,0.275,0
25,43000.0,16.1,7700.0,3.0,2,166200.0,0,51000.0,24,business,0.232,0
25,31500.0,2.8,3500.0,0.1,0,20200.0,0,193000.0,24,personal,0.387,0
51,27800.0,2.3,6000.0,1.4,1,35600.0,0,84000.0,48,personal,0.284,0
29,27900.0,3.0,7100.0,6.4,2,146400.0,0,245000.0,36,business,0.518,1
62,39300.0,2.8,1800.0,7.4,1,28600.0,0,366000.0,48,education,0.255,0
52,52200.0,4.9,26300.0,1.6,1,5500.0,0,75000.0,12,personal,0.633,1
53,39300.0,6.6,3700.0,2.3,1,1500.0,0,225000.0,36,vehicle,0.266,1
23,37600.0,7.7,9800.0,7.1,1,31300.0,1,299000.0,36,home_improvement,0.499,1
50,18200.0,5.2,2800.0,0.9,0,4900.0,0,166000.0,24,education,0.564,1
32,59300.0,2.9,9500.0,5.3,0,23200.0,0,185000.0,36,business,0.254,0
49,39200.0,15.0,3000.0,2.1,1,3200.0,0,559000.0,36,business,0.504,1
23,33000.0,6.2,4100.0,17.4,0,7200.0,0,308000.0,24,personal,0.544,0
46,45000.0,2.8,29100.0,3.7,0,34600.0,0,404000.0,48,personal,0.849,0
50,27500.0,3.0,8900.0,0.6,3,1100.0,1,182000.0,24,personal,0.621,1
29,33300.0,8.5,3800.0,0.8,0,217200.0,0,262000.0,12,home_improvement,0.822,0
46,42100.0,2.9,2600.0,0.1,1,2600.0,0,162000.0,48,vehicle,0.148,0
22,29600.0,3.6,3800.0,5.0,0,6900.0,0,181000.0,60,business,0.238,0
23,19100.0,1.7,5500.0,2.3,1,9700.0,0,82000.0,24,personal,0.481,0
24,17800.0,9.1,1400.0,0.0,1,9300.0,0,67000.0,24,vehicle,0.248,0
45,49000.0,3.7,10200.0,0.4,2,4800.0,0,167000.0,60,vehicle,0.27,0
33,39600.0,4.0,2800.0,1.4,2,94800.0,0,163000.0,24,business,0.256,1
59,39000.0,10.6,15900.0,2.2,0,6500.0,0,158000.0,48,business,0.499,0
64,23800.0,12.7,9800.0,11.2,4,46000.0,0,126000.0,12,home_improvement,0.888,1
55,39800.0,8.7,8300.0,3.1,1,3900.0,0,93000.0,60,vehicle,0.251,0
43,33500.0,0.3,5800.0,9.0,1,2100.0,0,79000.0,48,vehicle,0.226,0
29,30600.0,2.9,6200.0,1.2,0,33600.0,0,75000.0,12,business,0.423,0
22,38800.0,2.1,14000.0,1.6,2,58100.0,0,222000.0,48,medical,0.49,0
61,45900.0,1.2,13900.0,8.5,1,15200.0,1,818000.0,48,education,0.704,1
64,88200.0,12.0,30100.0,2.7,1,235300.0,0,440000.0,12,vehicle,0.79,0
51,51800.0,11.0,12500.0,3.6,1,10200.0,0,33000.0,48,business,0.256,0
64,59000.0,3.1,6900.0,3.4,0,17700.0,0,67000.0,60,personal,0.137,0
22,66000.0,0.7,11700.0,4.1,1,6300.0,1,231000.0,60,personal,0.24,1
52,28500.0,0.1,3700.0,3.6,0,7500.0,0,186000.0,24,personal,0.423,0
38,34700.0,2.9,900.0,4.7,0,55000.0,0,359000.0,36,personal,0.336,0
33,26700.0,0.2,7700.0,0.6,0,92400.0,0,104000.0,36,home_improvement,0.405,0
25,29500.0,4.7,8400.0,5.0,2,48800.0,0,118000.0,12,vehicle,0.645,0
62,33100.0,4.7,4500.0,0.7,0,4900.0,0,178000.0,24,medical,0.378,0
64,29200.0,11.5,16200.0,1.7,0,8100.0,0,419000.0,36,personal,0.985,0
30,44400.0,1.1,13100.0,7.1,0,1900.0,0,208000.0,36,personal,0.436,0
63,48800.0,2.3,8400.0,3.7,1,89600.0,0,129000.0,24,business,0.291,0
45,22300.0,9.8,3300.0,13.7,0,66400.0,0,87000.0,36,home_improvement,0.265,0
54,34900.0,3.2,16200.0,1.2,3,22600.0,0,336000.0,60,vehicle,0.637,0
57,35000.0,0.3,15700.0,10.1,2,29100.0,0,94000.0,36,personal,0.529,1
50,20700.0,0.6,4800.0,4.1,4,28100.0,0,106000.0,48,personal,0.347,0
27,28400.0,8.4,2700.0,1.8,1,4600.0,0,153000.0,48,vehicle,0.216,0
26,59500.0,6.8,18100.0,6.2,1,3700.0,0,221000.0,24,home_improvement,0.471,0
23,59100.0,10.4,20100.0,12.4,0,17200.0,0,139000.0,12,vehicle,0.552,0
33,19300.0,0.6,5900.0,6.0,2,30500.0,0,108000.0,36,personal,0.474,1
23,49600.0,7.1,11500.0,0.0,1,12200.0,0,74000.0,36,personal,0.277,0
46,20700.0,5.3,700.0,0.0,0,21700.0,0,102000.0,48,vehicle,0.145,0
44,33500.0,1.3,9300.0,0.5,0,36300.0,0,258000.0,36,personal,0.509,0
26,38400.0,18.2,17000.0,7.6,0,41300.0,0,91000.0,36,personal,0.514,0
63,56300.0,4.2,5000.0,5.5,1,3800.0,1,292000.0,24,personal,0.322,1
62,37100.0,11.9,19200.0,4.1,0,900.0,0,397000.0,36,home_improvement,0.839,0
32,25400.0,9.8,9100.0,4.7,1,3400.0,0,68000.0,12,vehicle,0.599,0
56,23600.0,2.0,6900.0,3.9,1,22100.0,0,385000.0,24,home_improvement,1.026,0
22,43300.0,3.8,20500.0,1.7,2,1100.0,1,91000.0,60,business,0.511,1
31,30200.0,2.8,6000.0,5.1,0,14800.0,0,62000.0,12,education,0.383,1
59,33400.0,6.2,3400.0,10.9,1,39500.0,0,123000.0,60,home_improvement,0.168,0
54,62100.0,4.4,22000.0,5.5,0,13400.0,0,141000.0,36,home_improvement,0.422,0
46,48800.0,7.7,16300.0,8.1,0,30200.0,0,118000.0,48,personal,0.388,0
38,82000.0,0.1,28800.0,1.1,2,7100.0,0,100000.0,36,home_improvement,0.388,1
41,25400.0,5.8,3300.0,1.7,0,19000.0,0,220000.0,12,home_improvement,0.909,1
56,29200.0,1.9,8900.0,2.8,2,11900.0,1,147000.0,48,personal,0.418,1
60,43600.0,1.3,5300.0,2.6,0,4900.0,0,168000.0,48,personal,0.208,1
64,91000.0,8.1,24200.0,2.5,2,3200.0,0,378000.0,48,vehicle,0.359,0
42,28100.0,0.5,1500.0,4.1,2,2100.0,0,89000.0,36,vehicle,0.148,0
50,40800.0,1.3,10500.0,7.7,1,41300.0,0,219000.0,24,education,0.499,0
63,72700.0,1.1,12700.0,8.7,2,21300.0,0,375000.0,60,business,0.268,0
50,41000.0,2.7,8300.0,0.7,2,4300.0,0,182000.0,60,vehicle,0.282,0
28,63500.0,1.9,6800.0,0.4,1,3500.0,0,212000.0,48,education,0.182,0
54,96800.0,6.4,7400.0,1.5,0,13700.0,0,118000.0,24,vehicle,0.131,0
29,45800.0,6.0,6500.0,5.3,3,18500.0,0,71000.0,24,home_improvement,0.212,0
40,49300.0,2.0,6500.0,6.3,0,6700.0,0,140000.0,48,personal,0.196,0
60,56100.0,2.9,20300.0,1.9,0,6200.0,0,214000.0,24,home_improvement,0.534,1
45,26700.0,1.2,7100.0,1.5,1,12500.0,0,122000.0,24,vehicle,0.472,0
39,20600.0,5.6,3200.0,0.6,2,12100.0,0,266000.0,12,home_improvement,1.317,1
25,43100.0,2.5,3200.0,1.1,0,6100.0,0,170000.0,36,home_improvement,0.193,0
31,30300.0,0.7,3400.0,0.4,1,14500.0,0,117000.0,36,home_improvement,0.228,0
35,64500.0,0.7,5000.0,1.4,3,700.0,1,245000.0,24,vehicle,0.248,0
28,46200.0,1.9,4900.0,4.5,1,20400.0,0,310000.0,36,business,0.307,0
39,64000.0,6.9,12000.0,0.6,3,33300.0,0,98000.0,36,personal,0.233,0
43,23400.0,0.1,5400.0,1.6,2,8600.0,0,201000.0,24,home_improvement,0.617,0
47,63000.0,1.5,29100.0,3.0,2,75400.0,0,80000.0,12,business,0.576,0
60,14300.0,0.9,100.0,1.6,1,5600.0,0,57000.0,48,home_improvement,0.097,0
52,24300.0,15.7,6400.0,2.3,2,15200.0,0,96000.0,24,medical,0.441,0
46,53300.0,6.1,8200.0,2.7,1,4100.0,0,178000.0,48,home_improvement,0.229,0
47,32000.0,1.3,17600.0,6.0,0,13600.0,0,228000.0,36,vehicle,0.764,1
39,33400.0,1.2,5000.0,7.4,0,9800.0,0,156000.0,36,medical,0.29,0
62,42100.0,9.8,3700.0,0.9,1,3000.0,0,79000.0,36,vehicle,0.144,0
49,76100.0,1.1,28500.0,1.8,2,22600.0,0,265000.0,36,vehicle,0.479,0
59,16900.0,29.1,2900.0,3.4,2,20000.0,1,237000.0,24,personal,0.803,0
61,70400.0,1.7,1600.0,2.8,2,10100.0,0,106000.0,24,business,0.09,0
53,72300.0,0.4,16400.0,0.3,1,3400.0,0,219000.0,36,personal,0.318,0
39,32000.0,5.9,10300.0,1.7,0,31300.0,0,162000.0,36,vehicle,0.474,1
57,29400.0,4.7,9800.0,1.0,2,18800.0,0,264000.0,24,vehicle,0.737,1
39,38100.0,35.0,2900.0,2.2,2,136700.0,0,85000.0,48,personal,0.126,0
53,29100.0,8.1,7500.0,1.6,1,3400.0,0,293000.0,24,personal,0.711,1
36,46900.0,2.8,13100.0,4.8,2,14000.0,0,213000.0,48,medical,0.381,0
43,49700.0,5.6,20100.0,2.1,1,165400.0,0,616000.0,36,vehicle,0.776,1
27,19900.0,8.5,900.0,1.1,0,38800.0,0,168000.0,24,home_improvement,0.425,0
46,26500.0,3.6,7100.0,3.9,3,16200.0,0,159000.0,48,vehicle,0.403,0
52,23500.0,1.6,10000.0,5.2,1,3700.0,1,70000.0,24,home_improvement,0.56,0
32,44200.0,1.2,8600.0,0.5,1,34500.0,0,329000.0,12,vehicle,0.864,1
28,59400.0,1.7,10200.0,1.2,1,7600.0,0,294000.0,24,home_improvement,0.394,0
25,24800.0,9.4,6800.0,0.9,2,8000.0,1,194000.0,12,personal,0.978,1
62,59200.0,2.4,8600.0,0.9,0,103600.0,0,46000.0,36,home_improvement,0.169,0
48,26500.0,1.7,9600.0,9.3,1,57600.0,0,382000.0,36,vehicle,0.795,0
25,55500.0,8.2,19500.0,0.5,1,16200.0,0,73000.0,24,vehicle,0.411,0
46,35300.0,0.2,16500.0,8.2,3,9600.0,0,341000.0,60,personal,0.641,0
25,32900.0,4.5,4800.0,2.0,0,1500.0,0,45000.0,12,medical,0.269,1
42,67100.0,10.3,8000.0,4.1,1,23400.0,0,404000.0,24,home_improvement,0.39,0
35,89700.0,2.6,24700.0,2.3,0,13200.0,0,113000.0,24,business,0.332,0
33,16800.0,1.6,6400.0,3.7,1,27600.0,0,120000.0,24,home_improvement,0.702,0
48,52600.0,3.4,4100.0,3.2,1,500.0,0,65000.0,24,medical,0.134,0
53,43500.0,6.3,2600.0,2.3,1,3800.0,0,155000.0,24,personal,0.22,0
63,54000.0,3.6,14000.0,1.3,2,6500.0,0,259000.0,36,business,0.403,0
43,21000.0,0.0,3500.0,10.7,1,14700.0,0,183000.0,48,personal,0.363,0
53,24600.0,0.4,5000.0,9.9,1,12600.0,0,306000.0,36,personal,0.576,0
63,29700.0,6.4,1600.0,0.3,0,6400.0,0,151000.0,36,personal,0.206,0
